Date,Close,High,Low,Open,Volume,RSI_6,RSI_14,RSI_23,MA_20,MA_50,MA_200,EMA_9,EMA_21,KC_upper,KC_middle,KC_lower,OBV,MACD,MACD_signal,MACD_hist,Stoch_K,Stoch_D
2022-01-03,150.24000549316406,151.64999389648438,145.02000427246094,145.13999938964844,59396600,,,,,,,,,155.59999084472656,,142.3400115966797,59396600,,,,,
2022-01-04,144.4199981689453,152.4199981689453,140.6999969482422,151.00999450683594,80200500,,,,,,,,,156.5833282470703,,138.23333740234375,-20803900,,,,,
2022-01-05,136.14999389648438,143.75999450683594,135.2899932861328,142.82000732421875,65403200,,,,,,,,,153.34555053710938,,135.4655558268229,-86207100,,,,,
2022-01-06,136.22999572753906,138.0,131.77000427246094,136.19000244140625,64802900,,,,,,,,,150.39999516805014,,133.87500127156576,-21404200,,,,,
2022-01-07,132.0,137.44000244140625,131.1300048828125,136.27999877929688,58441100,,,,,,,,,148.2866628011068,,132.54266866048175,-79845300,,,,,
2022-01-10,132.0,132.4199981689453,125.02999877929688,129.0800018310547,84671300,0.497235048783196,,,,,,,,146.43999650743274,,130.8566682603624,4826000,,,,,
2022-01-11,137.30999755859375,138.99000549316406,131.58999633789062,133.4499969482422,77153900,36.634364983265996,,,,,,,,146.00047447567894,,130.529047648112,81979900,,,,,
2022-01-12,137.47000122070312,140.57000732421875,135.77000427246094,138.58999633789062,69669600,37.45570513907675,,,,,,,,145.59249941507974,,130.8550001780192,151649500,,,,,
2022-01-13,132.74000549316406,141.25,131.80999755859375,139.44000244140625,76618100,25.65787718727718,,,,,,137.77877478144535,,145.4940739384404,,130.2962962962963,75031400,,,,,
2022-01-14,136.8800048828125,137.0,131.42999267578125,131.67999267578125,71078400,44.13852704354263,,,,,,137.59902080171878,,145.01200052897136,,130.21999918619792,146109800,,,,,
2022-01-18,131.92999267578125,136.38999938964844,131.58999633789062,134.5,56527400,32.53440302162571,,,,,,136.46521517653127,,144.38393980084044,,130.06393802527225,89582400,,,,,
2022-01-19,128.27000427246094,134.57000732421875,128.02000427246094,133.5500030517578,69831800,26.380711570276716,,,,,,134.8261729957172,,143.75500106811523,,129.53666559855142,19750600,,,,,
2022-01-20,121.88999938964844,128.50999450683594,121.41000366210938,126.04000091552734,91157300,18.902044456037686,,,,,,132.23893827450345,,142.77666688576724,,128.5597432454427,-71406700,,,,,
2022-01-21,118.80999755859375,125.0199966430664,118.38999938964844,120.13999938964844,95685300,16.235680642353884,18.7681614361738,,,,,129.55315013132153,,141.67619033086868,,127.52761877150762,-167092000,,,,1.2341997767006399,
2022-01-24,116.52999877929688,116.7699966430664,107.5,115.4000015258789,116210100,14.427778281165459,17.503754606640655,,,,,126.9485198609166,,140.42244398328995,,125.98111097547742,-283302100,,,,20.102402376186234,
2022-01-25,111.12999725341797,114.81999969482422,109.86000061035156,114.0999984741211,85102900,10.959367810523489,14.937060093571034,,,,,123.7848153394169,,138.95208279291788,,124.79333321253459,-368405000,,,,10.011025381522387,10.44920917813642
2022-01-26,110.70999908447266,117.16000366210938,108.62999725341797,114.55000305175781,94752600,10.718868014268637,14.755824025640678,,,,,121.16985208842806,,137.8782351624732,,123.54882303873698,-463157600,,,,9.5111083984375,13.208178718715374
2022-01-27,102.5999984741211,112.75,101.94000244140625,111.95999908447266,125954100,7.105685346773299,11.782866888782763,,,,,117.45588136556667,,136.69462938661928,,121.96018487435799,-589111700,,,,1.6789521081274115,7.067028629362433
2022-01-28,105.23999786376953,105.4000015258789,99.3499984741211,101.55000305175781,98749500,17.91435834217353,17.6026405872541,,,,,115.01270466520725,,135.25701743678042,,120.66122757761102,-490362200,,,,14.05727726766446,8.415779258076457
2022-01-31,114.25,114.30999755859375,106.9000015258789,107.93000030517578,97206000,44.40619034308409,33.68264325059005,,126.83999938964844,,,114.8601637321658,,134.45566635131837,,119.84866638183594,-393156200,,,,35.560861535234416,17.09903030367543
2022-02-01,116.77999877929688,117.26000213623047,112.7300033569336,116.75,122467900,49.858933323318034,37.37818870565734,,125.16699905395508,,,115.24413074159202,124.1345399350102,133.77301558237227,126.60158708360461,119.43015858483693,-270688300,,,,41.59904455948624,30.405727787461704
2022-02-02,122.76000213623047,130.05999755859375,120.63999938964844,129.88999938964844,180065000,60.772006127477795,45.157393852794634,,124.08399925231933,,,116.74730502051972,124.00958195330294,132.74000004359655,125.43571399507069,118.13142794654483,-90623300,,,,55.87112842382724,44.3436781728493
2022-02-03,120.08000183105469,125.37000274658203,118.81999969482422,120.31999969482422,103599500,54.40405900447297,42.603110865714385,38.850895681335196,123.28049964904785,,,117.4138443826267,123.65234739673491,131.33079395596943,124.27269829644096,117.2146026369125,-194222800,,,,55.05976764087175,50.84331354139508
2022-02-04,123.5999984741211,124.95999908447266,118.58000183105469,120.33999633789062,86212000,60.866967806250635,46.855115214808585,42.40384968911973,122.64899978637695,,,118.65107520092559,123.64758840377002,130.46841309562564,123.50984143453931,116.55126977345301,-108010800,,,,65.46976080077332,58.800218955157426
2022-02-07,123.66999816894531,127.62999725341797,122.79000091552734,123.55999755859375,81672500,60.998888816584845,46.939296766694376,42.473340550262584,122.23249969482421,,,119.65485979452954,123.64962565514958,129.89571465386285,123.00333343990265,116.11095222594246,-26338300,,,,69.05165696673805,63.19372846946104
2022-02-08,128.22999572753906,128.7100067138672,122.05000305175781,122.37999725341797,84902800,69.1330666406605,52.24592916312473,46.841333547687576,122.04399948120117,,,121.36988698113146,124.0660229344577,129.56984189956907,122.66079372829861,115.75174555702816,58564500,-4.612042475291702,,,94.04102284073346,76.18748020274826
2022-02-09,132.85000610351562,132.9600067138672,127.6500015258789,129.60000610351562,92948900,75.37675886303586,56.944225761417,50.798418184996976,121.82099990844726,,,123.66591080560829,124.86456685891751,129.5344456263951,122.72444479806083,115.91444396972656,151513400,-3.3527637123428065,,,99.67271471769091,87.58846484172079
2022-02-10,125.7699966430664,131.75999450683594,124.61000061035156,128.83999633789062,108939900,54.94011078572811,48.98976163867816,45.38568968677269,121.23599967956542,,,124.08672797309993,124.94687865747649,129.11380985804968,122.31571451822917,115.51761917840867,42573500,-2.8927282429190484,,,78.60753255544249,90.77375670462227
2022-02-11,113.18000030517578,127.16999816894531,111.80999755859375,126.13999938964844,164723200,34.80403562817294,38.650438484621056,37.88169700894851,120.25799942016602,,,121.90538243951511,123.87716244363097,128.63809518965462,121.33714282323442,114.03619045681423,-122149700,-3.503666221260147,,,41.14846307802978,73.14290345038773
2022-02-14,114.2699966430664,118.37000274658203,113.45999908447266,115.51000213623047,135146400,37.19546191954559,39.83435072068793,38.79759382483553,119.12749900817872,,,120.37830528022538,123.00378373448872,127.47476184178913,120.38952370295449,113.30428556411987,12996700,-3.8554422374932784,,,44.39153380302184,54.715843145498035
2022-02-15,121.47000122070312,121.87999725341797,114.36000061035156,117.19000244140625,143975900,51.342740621469595,47.096789608045476,44.45343331477809,118.6044994354248,,,120.59664446832093,122.86434896050821,126.81206294468471,119.63396817161923,112.45587339855376,156972600,-3.5127542242177867,,,65.81373794613845,50.45124494239669
2022-02-16,117.69000244140625,119.54000091552734,114.22000122070312,119.05000305175781,119109600,44.96204442705724,44.08796088558945,42.30752933320958,118.07549934387207,,,120.01531606293801,122.39395382240804,126.06761859712147,118.86476207914806,111.66190556117466,37863000,-3.5057734415188833,,,54.56709155339292,54.92412110085107
2022-02-17,112.37000274658203,116.9800033569336,112.26000213623047,116.26000213623047,98179600,37.16211554422705,40.19579439401969,39.50179280466659,117.59949951171875,,,118.48625339966682,121.4826855427875,125.19872949993798,118.08301592630053,110.96730235266307,-60316600,-3.884739773276152,,,20.990023529329104,47.12361767628682
2022-02-18,113.83000183105469,115.63999938964844,109.88999938964844,113.9000015258789,114321200,40.55805416667354,41.71649158138619,40.63141202485119,117.35049972534179,,,117.5550030859444,120.78698702353904,124.61936490497891,117.56793660966176,110.5165083143446,54004600,-4.020913014800115,-3.8456997984216135,-0.17521321637850162,17.078462030959393,30.87852570456047
2022-02-22,115.6500015258789,119.19999694824219,113.61000061035156,115.2699966430664,141648500,45.00404916453308,43.64039117112699,42.041767496815886,117.3064998626709,,,117.17400277393132,120.31998834193357,124.35142844063895,117.34952399844215,110.34761955624535,195653100,-3.936593920511825,-3.863878622839656,-0.07271529767216922,24.967491580220067,21.011992380169517
2022-02-23,109.76000213623047,118.6500015258789,109.04000091552734,117.4000015258789,120299400,34.87415647663764,39.13780718144999,38.91405086065704,117.23800010681153,,,115.69120264639115,119.35998959596056,124.31444464789494,117.29634954058933,110.27825443328372,75353700,-4.295527984041257,-3.950208495079976,-0.3453194889612812,3.0100378184402294,15.018663809873225
2022-02-24,116.61000061035156,116.95999908447266,104.26000213623047,104.55999755859375,142956600,50.441864671412745,46.10249646587156,43.98116713769738,117.53300018310547,,,115.87496223918325,119.10999059726882,124.71507953462147,117.32841310046967,109.9417466663179,218310300,-3.981353620106887,-3.9564375200853585,-0.024916100021528553,43.031346704886296,23.669625367848862
2022-02-25,121.05999755859375,121.2300033569336,116.04000091552734,117.16000366210938,127821000,58.22626425312596,50.09761249104491,46.968788046013614,118.4560001373291,,,116.91196930306535,119.28726395738926,124.90253969222779,117.67492106604197,110.44730243985614,346131300,-3.3348485514084416,-3.8321197263499753,0.4972711749415337,58.53656007934569,34.8593148675574
2022-02-28,123.33999633789062,124.61000061035156,119.19999694824219,120.30999755859375,124666100,61.90527575011673,52.05841008027058,48.44167788442783,119.36100006103516,,,118.19757471003041,119.65569417379847,125.43682558574375,118.46634952605717,111.49587346637061,470797400,-2.6084432695907225,-3.587384434998125,0.9789411654074027,66.48080543000138,56.01623740474445
2022-03-01,113.83000183105469,122.43000030517578,112.80000305175781,122.33000183105469,126552200,42.965507110485326,44.24858721306474,43.208572948905854,119.34000015258789,,,117.32406013423528,119.12608577900357,126.22746034652467,119.08650837247333,111.94555639842199,344245200,-2.7682285135028906,-3.4235532506990785,0.6553247371961879,33.34494135335867,52.78743562090191
2022-03-02,118.27999877929688,119.4800033569336,113.30999755859375,115.47000122070312,118354500,51.32719701278738,48.16708870657762,46.059211529431494,119.4150001525879,,,117.5152478632476,119.04916877903024,126.41619097997273,119.33428615993924,112.25238133990577,462599700,-2.506884107437486,-3.24021942204676,0.733335314609274,50.98182011880219,50.26918896738741
2022-03-03,111.9800033569336,118.26000213623047,111.05000305175781,118.12999725341797,123916700,41.0923903200015,43.50511650553713,42.87399469313094,118.87600021362304,,,116.4081989619848,118.40651737702144,126.45682598295666,119.24730210077195,112.03777821858723,338683000,-2.776122351678069,-3.147400007973022,0.37127765629495313,33.69708667639739,39.34128271618607
2022-03-04,108.41000366210938,113.0,106.80999755859375,112.0,100609400,36.185803299158486,41.07878836205448,41.18661915936277,118.29250030517578,,,114.8085599020097,117.49774340293853,125.58492145841083,118.52920689658512,111.47349233475941,238073600,-3.240213574511472,-3.1659627212807124,-0.07425085323075953,20.393129420409664,35.02401207186974
2022-03-07,102.94999694824219,109.52999877929688,102.81999969482422,108.52999877929688,92600000,29.68138445824043,37.62281659251791,38.748246898313454,117.26000022888184,,,112.43684731125622,116.17522099796612,124.81523858933221,117.7519051688058,110.68857174827939,145473600,-4.002448389239163,-3.333259854872403,-0.6691885343667598,0.5965913169160721,18.228935804574366
2022-03-08,105.52999877929688,109.9000015258789,100.08000183105469,102.80999755859375,135348300,36.18562894892813,40.183665061802266,40.48875050128244,116.35300025939941,,,111.05547760486435,115.20747352354165,124.15952446347191,116.93238140287853,109.70523834228516,280821900,-4.348216848565741,-3.536251253611071,-0.8119655949546702,22.21768128599314,14.402467341106282
2022-03-09,111.05000305175781,111.70999908447266,106.8499984741211,108.41000366210938,102310300,48.432001507012465,45.35293319180403,44.04521278065096,115.49400062561035,,,111.05438269424306,114.8295216624704,123.45444536965991,116.22634972466362,108.99825407966735,383132200,-4.129223513214285,-3.654845705531714,-0.4743778076825711,44.7207573037538,22.511676635554327
2022-03-10,106.45999908447266,109.06999969482422,103.06999969482422,108.88999938964844,102557400,40.648298776283674,42.09530683563044,41.87000402407736,114.1745002746582,,,110.13550597228898,114.0686559735615,122.46444508386037,115.26777818467883,108.07111128549728,280574800,-4.276745022643013,-3.779225568953974,-0.4975194536890388,26.008958707338525,30.982465765695142
2022-03-11,104.29000091552734,108.19000244140625,104.08000183105469,108.12999725341797,87584400,37.25182023382952,40.61018577832699,40.872342505267895,113.10050048828126,,,108.96640496093667,113.17968733192203,121.18666694277809,114.0471431187221,106.9076192946661,192990400,-4.516691984844698,-3.9267188521321192,-0.5899731327125788,17.162655091633606,29.29745703424197
2022-03-14,102.25,105.23999786376953,101.04000091552734,102.98999786376953,89731700,34.04285699069639,39.20970413718304,39.93708178196403,112.55400047302246,,,107.62312396874934,112.18607939265638,119.8777783106244,112.8787305317228,105.8796827528212,103258700,-4.815947461485308,-4.104564574002757,-0.711382887482551,8.84630361570492,17.33930580489234
2022-03-15,109.33000183105469,109.69000244140625,101.79000091552734,102.66000366210938,112425500,51.457767402736906,46.150535938428675,44.54154586816901,112.30700073242187,120.08259994506835,,107.96449954121042,111.92643597796531,119.0249213566856,112.38111162942555,105.7373019021655,215684200,-4.430737817498667,-4.16979922270194,-0.2609385947967269,37.708929719992184,21.23929614244356
2022-03-16,115.37000274658203,115.41999816894531,109.88999938964844,111.5999984741211,113689800,61.78676347054716,51.26293719897901,48.09071348391364,112.00200080871582,119.38519989013672,,109.44560018228475,112.239487502385,118.96841321672711,112.29507991245815,105.62174660818917,329374000,-3.596619216356004,-4.055163221432752,0.45854400507674864,62.331845399160734,36.29569291161926
2022-03-17,111.69000244140625,114.2699966430664,109.70999908447266,112.13999938964844,103201700,53.46856977835791,48.25687295572027,46.20713468073947,111.70200080871582,118.73059997558593,,109.89448063410906,112.1895343150233,118.47761959499783,111.94523862808471,105.41285766117157,226172300,-3.1956816561430514,-3.8832669083748126,0.6875852522317611,47.329805088087944,49.12352673574694
2022-03-18,113.45999908447266,114.93000030517578,110.55000305175781,111.27999877929688,105834800,56.82352407732951,49.782195756859004,47.2461136966341,111.75650062561036,118.2768000793457,,110.60758432418179,112.30503111224597,118.23428611149865,111.74666716560486,105.25904821971108,332007100,-2.7039424490519224,-3.6474020165102345,0.9434595674583122,59.865763610277526,56.50913803250872
2022-03-21,115.91999816894531,117.56999969482422,112.54000091552734,113.7300033569336,101905900,61.45816739813987,51.90428040740455,48.68618520716827,111.86100044250489,117.87060012817383,,111.67006709313449,112.63366448103682,118.31920647999598,111.81682574559773,105.31444501119947,433913000,-2.0916232863410897,-3.3362462704764058,1.244622984135316,81.64945923721005,62.948342645191836
2022-03-22,114.77999877929688,117.94999694824219,113.80999755859375,115.43000030517578,101672600,57.99622550813827,50.83227037715488,48.050701875188885,111.81750030517578,117.52620010375976,,112.29205343036698,112.82878578087863,118.35650792197575,111.93079388330852,105.5050798446413,332240400,-1.6789900100428383,-3.0047950183896925,1.3258050083468542,80.8580676649227,74.12443017080342
2022-03-23,113.91999816894531,117.55000305175781,112.20999908447266,114.29000091552734,90579200,55.182283009079356,49.993414601692834,47.5610927122901,112.02550010681152,117.16460006713868,,112.61764237808265,112.92798690706651,118.26873052687873,111.85492088681175,105.4411112467448,241661200,-1.4051720786116277,-2.6848704304340796,1.2796983518224518,77.4482379381246,79.98525494675245
2022-03-24,120.52999877929688,120.55000305175781,113.70999908447266,114.95999908447266,121961300,69.03798847674908,56.003167627411855,51.529660121191974,112.22150001525878,116.82900009155273,,114.20011365832549,113.61907889545108,118.41206396193732,112.13015892392113,105.84825388590495,363622500,-0.6473355072501761,-2.277363445797299,1.6300279385471228,99.90227517700045,86.06952692668257
2022-03-25,119.66999816894531,121.4000015258789,117.25,119.91999816894531,95852400,65.85911453440096,55.07575747405219,51.0046205169395,112.15200004577636,116.47300003051758,,115.29409056044946,114.16916246576874,118.33015938410684,112.45539698525081,106.58063458639478,267770100,-0.11481590023150545,-1.8448539366841403,1.7300380364526349,91.88553760930128,89.74535024147542
2022-03-28,120.23999786376953,120.41000366210938,116.70999908447266,117.69999694824219,92966100,67.06525152820981,55.60056164459588,51.348111630882876,111.99700012207032,116.22299987792968,,116.28327202111349,114.72105659285972,118.24381026010666,112.44000014047775,106.63619002084884,360736200,0.3491788205267312,-1.4060473852419662,1.7552262057686974,94.30253621151859,95.3634496659401
2022-03-29,123.2300033569336,123.70999908447266,119.58999633789062,122.27999877929688,94143000,73.05691923215939,58.34922556494022,53.149379275889316,112.46700019836426,115.94999984741212,,117.67261828827752,115.49459720777554,118.17254045274524,112.43015894814144,106.68777744353764,454879200,0.9472471588030942,-0.9353884764329541,1.8826356352360483,97.88268298937673,94.69025227006551
2022-03-30,119.22000122070312,125.66999816894531,118.58999633789062,123.04000091552734,99476900,56.51131459406876,53.560235415011,50.526515884374476,112.51400032043458,115.69580001831055,,117.98209487476265,115.83327029985986,118.28000083802239,112.65904768686447,107.03809453570655,355402300,1.0851381689920885,-0.5312831473479456,1.616421316340034,73.81243334346249,88.6658841814526
2022-03-31,109.33999633789062,116.37999725341797,109.0199966430664,116.30999755859375,147004800,33.84722876468071,43.98208053156691,44.82820040245159,112.38199996948242,115.31719985961914,,116.25367516738825,115.24297266695356,118.07746075826977,112.39984118749223,106.7222216167147,208397500,0.3926576516338258,-0.3464949875515913,0.7391526391854171,33.69872654456537,68.46461429246817
2022-04-01,108.19000244140625,111.41999816894531,106.0999984741211,110.4800033569336,111867100,32.05177391306819,43.0177842872717,44.221321022903965,112.37099990844726,115.0431999206543,,114.64094062219186,114.60179355554016,117.74015904986668,112.15253945002479,106.5649198501829,96530400,-0.2460962001656668,-0.3264152300744064,0.08031902990873963,26.80067948903498,44.770613125687596
2022-04-04,110.52999877929688,110.94000244140625,107.02999877929688,109.97000122070312,90123900,39.8435181735354,45.62993874812327,45.78271898490125,112.75,114.87759994506835,,113.81875225361287,114.2316303940635,117.63603210449219,112.156983875093,106.67793564569382,186654300,-0.5570734850182362,-0.3725468810631724,-0.18452660395506376,22.63669072180623,27.712032251802174
2022-04-05,106.81999969482422,110.4800033569336,106.05000305175781,109.69000244140625,79532000,32.707664017709575,42.31767700188122,43.75263780568066,112.81450004577637,114.6833999633789,,112.41900174185514,113.55784578504175,117.65523868136937,112.2847618224129,106.91428496345642,107122300,-1.0903225840484936,-0.5161020216602367,-0.5742205623882569,3.924550635549721,17.787306948796964
2022-04-06,103.66999816894531,105.73999786376953,101.70999908447266,104.44999694824219,105256600,27.66031226365844,39.68371940933032,42.095753339032925,112.44549980163575,114.53419998168945,,110.66920102727319,112.6589505472148,117.30984170096261,112.21507917131696,107.12031664167132,1865700,-1.7469671841104315,-0.7622750541502756,-0.9846921299601559,8.18029699234354,11.580512783233148
2022-04-07,103.72000122070312,105.23999786376953,100.91000366210938,103.91999816894531,91895500,27.8723352310344,39.74783004476608,42.132121090534405,112.30849990844726,114.39440002441407,,109.27936106595918,111.84631879025919,116.97127000112384,111.90174587189206,106.8322217426603,93761200,-2.2375350212368517,-1.0573270475675909,-1.1802079736692608,11.348942576776192,7.817930068223137
2022-04-08,101.0,102.98999786376953,100.41999816894531,102.51000213623047,92746700,23.396180626253667,37.41795389507484,40.67915428057389,112.1439998626709,114.36240005493164,,107.62348885276735,110.86028980932653,116.58269851926772,111.67650773790146,106.7703169565352,1014500,-2.81336422153457,-1.4085344823609869,-1.4048297391735833,2.2970369546720297,7.275425507930573
2022-04-11,97.37000274658203,98.66999816894531,95.94000244140625,98.5999984741211,95527700,18.609934658046186,34.51062529456728,38.81171062361942,111.9,114.20500015258789,,105.5727916315303,109.63390007634975,116.12682524181548,111.28634897867839,106.4458727155413,-94513200,-3.5220237551284157,-1.8312323369144727,-1.690791418213943,4.809957990848831,6.1519791740990035
2022-04-12,95.0999984741211,99.58999633789062,94.5999984741211,98.77999877929688,89246400,16.13323604901548,32.794608262054865,37.68081780706096,111.18849983215333,113.8220001220703,,103.47823300004846,108.31263629432895,115.85904742044116,110.98095206608848,106.1028567117358,-183759600,-4.218187277483693,-2.308623325028317,-1.9095639524553762,1.6092694075027374,2.905421451007852
2022-04-13,97.73999786376953,98.33000183105469,94.70999908447266,95.30000305175781,77728400,29.270050297570094,36.7346132223551,39.81309176265828,110.3069995880127,113.44120010375977,,102.33058597279269,107.35148734609628,115.17857118636842,110.50428529769654,105.82999940902467,-106031200,-4.5049457863942735,-2.7478878173015087,-1.7570579690927648,10.106209914676995,5.5084791043428405
2022-04-14,93.05999755859375,98.38999938964844,92.91999816894531,98.37000274658203,73354400,21.954499691331492,33.03701139245068,37.439024644145036,109.37549934387206,112.84720001220703,,100.4764682899529,106.05226100177785,114.28190455361019,109.61047569153801,104.93904682946584,-179385600,-5.0516090779890135,-3.20863206943901,-1.8429770085500037,0.42747905236164124,4.047652791513777
2022-04-18,93.88999938964844,95.16000366210938,91.63999938964844,92.02999877929688,80605800,25.896155557815405,34.300081208291815,38.12314676245076,108.39699935913086,112.3233999633789,,99.15917450989201,104.94660085522062,113.35968271891277,108.73777734665643,104.11587197440011,-98779800,-5.356127361769808,-3.6381311279051696,-1.7179962338646382,6.611813343257749,5.715167436765448
2022-04-19,96.93000030517578,97.06999969482422,92.83999633789062,93.38999938964844,77069500,39.35738346386326,38.84965572031152,40.609962128294335,107.44749946594239,111.79,,98.71333966894878,104.21781898703473,112.52555592854817,107.9107931227911,103.29603031703404,-21710300,-5.291164378743815,-3.968737778072899,-1.3224266006709162,15.545110506279734,7.5281343006330275
2022-04-20,94.0199966430664,97.91000366210938,93.19999694824219,97.83999633789062,62489000,32.56274940206977,36.26113387657764,39.039788234745124,106.40949935913086,111.19699996948242,,97.77467106377232,103.29074422849214,111.54365152025979,106.94412643190414,102.34460134354848,-84199300,-5.412106329433101,-4.25741148834494,-1.154694841088161,9.620038233323188,10.592320694286876
2022-04-21,89.8499984741211,96.2300033569336,89.23999786376953,95.16000366210938,76680600,25.108761017381724,32.880274504928764,36.9022425251588,105.20599937438965,110.42940002441406,,96.18973654584208,102.06885825082205,110.54889000786677,105.81365034315323,101.07841067843967,-160879900,-5.777834420180369,-4.561496074712026,-1.2163383454683432,2.7502281422837345,9.305125627295537
2022-04-22,88.13999938964844,91.45999908447266,87.94000244140625,90.02999877929688,75017700,22.566747403628483,31.57997842817423,36.05589370939877,103.58649940490723,109.53519989013672,,94.57978911460336,100.80259835435172,109.25365157354446,104.6050789242699,99.95650627499535,-235897600,-6.134939439097778,-4.876184747589177,-1.2587546915086012,0.869551948879076,4.413272774828652
2022-04-25,90.69000244140625,91.37000274658203,88.61000061035156,89.86000061035156,93481000,34.443423745283525,35.66578965934288,38.2633380085046,102.13749961853027,108.83360000610351,,93.80183177996393,99.88327145317484,107.72412775433254,103.26984090653679,98.815554058741,-142416600,-6.14138968695157,-5.129225735461656,-1.0121639514899137,12.200531891307872,5.273437327490213
2022-04-26,85.16000366210938,90.12000274658203,85.08000183105469,89.73999786376953,89127400,24.617442471104468,31.300479550784686,35.48595828832498,100.38349990844726,108.2732000732422,,92.07346615639302,98.54479256307798,106.21158817836216,101.71492040724982,97.21825263613746,-231544000,-6.517595456844148,-5.406899679738155,-1.1106957771059935,0.3872306215742036,4.485771487253703
2022-04-27,84.91000366210938,87.9000015258789,84.0199966430664,84.25,83125100,24.242263060887765,31.115069323339412,35.36463568445376,98.46749992370606,107.68600021362305,,90.6407736575363,97.30526629935355,104.62444535512772,100.11920614091179,95.61396692669581,-314669100,-6.75801199500107,-5.677122142790738,-1.0808898522103316,4.194189292386282,5.593983935089438
2022-04-28,89.63999938964844,90.58000183105469,84.77999877929688,86.66999816894531,91495400,43.71712288695187,38.533721929219865,39.45877206404383,96.98849983215332,107.04940017700196,,90.44061880395874,96.60842385301672,103.09285808744885,98.50761885870071,93.92237962995257,-223173700,-6.492036552385855,-5.840105024709762,-0.6519315276760933,29.62573740084201,11.402385771600818
2022-04-29,85.5199966430664,91.79000091552734,85.37999725341797,88.05000305175781,82647700,34.45824249630874,34.99809335698157,37.30686846214381,95.79749984741211,106.40600006103516,,89.45649437178028,95.6003850157485,101.46111212836372,96.90777757432726,92.3544430202908,-305821400,-6.538329099324798,-5.9797498396327695,-0.5585792596920287,9.63391155684242,14.484612750023556
2022-05-02,89.83999633789062,90.37000274658203,85.31999969482422,85.66000366210938,98304100,48.24912492069996,41.10058955479408,40.84337143129037,94.87999954223633,105.95539993286133,,89.53319476500235,95.07671331776142,100.25254095168341,95.8092062813895,91.36587161109561,-207517300,-6.155471955609215,-6.014894262828059,-0.1405776927811564,37.37957488052427,25.54640794606955
2022-05-03,91.12999725341797,92.20999908447266,89.01000213623047,89.8499984741211,126381800,51.8774807894145,42.82668876210048,41.867106223322544,93.90999946594238,105.5013998413086,,89.85255526268548,94.71792094827563,99.30460430326916,94.96222214471726,90.61983998616536,-81135500,-5.682458770483905,-5.948407164359228,0.2659483938753233,49.47807412244725,32.163853519937966
2022-05-04,99.41999816894531,99.69000244140625,91.69999694824219,98.18000030517578,225394100,68.7653442233527,52.46715167400109,47.922019137056694,93.53999938964844,105.17679977416992,,91.76604384393745,95.14538251379105,98.90063609774151,94.36396813771081,89.82730017768012,144258600,-4.5857964154236015,-5.675885014572103,1.0900885991485012,98.27693572079251,61.711528241254655
2022-05-05,93.87000274658203,97.83999633789062,92.16999816894531,97.6500015258789,153129800,53.64192473374087,46.780085475950415,44.66586531665852,93.04999961853028,104.85899978637696,,92.18683562446638,95.02943889859023,98.3331755380782,93.73746006072514,89.14174458337209,-8871200,-4.11706290694184,-5.36412059304605,1.2470576861042106,62.85898186814444,70.20466390379471
2022-05-06,95.33999633789062,98.18000030517578,92.6500015258789,94.33999633789062,144286600,56.67069389036112,48.37617937831242,45.68773540657568,92.63099937438965,104.43359970092773,,92.81746776715124,95.05767139307207,98.00857241191562,93.341428363134,88.67428431435238,135415400,-3.585639012306814,-5.008424276898203,1.422785264591389,72.23992026871818,77.7919459525517
2022-05-09,86.36000061035156,93.73999786376953,85.37999725341797,92.87000274658203,144523700,38.3184078920099,40.40435356608497,40.86771611436012,91.89899940490723,103.7395997619629,,91.5259743357913,94.26697404918838,97.4958741929796,92.63682507711744,87.77777596125527,-9108300,-3.8447722125838197,-4.775693864035327,0.9309216514515075,14.933012772293088,50.010638303051884
2022-05-10,88.7300033569336,90.7699966430664,85.41000366210938,89.18000030517578,137235500,44.05611321440543,43.07071703836201,42.540309224334656,91.46699943542481,103.04739990234376,,90.96678014001976,93.76361307716522,97.00174701024616,92.0098410712348,87.01793513222346,128127200,-3.814921683585382,-4.583539427945339,0.7686177443599567,30.057466311634602,39.076799784215275
2022-05-11,87.91999816894531,93.45999908447266,86.52999877929688,87.83999633789062,136137900,42.4371065831357,42.37293940768567,42.11466852953752,91.10799942016601,102.52919982910156,,90.35742374580488,93.23237535823613,96.81968361990792,91.62777746291388,86.43587130591983,-8010700,-3.812675424482137,-4.429366627252699,0.6166912027705616,24.888322161897932,23.292933748608522
2022-05-12,87.05999755859375,88.55000305175781,83.2699966430664,86.5999984741211,129214200,40.539053902984875,41.60230572983798,41.65207952665793,90.57399940490723,101.9047998046875,,89.69793850836265,92.67125010372318,96.35079520089286,91.14507911318825,85.93936302548363,-137224900,-3.8360702795776405,-4.310707357717687,0.47463707814004685,23.081605220325407,26.009131231285966
2022-05-13,95.12000274658203,96.56999969482422,88.22000122070312,88.30000305175781,138068100,60.43886785336685,50.659332618736734,47.32148075021165,90.67699966430663,101.56759979248046,,90.78235135600654,92.89386398034671,96.4034934876457,90.97253950815352,85.54158552866133,843200,-3.1677203045613425,-4.082109947086418,0.9143896425250757,72.168099384677,40.046008922300096
2022-05-16,94.23999786376953,98.16999816894531,93.08000183105469,93.86000061035156,131065700,57.90007462619587,49.75206479205933,46.80240008644959,90.69449958801269,101.28419967651367,,91.47388065755915,93.0162397879306,96.40317583840991,90.99031732952784,85.57745882064577,-130222500,-2.6781847272708035,-3.8013249031232954,1.123140175852492,66.80875363522864,54.019486080077
2022-05-17,102.47000122070312,103.19999694824219,97.54000091552734,97.87999725341797,164227200,71.38821632783514,57.430522246651606,51.9551970227125,90.97149963378907,101.27459976196289,,93.67310477018795,93.87567264545538,96.86254047212147,91.3477775937035,85.83301471528553,34004700,-1.6076003493274555,-3.3625799923641275,1.754979643036672,96.33720162387813,78.43801821459458
2022-05-18,96.27999877929688,104.22000122070312,95.70999908447266,100.0,142603200,55.37562874573471,51.105022573586616,48.278162681033905,91.08449974060059,101.08959976196289,,94.19448357200974,94.09424774853188,97.21508014012896,91.4965077960302,85.77793545193143,-108598500,-1.2442925516854046,-2.938922504228383,1.6946299525429782,62.10023529120428,75.08206351677033
2022-05-19,96.66999816894531,100.69000244140625,95.08999633789062,96.69000244140625,141506200,56.119774807924614,51.46771675304992,48.51815704211037,91.4254997253418,100.80199966430663,,94.68958649139687,94.32840687766037,97.37365153479197,91.6126982673766,85.85174499996124,32907700,-0.914358655763877,-2.5340097345354815,1.6196510787716045,63.96180715007034,74.13308135505089
2022-05-20,93.5,98.63999938964844,88.26000213623047,98.38999938964844,164126800,48.268717185414594,48.329598596893824,46.6776547595582,91.69349975585938,100.54279968261719,,94.4516691931175,94.25309716150943,97.61571466355096,91.69333321707589,85.77095177060082,-131219100,-0.8983207433108475,-2.206871936290555,1.3085511929797073,48.830554279943726,58.2975322404061
2022-05-23,95.06999969482422,95.19000244140625,90.91999816894531,91.66000366210938,128773000,52.239726054513284,49.95703005142134,47.70481796849974,91.91249961853028,100.35839965820313,,94.57533529345885,94.32736102817441,97.86793723938958,91.90984114389572,85.95174504840186,-2446100,-0.7502760129606969,-1.9155527516245834,1.1652767386638865,56.324584598677546,56.37231534289719
2022-05-24,91.16000366210938,93.41999816894531,89.62000274658203,92.54000091552734,123341400,42.4918272684225,46.065684224431486,45.426464739981085,92.21249961853027,100.13659973144532,,93.89226896718897,94.03941944944123,97.97349245586094,91.96587287055122,85.95825328524151,-125787500,-0.9376449132965519,-1.719971183958977,0.7823262706624252,37.66112312674734,47.60542066845618
2022-05-25,92.6500015258789,93.88999938964844,89.5199966430664,90.43000030517578,111771100,47.013181553026776,47.736377548646125,46.44545407631128,92.59949951171875,99.80299972534179,,93.64381547892697,93.91310872911737,98.1907939608135,92.21507905021546,86.23936413961744,-14016400,-0.9548982687199867,-1.566956600911179,0.6120583321911923,44.77328321362409,46.25299697968297
2022-05-26,98.75,100.33000183105469,90.73999786376953,91.33999633789062,128792700,61.776763881604744,54.01642671770073,50.40862613029315,93.05499954223633,99.47059967041015,,94.66505238314157,94.35282611737944,98.9863494388641,92.73872980995783,86.49111018105158,114776300,-0.4709242584384157,-1.3477501324166263,0.8768258739782107,73.89021467545582,52.10820700527572
2022-05-27,102.26000213623047,102.4000015258789,99.37999725341797,100.13999938964844,104348400,67.94401858541293,57.20310441648471,52.5222118841706,93.89199981689453,99.28199966430664,,96.18404233375935,95.07166030091135,99.47365109882656,93.35841236417257,87.24317362951854,219124700,0.19362448707620672,-1.0394752085180596,1.2330996955942664,90.64439782240012,69.76929857049333
2022-05-31,101.86000061035156,104.55000305175781,100.04000091552734,102.43000030517578,125102900,66.47721236005233,56.72069484306497,52.25686347112359,94.49300003051758,99.04999969482422,,97.3192339890778,95.68878214722409,100.07777816530258,94.05301569378565,88.02825322226873,94021800,0.6801668356335,-0.6955467996877478,1.3757136353212478,87.35901489058024,83.96454246281205
2022-06-01,101.22000122070312,103.56999969482422,99.55000305175781,102.12999725341797,99351400,63.831423391074175,55.908285169504296,51.818953141912544,94.99750022888183,98.75599975585938,,98.09938743540287,96.19162024481308,100.64476206945996,94.66904752216641,88.69333297487289,-5329600,1.0025557119883928,-0.3559262973525197,1.3584820093409125,84.35149986752536,87.45163752683523
2022-06-02,108.58999633789062,109.5,100.77999877929688,100.77999877929688,120953800,76.66521707702907,62.55880468848756,56.23433415416876,95.4560001373291,98.63219970703125,,100.19750921590042,97.31874534418375,101.64603206089565,95.40746016729446,89.16888827369327,115624200,1.8316342915635744,0.08158582043069912,1.7500484711328752,95.7236667560587,89.14472717138808
2022-06-03,106.30000305175781,109.38999938964844,104.6500015258789,105.80000305175781,110844700,67.70729365538708,59.553045056301215,54.60868858356726,96.07750015258789,98.4797998046875,,101.41800798307192,98.13522331759957,101.96000005328467,95.87619042774988,89.79238080221509,4779500,2.27764642890034,0.5207979421246273,1.7568484867757128,84.93409948171119,88.3364220350984
2022-06-06,105.6500015258789,109.56999969482422,104.2300033569336,108.2699966430664,96726900,65.11576201172898,58.69105438148926,54.14421428670753,96.5930004119873,98.18219985961915,,102.26440669163333,98.81838497289769,102.50888897123791,96.4407937186105,90.37269846598308,-91947400,2.549278079405738,0.9264939695808495,1.6227841098248885,81.60488682287773,87.42088435354918
2022-06-07,105.27999877929688,106.23999786376953,102.61000061035156,104.23999786376953,79022900,63.45667117344368,58.174864802395064,53.87153320906074,97.53900032043457,97.89439987182617,,102.86752510916604,99.40580440984307,102.86222221737816,96.88460322788784,90.90698423839751,-170970300,2.7035274089415537,1.2819006574529905,1.4216267514885632,79.86859968551568,82.13586199670151
2022-06-08,101.9000015258789,105.8499984741211,100.41000366210938,104.56999969482422,97641900,49.602507481497106,53.542212389857944,51.39936914475641,98.19750022888184,97.52759994506836,,102.67402039250862,99.63254960220996,103.400634765625,97.56206367129371,91.72349257696243,-268612200,2.5239391835594347,1.5303083626742795,0.9936308208851552,64.00751268105046,75.16033306314795
2022-06-09,98.80000305175781,103.94000244140625,98.73999786376953,101.56999969482422,95299000,39.99278125535739,49.637958419087454,49.233037842176365,98.74150047302246,97.03899993896485,,101.89921692435847,99.55686355216886,103.97349245586094,98.14253985692585,92.31158725799075,-363911200,2.107179992705568,1.6456826886805374,0.46149730402503053,49.46035721752978,64.44548986136529
2022-06-10,94.81999969482422,99.93000030517578,94.25,98.81999969482422,102135400,30.799765602759095,45.09178672029602,46.596997033894695,99.12950057983399,96.55099990844727,,100.48337347845163,99.12623956513754,104.2487306140718,98.47730182466053,92.70587303524925,-466046600,1.439152666637824,1.6043766842719949,-0.16522401763417083,26.433926409268818,46.633932102616335
2022-06-13,86.98999786376953,92.02999877929688,86.63999938964844,91.26000213623047,98148800,19.965228710409278,37.7639971701715,41.97461537824872,98.72300033569336,96.10399993896485,,97.7846983555152,98.02294486501317,104.36158740331257,98.58492085290334,92.8082543024941,-564195400,0.2747533030916429,1.3384520080359246,-1.0636987049442816,1.5263779741079715,25.80688720030217
2022-06-14,86.98999786376953,88.30000305175781,85.81999969482422,87.41000366210938,84066600,19.965228710409278,37.7639971701715,41.97461537824872,98.36050033569336,95.6799998474121,,95.62575825716607,97.01994968308193,103.78365107945034,98.28650810605004,92.78936513264973,-480128800,-0.6406564923145339,0.9426303079658329,-1.5832868002803668,4.926308079769737,10.962204154382157
2022-06-15,89.30000305175781,90.86000061035156,86.19000244140625,87.9000015258789,95774800,30.37084172133349,41.04221037617637,43.77312682563782,97.70200042724609,95.25539993286132,,94.36060721608442,96.31813635296156,103.45984177362351,97.98269871303013,92.50555565243675,-384354000,-1.1662830521543412,0.5208476359417982,-1.6871306880961394,14.652645713404604,7.035110589094085
2022-06-16,82.05000305175781,86.7300033569336,80.63999938964844,86.62999725341797,102433300,20.38775775206308,34.83955275296489,39.73230969216692,96.99050064086914,94.76,,91.8984863832191,95.0210333255794,102.62650892469617,97.12888929578993,91.63126966688368,-486787300,-2.1431553363347717,-0.011952958513515799,-2.131202377821256,4.873845998049006,8.150933263741097
2022-06-17,81.56999969482422,82.94000244140625,79.43000030517578,82.19000244140625,105212300,19.868875637515785,34.46814079934235,39.480048336414015,96.23550071716309,94.31800003051758,,89.83278904554012,93.79821208641984,101.55873120020308,96.29920680939205,91.03968241858104,-591999600,-2.9223785579826824,-0.5940380784073492,-2.328340479575333,7.100197189729934,8.875562967061162
2022-06-21,83.79000091552734,85.80999755859375,82.5999984741211,84.16999816894531,87780600,29.786547791622823,37.77229792577859,41.282600415355425,95.75000076293945,93.91940002441406,,88.62423141953757,92.88837470724779,100.8060324532645,95.66031792050316,90.51460338774181,-504219000,-3.322483508243522,-1.1397271643745839,-2.182756343868938,14.465828462654189,8.813290550144357
2022-06-22,83.75,86.37999725341797,83.30000305175781,84.4000015258789,86634700,29.70704800309015,37.73537821323933,41.25945129089027,95.18400077819824,93.57440002441406,,87.64938513563006,92.05761337022525,100.03031800285218,95.23222266303169,90.43412732321119,-590853700,-3.601283943923079,-1.6320385202842829,-1.969245423638796,14.333111421057028,11.966379024480366
2022-06-23,82.43000030517578,84.41000366210938,80.2300033569336,84.31999969482422,100614600,26.867446842561577,36.46862257093946,40.476420787198265,94.74750061035157,93.27559997558593,,86.6055081695392,91.18237581885711,99.48460363963295,94.69079420301648,89.89698476640004,-691468300,-3.8839761817899188,-2.08242605258541,-1.8015501292045086,9.953550301100364,12.917496728270509
2022-06-24,87.08000183105469,87.52999877929688,83.08000183105469,83.55999755859375,88553900,47.913944212521386,43.64551700251532,44.36497317534362,94.46900062561035,93.11520004272461,,86.7004069018423,90.8094327290569,99.25349256727432,94.42873067704457,89.60396878681485,-602914400,-3.6902565748429623,-2.403992157036921,-1.2862644178060414,25.38155833044341,16.556073350866914
2022-06-27,86.16000366210938,88.22000122070312,85.25,87.36000061035156,74663500,44.84956542885078,42.61968308640176,43.77348097346846,93.83950080871583,92.88360015869141,,86.59232625389572,90.3867573593344,98.92603229341053,94.16793714250836,89.40984199160621,-677577900,-3.569817915357717,-2.6371573087010804,-0.9326606066566367,25.102588473665637,20.145899035069785
2022-06-28,80.77999877929688,86.7300033569336,80.43000030517578,85.70999908447266,95618600,30.95625162782072,37.12454135235785,40.474420324120786,92.76550064086913,92.63800018310548,,85.42986075897596,89.51341567024008,98.10460372198196,93.503175281343,88.90174684070405,-773196500,-3.863949635297544,-2.8825157740203737,-0.9814338612771705,5.10975990796212,18.53130223735704
2022-06-29,77.98999786376953,79.75,76.51000213623047,79.55000305175781,104140900,25.95313763984909,34.630874136180395,38.88552947639978,91.57200050354004,92.3200001525879,,83.94188817993468,88.46583223328821,97.00730181497241,92.39539748903306,87.7834931630937,-877337400,-4.272925276542637,-3.1605976745248263,-1.1123276020178103,5.395536679085641,11.86929502023778
2022-06-30,76.47000122070312,78.91000366210938,75.4800033569336,77.7300033569336,105368600,23.47297740875038,33.31783654895402,38.03509402043631,90.33450050354004,91.91080017089844,,82.44751078808838,87.37530214123501,95.75603194463821,91.19555627732049,86.63508061000279,-982706000,-4.665906775807855,-3.4616594947814323,-1.2042472810264226,4.0490715228523015,4.851456036633336
2022-07-01,73.66999816894531,75.44999694824219,72.69000244140625,75.19000244140625,87734200,19.379210808746535,30.987089962867685,36.497853932754296,88.58850059509277,91.50380020141601,,80.69200826425977,86.12936541648139,94.38603174118768,89.88555617559524,85.38508061000279,-1070440200,-5.143987603853205,-3.798125116595787,-1.3458624872574179,5.067197068797111,4.837268423578333
2022-07-05,75.19999694824219,75.20999908447266,71.5999984741211,71.9800033569336,95589000,27.652740128288272,33.71572853331509,37.9309330223229,87.03350028991699,91.21080017089844,,79.59360600105626,85.13578646482328,92.60523805164155,88.3480958484468,84.09095364525204,-974851200,-5.337880229143082,-4.106076139105246,-1.2318040900378353,18.69157878933485,9.26928246032807
2022-07-06,75.3499984741211,76.27999877929688,73.55000305175781,75.16999816894531,85458900,28.51579752715398,33.99128223262781,38.07417269556195,85.5185001373291,90.95500015258789,,78.74488449566923,84.24616937475945,90.9990474155971,86.83761959984189,82.67619178408668,-889392300,-5.416993928042032,-4.368259696892603,-1.048734231149429,19.470402824856297,14.409726227662736
2022-07-07,79.30000305175781,79.98999786376953,76.9000015258789,77.19000244140625,83640900,48.08567062054014,40.95248076879434,41.77344481046714,84.21950035095215,90.72720016479492,,78.85590820688694,83.79651789085021,89.57031722295852,85.51603226434617,81.46174730573382,-805751400,-5.102145390467143,-4.5150368356075115,-0.5871085548596318,46.32974311162647,28.163908241939186
2022-07-08,79.3499984741211,80.47000122070312,77.4000015258789,78.30999755859375,83405900,48.30064019025873,41.03723821587812,41.81943447035427,83.09200019836426,90.61100006103516,,78.95472626033377,83.39228885296573,88.32285708472843,84.2952386765253,80.26762026832218,-722345500,-4.793336839979602,-4.57069683648193,-0.22264000349767255,46.63055787757808,37.4769012713536
2022-07-11,76.94999694824219,78.29000091552734,75.83999633789062,77.8499984741211,76150300,38.99820109083593,38.20237241703642,40.224947346850655,81.99949989318847,90.45179992675781,,78.55378039791546,82.80662595253632,86.9569843837193,83.07174646286737,79.18650854201545,-798495800,-4.688221010864538,-4.5942016713584515,-0.09401933950608665,32.19011786999459,41.716806286399695
2022-07-12,76.36000061035156,77.44000244140625,74.43000030517578,76.9800033569336,77873200,36.90163479844019,37.516258264633656,39.83460441219559,81.07649993896484,90.18619995117187,,78.11502444040268,82.2205691032468,85.69000014047774,81.90904805016896,78.12809595986019,-876369000,-4.599503519157523,-4.595262040918266,-0.00424147823925658,28.6402006594697,35.820292135680766
2022-07-13,77.5199966430664,79.11000061035156,74.4800033569336,74.94000244140625,79355000,44.00409380948332,39.80531248135955,41.01121468299011,80.60299987792969,90.02619995117188,,77.99601888093542,81.7932443341395,84.72111111595517,80.9901591709682,77.25920722598121,-797014000,-4.385044222257022,-4.553218477186018,0.16817425492899574,35.6197183551175,32.15001229486057
2022-07-14,78.5999984741211,79.25,76.0,78.2300033569336,83493600,50.25942954862007,41.93803072208262,42.113107215934306,80.18349990844726,89.80139999389648,,78.11681479957257,81.50294925595601,84.11428578694661,80.48523857480004,76.85619136265346,-713520400,-4.080894550444498,-4.458753691837714,0.3778591413932162,42.11792324426407,35.4592807529504
2022-07-15,81.11000061035156,81.19999694824219,77.9000015258789,79.36000061035156,76050600,62.074918846157566,46.66739132031081,44.626312624351854,79.77399978637695,89.60100006103515,,78.71545196172838,81.46722665181015,83.82158697219123,80.1534925188337,76.48539806547619,-637469800,-3.595866636585029,-4.286176280787177,0.6903096442021477,57.220220003791745,44.98595386772442
2022-07-18,81.43000030517578,84.47000122070312,80.94000244140625,82.20999908447266,90464300,63.40482648108563,47.25723068447536,44.94489808096087,79.74299964904785,89.24120010375977,,79.25836163041787,81.46384243847976,83.4576187133789,79.84380994524274,76.23000117710659,-547005500,-3.1493534334147313,-4.058811711312688,0.909458277897957,64.9702489007221,54.769464049592614
2022-07-19,85.87999725341797,86.41000366210938,82.19000244140625,82.76000213623047,85047500,76.91412297579518,54.75165765108795,49.19450258691975,79.95849952697753,89.08139999389648,,80.58268875501788,81.8653110580196,83.44888838510666,79.92412736680772,76.3993663485088,-461958000,-2.408645572570663,-3.7287784835642834,1.3201329109936206,96.42129491540442,72.87058793997274
2022-07-20,89.43000030517578,89.91999816894531,85.08000183105469,85.38999938964844,88348600,82.9422349433943,59.67442961148559,52.26734775384103,80.24049949645996,88.96320007324219,,82.35215106504947,82.55301008048833,83.83745950365824,80.24936542813741,76.66127135261657,-373609400,-1.517678821939242,-3.286558551239275,1.768879729300033,97.32533912700902,86.23896098104517
2022-07-21,91.08999633789062,91.58000183105469,88.22000122070312,89.5999984741211,90449300,85.12212857871515,61.768957705816966,53.638148157837584,80.6074993133545,89.05779998779298,,84.0997201196177,83.32909974025218,84.14126913888114,80.54603213355655,76.95079512823196,-283160100,-0.6699111278440455,-2.7632290665602293,2.0933179387161838,97.54752046628651,97.09805150289996
2022-07-22,88.0999984741211,90.69000244140625,87.04000091552734,90.19999694824219,76989700,66.69852837514284,56.115229510501095,50.88627566737913,80.89099922180176,89.04519989013671,,84.89977579051838,83.76281780696752,84.36523776584201,80.74285755460224,77.12047734336247,-360149800,-0.23658970276711955,-2.2579011938016076,2.021311491034488,82.58256870749754,92.485142766931
2022-07-25,87.54000091552734,87.5999984741211,85.12000274658203,86.56999969482422,70083000,63.6045538202384,55.098042601640834,50.380177649323805,80.91399917602538,89.03759994506837,,85.42782081552016,84.10619808956386,84.493650163923,80.9522225516183,77.41079493931362,-430232800,0.060931149274466634,-1.7941347251863928,1.8550658744608595,77.5928941261698,85.9076610999846
2022-07-26,85.25,87.75,84.70999908447266,87.0,69180400,51.81081118702157,51.0248411859162,48.32540330311704,80.86849899291992,89.00139999389648,,85.39225665241614,84.21018008142168,84.42682490273127,80.95253995865112,77.47825501457093,-499413200,0.11065902414506468,-1.4131759753201014,1.523834999465166,63.090371615985696,74.42194481655099
2022-07-27,89.81999969482422,90.62000274658203,86.29000091552734,86.94000244140625,78301600,66.62898331089247,57.73917441092186,52.37769347895423,81.32049903869628,88.89539993286132,,86.27780526089776,84.72016368264009,84.60428522503565,81.06523834712922,77.52619146922278,-421111600,0.5129169185835565,-1.0279573965393698,1.5408743151229263,89.73759778636362,76.80695450950635
2022-07-28,91.66999816894531,92.22000122070312,88.58999633789062,90.41999816894531,79009200,70.96597605223113,60.12255938737551,53.9074234678453,82.00449905395507,88.84399993896484,,87.35624384250728,85.35196681775874,84.86666615804036,81.4547620500837,78.04285794212704,-342102400,0.9698092563944982,-0.6284040659525962,1.5982133223470945,96.90835849661052,83.24544263298658
2022-07-29,94.47000122070312,94.80999755859375,90.55999755859375,90.69999694824219,76630700,76.51047052684858,63.47964933269533,56.13686610167278,82.90449905395508,88.68399993896485,,88.77899531814646,86.18087903620822,85.63841223338294,82.17841278560577,78.71841333782861,-265471700,1.5400834481940677,-0.1947065631232634,1.7347900113173311,98.33171548718632,94.99255725672013
2022-08-01,96.77999877929688,98.38999938964844,93.95999908447266,95.58999633789062,96477500,80.24521789825874,66.02110561536256,57.893466499011396,84.05999908447265,88.69399993896485,,90.37919601037655,87.14443537648901,86.61095174153645,83.10333324614025,79.59571475074405,-168994200,2.1536019684012757,0.27495514318164443,1.8786468252196313,93.2664120556579,96.16882867981822
2022-08-02,99.29000091552734,100.91999816894531,95.36000061035156,95.70999908447266,116734100,83.63742513161958,68.57972093623573,59.72565248755409,85.26449928283691,88.74639999389649,,92.16135699140672,88.24857769821976,87.91507890489366,84.27412693084233,80.633174956791,-52260100,2.8099644897626064,0.7819570124978368,2.0280074772647696,93.45907956185474,95.01906903489964
2022-08-03,98.08999633789062,98.7699966430664,93.62000274658203,94.83000183105469,131142000,76.13684168220723,66.02015803312241,58.45434434314492,86.4014991760254,88.83819992065429,,93.3470848607035,89.14325212000801,89.07523733472068,85.36095234704396,81.64666735936724,-183402100,3.1964593821885074,1.2648574864359712,1.9316018957525363,87.7063325640967,91.4772747272031
2022-08-04,103.91000366210938,104.58999633789062,97.26000213623047,97.5,125855800,84.32051223963418,71.56349867887121,62.50149745511739,87.63199920654297,89.015,,95.45966862098469,90.48568407838087,90.57333252921937,86.63999999515595,82.70666746109252,-57546300,3.9271159718366135,1.7973091835161,2.1298067883205136,97.12476595656825,92.7633926941732
2022-08-05,102.30999755859375,103.86000061035156,100.9800033569336,101.05000305175781,93859900,75.7504356247731,68.26634162849182,60.799239287879686,88.77999916076661,89.23799987792968,,96.82973440850651,91.56062166749112,91.68968176463294,87.76634918697296,83.84301660931298,-151406200,4.3271784429689575,2.303283035406672,2.0238954075622857,89.8214312475562,91.55084325607369
2022-08-08,100.06999969482422,101.80000305175781,97.98999786376953,100.05999755859375,92606800,64.70253029909267,63.832305303146505,58.46852900822216,89.93599929809571,89.38639984130859,,97.47778746577006,92.33420148815776,92.71920582604787,88.76063489157056,84.80206395709325,-244013000,4.412615837852059,2.7251495958957492,1.6874662419563093,77.26359523370013,88.06993081260818
2022-08-09,95.54000091552734,98.05000305175781,93.66999816894531,97.94999694824219,89473700,47.78841857133139,55.92172504721178,54.08501184486024,90.89499931335449,89.32219985961915,,97.09023015572153,92.62563779973681,93.7028567601764,89.65238104926215,85.6019053383479,-333486700,4.067900323382375,2.9936997413930744,1.0742005819893006,54.476877903957885,73.85396812840473
2022-08-10,99.05000305175781,99.3499984741211,95.61000061035156,98.44999694824219,83416100,57.997631331973594,60.052671209868656,56.71385060036508,91.97149963378907,89.25799987792969,,97.4821847349288,93.20967100446599,94.78174542623853,90.69650801401289,86.61127060178725,-250070600,4.0314663975754,3.2012530726295396,0.8302133249458605,72.13282670257753,67.95776661341182
2022-08-11,98.12000274658203,102.37000274658203,98.0,99.93000030517578,77516900,54.60295398964813,58.48859984868817,55.8284377662307,92.9474998474121,89.1831999206543,,97.60974833725945,93.65606479920382,95.83888862246559,91.76603190104167,87.69317517961774,-327587500,3.882790603466745,3.337560578796981,0.5452300246697641,67.4547561107122,64.68815357241586
2022-08-12,100.83000183105469,101.4000015258789,98.4800033569336,99.19999694824219,72316300,62.31580270188758,61.62507939886733,57.83388603864621,93.93349990844726,89.17539993286132,,98.2537990360185,94.30824089300845,96.88444422161768,92.82730187310113,88.77015952458457,-255271200,3.938240656376962,3.457696594312977,0.48054406206398514,81.08654413325192,73.55804231551386
2022-08-15,101.01000213623047,101.8499984741211,99.80000305175781,100.51000213623047,61327100,62.81929196957106,61.831365742989746,57.96640392613903,94.9125,89.02380004882812,,98.8050396560609,94.91749191511954,97.81619032602462,93.81857178703187,89.82095324803913,-193944100,3.9511631933277442,3.5563899141159308,0.3947732792118135,80.43718526134018,76.32616183510142
2022-08-16,100.19999694824219,101.44999694824219,98.31999969482422,100.83999633789062,60220700,58.59197429042871,60.2615012086872,57.12183942299357,95.62849998474121,88.90179992675782,,99.08403111449717,95.39771964540341,98.64047580295139,94.66190495566717,90.68333410838294,-254164800,3.851644388839091,3.615440809060563,0.23620357977852802,72.56250381469727,78.02874440309644
2022-08-17,98.2699966430664,99.63999938964844,96.7300033569336,99.26000213623047,63735600,49.13753024153492,56.5756551623899,55.12128428543461,96.07049980163575,88.75419982910157,,98.92122422021102,95.65883573610004,99.2155548580109,95.2993652101547,91.38317556229849,-317900400,3.57582029386856,3.607516706022163,-0.03169641215360297,54.95366896146693,69.31778601250143
2022-08-18,100.44000244140625,101.06999969482422,96.7300033569336,97.73999786376953,76059500,58.23112170136751,59.56991894212174,56.89578725657191,96.53800010681152,88.65739990234376,,99.22497986445008,96.09348725476424,99.72841208321708,95.83603195917038,91.9436518351237,-241840900,3.4920745817920533,3.584428281176141,-0.09235369938408766,62.169586864915125,63.228586547026424
2022-08-19,95.94999694824219,99.25,94.58999633789062,98.66999816894531,67221700,40.32848136458499,51.63612230405891,52.41282566830782,96.93050003051758,88.53839981079102,,98.56998328120851,96.08044268144405,100.09031689356243,96.13603186228919,92.18174683101594,-309062600,3.0284890463025818,3.4732404342014296,-0.4447513878988478,21.23970431036701,46.12098671224967
2022-08-22,92.83999633789062,95.0199966430664,92.36000061035156,94.4000015258789,61837300,32.120459144401536,46.96983597601372,49.58375943232398,97.19549980163575,88.41919967651367,,97.42398589254495,95.78585665021193,100.27158634246342,96.36444442991227,92.45730251736111,-370899900,2.3826770932123793,3.25512776600362,-0.8724506727912407,3.924741579902808,29.111344251728298
2022-08-23,92.48999786376953,94.44000244140625,92.11000061035156,92.38999938964844,52927000,31.261209511904283,46.460978133798186,49.270858753506666,97.55749969482422,88.37259963989258,,96.43718828678988,95.4862331241717,100.56253899468315,96.66253964863127,92.76254030257937,-423826900,1.8216259457820456,2.9684274019593055,-1.14680145617726,3.044850829391274,9.403098906553678
2022-08-24,92.7300033569336,93.37999725341797,90.9000015258789,92.20999908447266,56520400,32.74174720471248,46.88591736471375,49.499326244238084,97.70299987792968,88.48739974975587,,95.69575130081863,95.23566678169551,100.84222133575925,96.96888890342106,93.09555647108289,-367306500,1.3804424257881038,2.650830406725065,-1.2703879809369614,14.120385496378686,7.029992635224237
2022-08-25,97.18000030517578,97.56999969482422,93.13999938964844,93.13999938964844,61016200,54.53135359871602,54.15199526981234,53.55402567067735,97.9784999847412,88.69119979858398,,95.99260110169007,95.41242437473917,101.18285612076049,97.3047618563213,93.42666759188212,-306290300,1.3740397957291322,2.3954722845258787,-1.0214324887967465,54.75150924972529,23.97224852516506
2022-08-26,91.18000030517578,97.5999984741211,91.12000274658203,96.29000091552734,65552500,35.77761173007687,45.17786638878957,48.10917362777425,97.81399993896484,88.72879974365235,,95.03008094238722,95.0276585502334,101.43634784032429,97.42253972613624,93.40873161194817,-371842800,0.8747324383241875,2.0913243152855405,-1.216591876961353,2.441139925874487,23.771011557326133
2022-08-29,88.48999786376953,91.19000244140625,88.26000213623047,90.05000305175781,61142500,30.191506530471997,41.83083004163137,45.92085525140708,97.39949989318848,88.85759963989258,,93.72206432666368,94.43332576055487,101.18460191999164,97.23365093412853,93.28269994826545,-432985300,0.25898166510755516,1.7248557852499435,-1.4658741201423884,1.6300192600298686,19.607556145209863
2022-08-30,86.94000244140625,90.1500015258789,85.33999633789062,90.05999755859375,69087100,27.249673290952387,39.99228871751996,44.69613890376507,96.78199996948243,88.96499969482421,,92.3656519496122,93.75211454972317,100.77888791523281,96.80984145875962,92.8407950022864,-502072400,-0.3500418708501911,1.3098762540299167,-1.6599181248801078,9.395217271903364,4.488792152602554
2022-08-31,84.87000274658203,86.72000122070312,83.72000122070312,86.27999877929688,64991700,23.56923262262532,37.61458499719258,43.09155392074762,96.12100028991699,88.98659973144531,,90.86652210900618,92.94464984034671,100.01793573773098,96.17079392690506,92.32365211607917,-567064100,-0.9883361624742832,0.8502337707290767,-1.83856993320336,6.343087148907877,5.789441226947017
2022-09-01,82.33000183105469,82.76000213623047,78.5199966430664,82.3499984741211,94854700,19.659434150268964,34.87465379364701,41.194412209359804,95.04200019836426,88.95819976806641,,89.15921805341588,91.97968183950198,99.23063478015717,95.42682575044178,91.62301672072638,-661918800,-1.679782348176559,0.3442305469479496,-2.0240128951245087,16.33092537059626,10.689743263802479
2022-09-02,80.23999786376953,83.6500015258789,79.80999755859375,83.31999969482422,84924400,16.89250811748437,32.76006439208119,39.6912001846897,93.93850021362304,88.91439971923828,,87.37537401548661,90.91243784170813,98.07936532156808,94.44174630301339,90.8041272844587,-746843200,-2.369094834670591,-0.1984345293757585,-2.1706603052948323,7.501095498524196,10.05836933934276
2022-09-06,78.72000122070312,80.88999938964844,78.37000274658203,80.41000366210938,68727300,15.044586462317042,31.274842052584987,38.61970180084406,92.87100028991699,88.74719970703126,,85.64429945652992,89.80403451252585,96.96428595648871,93.34380982414125,89.72333369179378,-815570500,-3.0034095368159797,-0.7594295308638027,-2.243980005952177,1.541843705614227,8.457954858244875
2022-09-07,79.61000061035156,80.25,77.73999786376953,79.23999786376953,67891200,21.108434624284058,33.18492808907094,39.6175404543096,92.0745002746582,88.61619964599609,,84.43743968729426,88.87730415778273,95.91412704709975,92.35555582197885,88.79698459685794,-747679300,-3.3951557534329737,-1.286574775377637,-2.1085809780553366,8.015441919480953,5.68612704120644
2022-09-08,82.77999877929688,83.44999694824219,79.23999786376953,80.02999877929688,89089300,39.5502059972305,39.62175263511771,43.06414632712703,91.26100006103516,88.6561996459961,,84.10595150569479,88.32300366882947,95.24269806392608,91.69222235301184,88.1417466420976,-658590000,-3.410510846952832,-1.7113619896926762,-1.6991488572601556,23.430964272375387,10.996083299156837
2022-09-09,85.44999694824219,85.68000030517578,83.83999633789062,84.02999877929688,68907700,51.10300953994256,44.47386974392687,45.78889345863378,90.62749977111817,88.80539962768555,,84.37476059420428,88.06182123968517,94.53253948877727,91.07253967769563,87.61253986661397,-589682300,-3.17068366347614,-2.0032263244493693,-1.1674573390267708,38.821746462857604,23.422717551571296
2022-09-12,84.63999938964844,85.3499984741211,83.45999908447266,84.88999938964844,71922500,47.77884721941981,43.33609069312155,45.10429461036983,89.81799964904785,88.96879959106445,,84.42780835329312,87.75074652604548,93.69952332027376,90.3576189071413,87.01571449400886,-661604800,-3.0112669157001477,-2.204834442699525,-0.8064324730006227,34.74320903234233,32.33197325585842
2022-09-13,77.02999877929688,81.47000122070312,76.80000305175781,80.95999908447266,80921200,27.56427521829714,34.42529723755685,39.3287574995882,88.61899948120117,89.03599960327148,,82.94824643849387,86.77613309452288,92.7446026272244,89.31936488075861,85.89412713429284,-742526000,-3.459116898003998,-2.45569093376042,-1.0034259642435783,1.1057489334434216,24.890234809547763
2022-09-14,77.44999694824219,78.08000183105469,75.87000274658203,77.0999984741211,71483000,29.538624348479118,35.217023286456794,39.773725055833495,87.48149948120117,89.08099960327148,,81.84859654044354,85.92830253577009,91.62111070421008,88.18825373573908,84.7553967672681,-671043000,-3.737072250742088,-2.7119671971567536,-1.0251050535853343,7.271028588642487,14.37332885147606
2022-09-15,76.66000366210938,77.97000122070312,74.91000366210938,76.63999938964844,81818000,27.826679467685338,34.37628990149868,39.208262036132965,86.40099983215332,89.10719970703126,,80.81087796477671,85.08572991089183,90.49984111483136,87.07031746516152,83.64079381549169,-752861000,-3.975275227983488,-2.9646288033221007,-1.0106464246613873,7.712650507410332,5.363142676498728
2022-09-16,76.51000213623047,76.81999969482422,74.68000030517578,75.62000274658203,75300200,27.46400506460374,34.20929365272757,39.09792049848342,85.20449981689453,89.0513996887207,,79.95070279906747,84.30611829501352,89.40555560399616,86.01269846113901,82.61984131828187,-828161200,-4.128565144091908,-3.1974160714760624,-0.9311490726158458,11.084201055545774,8.689293383866179
2022-09-19,76.7699966430664,77.33999633789062,75.3499984741211,75.38999938964844,64966900,29.37844839800995,34.80050818687161,39.40692024077526,84.24549980163575,88.99979965209961,,79.31456156786726,83.62101632665468,88.20190466017951,84.92095220656623,81.63999975295295,-763194300,-4.180874603243026,-3.394107777829455,-0.7867668254135713,13.50999465399934,10.76894873898513
2022-09-20,75.25,76.58000183105469,74.7300033569336,76.08000183105469,51129100,24.788579449049877,32.93701450827935,38.22164561144278,83.36599998474121,88.96579971313477,,78.50164925429381,82.86001484241335,87.06444428459046,83.91730160183377,80.77015891907706,-814323400,-4.295465796574788,-3.574379381578522,-0.7210864149962664,4.73421637442835,9.776137361324471
2022-09-21,74.4800033569336,78.41000366210938,74.44999694824219,75.44000244140625,82069700,22.63853608408037,32.00214224361237,37.62234636833016,82.46550025939942,88.9281997680664,,77.69732007482177,82.09819561646064,86.28698464045449,83.07793668716673,79.86888873387896,-896393100,-4.397718278015802,-3.7390471608659785,-0.6586711171498232,0.2671985727669421,6.170469867064859
2022-09-22,69.5,74.29000091552734,69.16999816894531,73.88999938964844,101436900,13.530415608030737,26.719797980813382,34.016029177876234,81.30400009155274,88.76779983520508,,76.05785605985743,80.9529051058733,85.37095290895492,82.02904776921348,78.68714262947204,-997830000,-4.824979398466951,-3.956233608386173,-0.8687457900807778,1.9987994449165642,2.3334047973705996
2022-09-23,67.95999908447266,69.08000183105469,66.81999969482422,68.0,87690000,11.772768723856345,25.327549203509108,32.993574850843146,79.84300003051757,88.5549998474121,,74.43828466478048,79.77173183120051,84.1993658883231,80.86793663388207,77.53650737944103,-1085520000,-5.2275916952332295,-4.210505225755584,-1.0170864694776451,6.044535274419522,2.770177764034324
2022-09-26,66.30000305175781,68.73999786376953,66.25,67.87000274658203,82898700,10.079163117637364,23.8829655959984,31.91260450989104,78.59900016784668,88.25879989624023,,72.81062834217596,78.54702921488753,82.73238166930184,79.4933334834992,76.25428529769655,-1168418700,-5.615876321289662,-4.4915794448624,-1.1242968764272616,0.2573497219374343,2.7668948137578213
2022-09-27,67.16999816894531,68.77999877929688,66.0,67.9000015258789,94871800,17.53969228273874,26.256882201557303,33.11331687922609,77.53300018310547,87.97359985351562,,71.68250230752983,77.51275366525643,81.31888967847068,78.2560318235367,75.19317396860274,-1073546900,-5.786688012455215,-4.750601158380963,-1.0360868540742523,5.945112554889577,4.0823325170821585
2022-09-28,68.36000061035156,68.80000305175781,66.55999755859375,67.11000061035156,72389500,27.423365960907248,29.49590255401523,34.75856705756543,76.60400009155273,87.6231999206543,,71.01800196809418,76.68068520571961,80.26666768391927,77.23666672479538,74.2066657656715,-1001157400,-5.759640703798041,-4.952409067464378,-0.8072316363336629,11.991872834122312,6.0647783703164215
2022-09-29,64.13999938964844,67.19999694824219,62.83000183105469,67.1500015258789,102552400,18.160474022819002,25.258922582814108,31.8537258063983,75.56749992370605,87.11739990234375,,69.64240145240504,75.54062285880404,79.16222272600446,76.1531746273949,73.14412652878534,-1103709800,-6.009451135375741,-5.163817481046651,-0.8456336543290899,5.817041535825806,7.918008974945878
2022-09-30,63.36000061035156,65.91000366210938,63.34000015258789,63.619998931884766,81664100,16.89474680730804,24.55676922047455,31.34749349473192,74.6189998626709,86.56279998779297,,68.38592128399435,74.43329356349017,78.1465085953001,75.15793652004666,72.16936444479322,-1185373900,-6.198909910198182,-5.3708359668769585,-0.8280739433212236,2.843341183751354,6.884085184566472
2022-10-03,66.11000061035156,66.91000366210938,63.38999938964844,64.45999908447266,83841600,35.8196960874715,31.759284435245732,35.146474648688255,73.9125,86.12300003051757,,67.9307371492658,73.67663056775028,77.3630165221199,74.40873021928091,71.4544439164419,-1101532300,-6.057330204885872,-5.508134814478741,-0.5491953904071307,21.052621269652544,9.904334663076549
2022-10-04,67.9000015258789,69.18000030517578,67.33000183105469,68.2699966430664,77160500,45.51165699532965,36.0396418591937,37.4999874253554,73.37150001525879,85.7302000427246,,67.92459002458843,73.15148247303469,76.6446036686973,73.78507953219943,70.92555539570156,-1024371800,-5.734584434472211,-5.553424738477435,-0.18115969599477566,32.541714370780696,18.812558941394844
2022-10-05,67.94000244140625,68.69000244140625,64.5199966430664,66.58999633789062,87127400,45.73142084794903,36.136045543451246,37.55293143894775,72.78800010681152,85.38400009155274,,67.927672507952,72.67771156106846,76.13857232956659,73.2004763285319,70.26238032749721,-937244400,-5.413178593342835,-5.525375509450516,0.11219691610768123,32.79845962640456,28.797598422279247
2022-10-06,67.8499984741211,70.29000091552734,67.66000366210938,67.81999969482422,98325900,45.238773164146,36.00454833990295,37.478249955365506,72.04150009155273,84.94460006713867,,67.91213770118583,72.23882855316415,75.63952455066499,72.6957144964309,69.7519044421968,-1035570300,-5.106856058869994,-5.441671619334412,0.33481556046441785,32.22077055896327,32.52031485204949
2022-10-07,58.439998626708984,64.02999877929688,58.220001220703125,64.01000213623047,163786300,19.237882435574832,25.5401889839286,30.786211099824698,70.69100017547608,84.28000007629394,,66.01770988629046,70.98438946894096,74.6874610658676,71.66746060810391,68.64746015034024,-1199356600,-5.559317239815954,-5.46520074343072,-0.0941164963852339,1.0896353610868428,22.03628851548487
2022-10-10,57.810001373291016,58.790000915527344,56.29999923706055,57.310001373291016,112241800,18.388779021617125,25.015977561593573,30.406200681809025,69.3495002746582,83.5468000793457,,64.37616818369057,69.78671782388187,73.41571505107578,70.36476232135107,67.31380959162637,-1311598400,-5.900711766586824,-5.552302948061941,-0.3484088185248826,6.829497214029319,13.379967711359788
2022-10-11,57.630001068115234,58.91999816894531,56.04999923706055,57.209999084472656,114054800,18.114653678985434,24.85898285955109,30.294503340100178,68.37950038909912,82.76380012512207,,63.02693476057551,68.6815617551758,72.17904838683114,69.08142901223803,65.98380963764494,-1425653200,-6.115300531089858,-5.664902464667525,-0.45039806642233327,8.662289943317035,5.527140839477711
2022-10-12,57.849998474121094,58.31999969482422,56.31999969482422,57.45000076293945,89264200,19.86665776690205,25.47458612773751,30.620162599922935,67.39950046539306,81.93500007629395,,61.99154750328463,67.69687418417082,71.0549214075482,68.08444480290488,65.11396819826157,-1336389000,-6.196185946320092,-5.771159160998039,-0.4250267853220535,12.640442590554178,9.377409915966822
2022-10-13,58.939998626708984,60.13999938964844,54.56999969482422,55.52000045776367,131159800,28.90997630852351,28.59592228532979,32.25946539405996,66.51350021362305,81.15200012207032,,61.381237727969506,66.90079458803793,70.29825470939515,67.16777807568748,64.03730144197979,-1205229200,-6.1019943256094535,-5.8373261939203225,-0.26466813168913106,27.798973234998922,16.367235256290027
2022-10-14,55.939998626708984,59.939998626708984,55.84000015258789,59.599998474121094,96959300,21.060256301723996,25.438019075204195,30.205860170967583,65.48500003814698,80.19260002136231,,60.292989907717406,65.90435859155347,69.43000060792954,66.25000012110151,63.06999963427347,-1302188500,-6.197975314219548,-5.909456017980167,-0.28851929623938055,8.715005251274963,16.384807025609334
2022-10-17,57.959999084472656,58.5099983215332,57.099998474121094,57.349998474121094,76977600,35.26295197714444,30.966071954299636,33.19933722872892,64.54450016021728,79.30560005187988,,59.826391743068456,65.18214409090976,68.53111164153567,65.38587303767129,62.240634433806896,-1225210900,-6.041402259500217,-5.935845266284177,-0.10555699321603917,21.56487993896485,19.35961947507956
2022-10-18,57.91999816894531,60.4900016784668,56.400001525878906,59.90999984741211,103064500,35.11283126067461,30.91718894901186,33.16988456670916,63.67800006866455,78.4626000213623,96.93364988327026,59.44511302824383,64.5219490070948,67.76365159049867,64.51841287764293,61.27317416478718,-1328275400,-5.853074130010029,-5.919291039029348,0.0662169090193192,21.310421208550355,17.1967687995967
2022-10-19,57.22999954223633,59.040000915527344,56.56999969482422,57.33000183105469,75704800,32.269221526474,30.0363787596212,32.64757317967866,62.81549987792969,77.69639999389648,96.46859985351563,59.00209033104234,63.859044510289486,66.9404770381867,63.66571438501752,60.39095173184834,-1403980200,-5.693864527212355,-5.8742057366659495,0.18034120945359433,16.921117308241104,19.932139485252083
2022-10-20,57.77000045776367,60.20000076293945,57.400001525878906,57.470001220703125,79552600,37.056437062064546,31.676896268706003,33.50427693719229,62.22899990081787,76.8707999420166,96.03534986495971,58.75567235638661,63.30549505096896,66.0603179326133,62.84079373072065,59.62126952882797,-1324427600,-5.461163317773668,-5.7915972528874935,0.3304339351138257,20.356237369276254,19.52925862868922
2022-10-21,58.81999969482422,58.90999984741211,55.709999084472656,57.220001220703125,95366400,45.967468268607035,34.87459958407615,35.18031539334217,61.77199993133545,76.08479988098145,95.64869989395142,58.76853782407414,62.89772274586489,65.3415876721579,62.21349213615296,59.08539660014803,-1229061200,-5.1328514530886835,-5.6598480929277315,0.526996639839048,27.03562131027561,21.437658662597638
2022-10-24,58.70000076293945,59.0,56.65999984741211,58.56999969482422,76305400,45.09198937407125,34.674862635942304,35.07468773993804,61.39199981689453,75.24219985961913,95.26104991912842,58.7548304118472,62.51611165650803,64.87714313325428,61.745238167899,58.613333202543714,-1305366600,-4.826705588393672,-5.49321959202092,0.6665140036272481,26.272269385552296,24.5547093550347
2022-10-25,61.470001220703125,61.97999954223633,58.689998626708984,58.77000045776367,85501900,64.05528589844383,42.81642291399939,39.461199805505736,61.10699996948242,74.4513998413086,94.90839992523193,59.29786457361839,62.42101070779849,64.61127023848276,61.44126988971045,58.27126954093813,-1219864700,-4.310873827817922,-5.256750439180321,0.9458766113623991,43.893136069173174,32.40034225500034
2022-10-26,59.72999954223633,61.77000045776367,59.150001525878906,59.689998626708984,79761600,50.82409697992211,39.48723333308219,37.78472685770733,60.67549991607666,73.64199989318848,94.54704992294312,59.384291567341975,62.176373329111016,64.26555603269546,61.10317472427611,57.940793415856746,-1299626300,-3.9964089204887756,-5.004682135442012,1.0082732149532365,54.54545821131812,41.57028788868117
2022-10-27,58.599998474121094,62.720001220703125,58.5099983215332,61.599998474121094,83871400,43.77713868018496,37.45065360259875,36.72540673903735,60.39849987030029,72.84859992980957,94.15349992752076,59.2274329486978,61.851248342293744,63.98015903291248,60.72396832420712,57.46777761550177,-1383497700,-3.7946326945906463,-4.762672247271739,0.968039552681093,49.44782852494343,49.29547426847822
2022-10-28,62.0099983215332,62.349998474121094,58.91999816894531,59.099998474121094,78198600,62.570452300588585,46.429678091676244,41.86718069227129,60.330999755859374,72.07999984741211,93.7761999130249,59.78394602326489,61.86568015858824,63.76254018147787,60.55111113048735,57.33968207949684,-1305299100,-3.3212794506365455,-4.474393687944701,1.1531142373081558,91.28830961668619,65.09386545098256
2022-10-31,60.060001373291016,61.86000061035156,59.529998779296875,60.75,73274100,50.89603559774727,42.65850659231669,39.92745646605831,60.02849979400635,71.36219993591308,93.41279989242554,59.83915709327012,61.70152754174304,63.57396861485073,60.373968215215776,57.17396781558082,-1378573200,-3.0681246206104973,-4.193139874477861,1.125015253867364,67.36197117306365,69.36603643823106
2022-11-01,59.65999984741211,61.9900016784668,59.43000030517578,61.4900016784668,83806700,48.6611405025086,41.90658036499154,39.53465141958449,59.616499710083005,70.69860000610352,93.02669986724854,59.80332564409852,61.515934114985676,63.284920828683035,60.13063485281808,56.976348876953125,-1462379900,-2.86672851230567,-3.927857602043423,1.061129089737753,62.453977909396514,73.7014195663821
2022-11-02,58.630001068115234,63.93000030517578,58.56999969482422,63.0,142669400,42.84741973507515,39.953654141282314,38.51462526506654,59.15099964141846,70.02140007019042,92.6601999092102,59.56866072890187,61.25357656527018,63.08253993685284,59.76111100211977,56.4396820673867,-1605049300,-2.7584354125542774,-3.6939731641455937,0.9355377515913164,35.523133211807554,55.11302743142256
2022-11-03,60.11000061035156,62.279998779296875,58.029998779296875,58.11000061035156,95279900,52.610001743316204,43.99251801725336,40.80876985338748,58.76399974822998,69.36900001525879,92.31939989089966,59.67692870519181,61.14961511482303,62.75730151221866,59.43206332978748,56.106825147356304,-1509769400,-2.5240925884389824,-3.4599970490042717,0.9359044605652893,53.52799114916114,50.50170075678838
2022-11-04,62.189998626708984,63.0,60.529998779296875,62.5,84791300,63.20877662377822,49.16740572867505,43.88510475702039,58.95149974822998,68.66919998168946,92.02089988708497,60.17954268949525,61.244195434085384,62.43095240517269,59.11333308144222,55.79571375771175,-1424978100,-2.1458003051242684,-3.197157700228271,1.0513573951040027,78.83209951253559,55.96107462450141
2022-11-07,63.08000183105469,63.529998779296875,61.400001525878906,62.93000030517578,62722500,66.99853945029648,51.24328756979972,45.16009466803785,59.214999771118165,68.10720001220703,91.74224990844726,60.75963451780714,61.41108692471895,62.37190482729957,59.22952361333938,56.08714239937918,-1362255600,-1.753966490726178,-2.9085194583278526,1.1545529676016746,89.65938749522003,74.00649271897224
2022-11-08,63.849998474121094,64.95999908447266,62.369998931884766,64.08999633789062,75938000,70.1868072822347,53.030428883775386,46.264409821297,59.52599964141846,67.61440002441407,91.47884990692138,61.37770730906994,61.63280615648278,62.666825309632316,59.51968226357113,56.372539217509924,-1286317600,-1.365561730246874,-2.599927912711657,1.234366182464783,87.99999340160473,85.49716013645343
2022-11-09,59.91999816894531,63.04999923706055,59.79999923706055,62.279998779296875,62940300,44.095308763226505,44.13791196469727,41.775630492255736,59.62949962615967,67.07399993896485,91.22279991149902,61.086165481045015,61.47709633943392,62.846349140954395,59.68111080593534,56.51587247091627,-1349257900,-1.359198347033555,-2.3517819995760365,0.9925836525424816,45.513503615920605,74.39096150424844
2022-11-10,68.47000122070312,68.80000305175781,63.619998931884766,64.30000305175781,107996300,71.62927904524909,59.894491781891155,52.3016352208662,60.10599975585937,66.74599990844726,91.01159992218018,62.56293262897664,62.11281496500385,63.448571644132095,60.131904541500035,56.81523743886797,-1241261600,-0.6566718250363621,-2.012759964668102,1.3560881396317397,97.28169897898744,76.93173199883756
2022-11-11,72.37000274658203,73.31999969482422,68.29000091552734,69.58000183105469,111709500,77.65359788310343,64.77513752209467,56.087383581483074,60.92749996185303,66.54679992675781,90.86044994354248,64.52434665249771,63.04528658151096,64.06301613459512,60.77206336127388,57.481110587952635,-1129552100,0.21233536463309832,-1.5677408988078618,1.7800762634409601,93.78680908202273,78.8606705589769
2022-11-14,73.52999877929688,75.25,72.66999816894531,75.22000122070312,108892800,79.22790968746486,66.09671155423113,57.1450438485702,61.70599994659424,66.41259994506837,90.70189994812011,66.32547707785756,63.99844223585513,64.78000041416713,61.56142843337286,58.34285645257859,-1020659300,0.983296973227354,-1.0575333244008187,2.0408302976281725,90.01160802105393,93.69337202735467
2022-11-15,76.37000274658203,79.16000366210938,75.38999938964844,77.26000213623047,108946300,82.79001885931966,69.14857146742226,59.63358406869222,62.62850017547608,66.36559997558594,90.51249996185302,68.33438221160246,65.12312955501213,65.80269919501411,62.47174605112228,59.14079290723045,-911713000,1.8026740830692205,-0.4854918429068109,2.288165925976031,86.79602332796063,90.19814681034575
2022-11-16,72.69999694824219,74.83000183105469,71.93000030517578,73.66000366210938,79968000,65.39893183673662,61.4505198569354,55.29560750044594,63.40200004577637,66.22739990234375,90.29209995269775,69.20750515893042,65.8119356816694,66.45476271614196,63.18047617352198,59.906189630902006,-991681000,2.131328916461584,0.03787230896686805,2.0934566074947156,69.42732976308082,82.07832037069845
2022-11-17,73.9000015258789,74.37999725341797,70.16000366210938,70.55999755859375,82320800,68.0336781915845,62.90469716237555,56.38028448792481,64.20850009918213,66.0497999572754,90.04779994964599,70.14600443232013,66.54721439477935,67.26190524631076,63.90428573366196,60.54666622101315,-909360200,2.4602602318202287,0.5223498935375402,1.9379103382826885,75.10647931506612,77.10994413536918
2022-11-18,73.56999969482422,75.3499984741211,72.18000030517578,75.06999969482422,73223200,66.36600976737853,62.20971259327927,55.989716093723594,64.94600009918213,65.81220001220703,89.81524993896484,70.83080348482095,67.18564942205614,68.00539719112336,64.63015868171813,61.25492017231291,-982583400,2.6636078657997473,0.9506014879899818,1.7130063778097655,73.54471048025096,72.69283985279928
2022-11-21,72.45999908447266,72.9800033569336,71.56999969482422,72.20999908447266,51536300,60.390906480624665,59.81584630328202,54.65822764983586,65.63400001525879,65.56860000610351,89.5595499420166,71.1566426047513,67.66513575500309,68.61174659123496,65.32174603901213,62.03174548678928,-1034119700,2.7040242498206197,1.3012860403561093,1.4027382094645104,68.29151429545284,72.31423469692328
2022-11-22,75.25,75.33000183105469,72.11000061035156,72.72000122070312,55450200,68.84994346546081,63.6066361218965,57.32501737133131,66.32299995422363,65.53300003051758,89.31744995117188,71.97531408380104,68.35466886818463,69.42079429020957,66.08888892521934,62.75698356022911,-978669500,2.9274385923882136,1.6265165507625303,1.3009220416256833,81.49549096749222,74.44390524773199
2022-11-23,76.4000015258789,78.22000122070312,75.30000305175781,75.48999786376953,81623600,71.82605373966662,65.0693529697997,58.379872722719746,67.15650005340576,65.51200012207032,89.05829998016357,72.86025157221661,69.08606274615684,70.16158791193887,66.8473017253573,63.53301553877573,-897045900,3.160855209371533,1.933384282484331,1.2274709268872022,85.74379387713643,78.51026638002715
2022-11-25,75.13999938964844,76.04000091552734,74.75,75.66999816894531,26018900,63.810452312992446,62.123237965216795,56.77243160492479,67.98350009918212,65.48160003662109,88.76974994659423,73.31620113570298,69.63642062283789,70.81698481241862,67.56603186471122,64.31507891700383,-923064800,3.2071973433272944,2.188146894652924,1.0190504486743706,79.2355198676521,82.1582682374269
2022-11-28,73.19000244140625,75.47000122070312,72.56999969482422,73.80999755859375,45383800,52.85596596966153,57.764305899800014,54.35113308081396,68.54250030517578,65.4152000427246,88.50684997558594,73.29096139684364,69.95947351543501,71.41174673655676,68.22317480662512,65.03460287669347,-968448600,3.051400713451926,2.360797658412724,0.6906030550392019,69.16322388346732,78.04751254275193
2022-11-29,73.38999938964844,74.48999786376953,72.77999877929688,73.62000274658203,51846400,53.83144328982207,58.08911409489296,54.558937086682455,69.20900020599365,65.34760009765625,88.3078999710083,73.3107689954046,70.27133950399987,71.92317526681083,68.81650815691266,65.7098410470145,-916602200,2.9105182020024927,2.470741767130678,0.4397764348718147,70.19626573537633,72.86500316216524
2022-11-30,77.62999725341797,77.69999694824219,72.80999755859375,73.37999725341797,88468400,69.75325767121582,64.34874979696653,58.72354158960288,70.10750007629395,65.39520004272461,88.12469997406006,74.17461464700727,70.9403083903106,72.78619088066948,69.557619125124,66.32904736957853,-828133800,3.1052053151903607,2.5976344767426145,0.5075708384477462,90.15440191137385,76.50463051007249
2022-12-01,77.4800033569336,79.2300033569336,76.44000244140625,78.30999755859375,59833400,68.74681729654273,63.98467483070828,58.52516927255349,71.05000019073486,65.45520004272461,87.90474998474122,74.83569238899254,71.53482611454905,73.62365129258897,70.38412717788938,67.14460306318979,-887967200,3.2103856734933203,2.720184716092756,0.49020095740056435,84.00365987692548,81.45144250789188
2022-12-02,74.9800033569336,76.27999877929688,73.6500015258789,75.05000305175781,64377200,53.35069631376433,58.08576789856517,55.27172464921134,71.79350032806397,65.56480010986328,87.69119998931885,74.86455458258075,71.84802404567492,74.18857180883015,71.07904785398452,67.96952389913892,-952344400,3.056776145970076,2.7875030020682203,0.26927314390185586,53.1422255457709,75.76676244469006
2022-12-05,73.62000274658203,75.16999816894531,72.81999969482422,74.54000091552734,47022200,46.54582671507827,55.109280189217266,53.57781595758528,72.36500053405761,65.67800018310547,87.49744998931885,74.61564421538101,72.00911301848465,74.75190510825506,71.73285741654654,68.71380972483801,-999366600,2.793101668070875,2.788622735268752,0.004478932802123303,38.147730991072685,58.431205471256334
2022-12-06,70.2699966430664,73.38999938964844,69.4000015258789,73.08000183105469,64965200,33.80178698284169,48.514543151334266,49.658650959980314,72.7245002746582,65.75740005493164,87.2796499633789,73.7465147009181,71.85101152981026,75.2582541571723,72.16682567293681,69.07539718870132,-1064331800,2.2874519273500766,2.688388573685017,-0.4009366463349404,8.850406461156842,33.38012099933346
2022-12-07,70.13999938964844,71.37000274658203,69.27999877929688,69.52999877929688,59180100,33.37625346111466,48.27313523234393,49.511721021145334,73.03900032043457,65.8168000793457,87.05209995269776,73.02521163866416,71.69546497161373,75.61793699718658,72.52841295514789,69.4388889131092,-1123511900,1.8548496210728018,2.5216807831625743,-0.6668311620897724,8.643218238155082,18.547118563461517
2022-12-08,70.47000122070312,71.22000122070312,69.0,70.13999938964844,56734100,35.8368653014098,48.967351096656316,49.905086585882046,73.56650047302246,65.85900009155273,86.85564994812012,72.51416955507196,71.5840591760764,75.91000063457187,72.83809558928958,69.76619054400732,-1066777800,1.5211032352009823,2.321565273570256,-0.8004620383692735,14.369508683560712,10.621044460957526
2022-12-09,68.58999633789062,70.66999816894531,68.5199966430664,69.48999786376953,59058300,28.612579163169386,45.24215632334349,47.6919966669675,73.57250022888184,65.94800003051758,86.61554992675781,71.72933491163569,71.31187164533223,76.25460379464286,73.23507962908064,70.21555546351843,-1125836100,1.0923146147613636,2.0757151418084776,-0.983400527047114,0.6535915120723873,7.888772811262709
2022-12-12,70.66999816894531,70.66999816894531,67.52999877929688,68.54000091552734,60968300,43.684780642685496,49.79303988555666,50.24415854339148,73.4875,66.09419998168946,86.36359992980957,71.51746756309761,71.25351951111524,76.28412725055028,73.3617461673797,70.43936508420913,-1064867800,0.9098471566120594,1.842541544769194,-0.9326943881571346,26.83759112069241,13.953563772108483
2022-12-13,71.6500015258789,75.20999908447266,70.66000366210938,74.87000274658203,72458000,49.69031541684676,51.824571126489154,51.41187976522764,73.3935001373291,66.205,86.10514995574951,71.54397435565387,71.28956333063921,76.31746043856182,73.41793665810236,70.51841287764292,-992409800,0.8346965992805337,1.6409725556714618,-0.8062759563909281,35.213684911345815,20.90162251470352
2022-12-14,68.93000030517578,72.0,68.31999969482422,70.93000030517578,67278000,36.666944523167345,46.23295383894834,48.133994892211895,73.0215000152588,66.22559997558594,85.88064994812012,71.02117954555825,71.07505760105163,76.17619057307168,73.22428591289217,70.27238125271268,-1059687800,0.5493255911808745,1.4226431627733445,-0.8733175715924699,11.965820325872832,24.672365452637
2022-12-15,66.52999877929688,68.20999908447266,66.12000274658203,67.5999984741211,58557000,28.701932162346196,41.93370969243353,45.460310245392414,72.71300010681152,66.19739990234375,85.62189994812012,70.12294339230598,70.66187043543756,75.61904725574313,72.7471429734003,69.87523869105748,-1118244800,0.12803108315597456,1.1637207468498707,-1.0356896636938961,3.1273532694660124,16.768952835561535
2022-12-16,65.41000366210938,67.19000244140625,64.80000305175781,66.25,62438600,25.589119831222277,40.06148979043048,44.2608448023806,72.28850021362305,66.14860000610352,85.389049949646,69.18035544626667,70.18442800149863,75.2446028694274,72.39698440309556,69.5493659367637,-1180683400,-0.2928463451081882,0.872407328458259,-1.1652536735664472,4.227308367642697,6.440160654327161
2022-12-19,64.58999633789062,65.58999633789062,63.709999084472656,65.12000274658203,46246900,23.362977895547886,38.69916259484186,43.3846548884936,71.83950004577636,66.27159996032715,85.16994991302491,68.26228362459148,69.67584330480699,74.74349176316034,72.00730169387091,69.27111162458148,-1226930300,-0.6846700273598572,0.5609918572946357,-1.245661884654493,5.6700838348315195,4.341581823980057
2022-12-20,65.05000305175781,66.05999755859375,63.52000045776367,63.7599983215332,52431300,27.60279375584905,39.93317668194797,44.03441225751629,71.46900024414063,66.41639999389649,84.98044994354248,67.61982751002475,69.25531237271161,74.2933330233135,71.5871430048867,68.88095298645987,-1174499000,-0.9471561940877535,0.2593622470181579,-1.2065184411059113,9.739034447122744,6.5454755498656345
2022-12-21,67.68000030517578,67.8499984741211,65.20999908447266,65.43000030517578,44167600,47.52153427969551,46.55715751720187,47.62710375126541,71.09050025939942,66.61739997863769,84.79119995117188,67.63186206905496,69.11210218475381,74.09365021236358,71.32888896881589,68.56412772526816,-1130331400,-0.9322135957347939,0.021047078467567565,-0.9532606742023615,32.601883970406796,16.003667417453666
2022-12-22,63.86000061035156,66.30999755859375,62.2599983215332,66.08000183105469,73917700,32.11901971616129,39.70775817571608,43.39681598147067,70.46350021362305,66.73760002136231,84.55524993896485,66.87748977731428,68.63463840526269,73.6528563726516,70.84857141403924,68.0442864554269,-1204249100,-1.2146122354073867,-0.22608478430742332,-0.9885274510999634,12.355229301586414,18.232049239705297
2022-12-23,64.5199966430664,64.66000366210938,62.720001220703125,63.11000061035156,45923000,36.39330261964748,41.314188252643035,44.29058944176742,69.93250007629395,66.84919998168945,84.34554992675781,66.4059911504647,68.26058006324484,73.00269777812656,70.24507928273034,67.48746078733413,-1158326100,-1.369373739829939,-0.4547425754119265,-0.9146311644180125,17.4517234624488,20.80294557814732
2022-12-27,63.27000045776367,64.27999877929688,62.970001220703125,63.869998931884766,36086000,31.837152872088367,39.18472921509409,42.94782364001384,69.43649997711182,66.99580001831055,84.140449924469,65.77879301192449,67.80689100820109,72.4415865095835,69.68301579308888,66.92444507659427,-1194412100,-1.5747350274235572,-0.6787410658142526,-0.8959939616093046,7.799243835729425,12.535398866588196
2022-12-28,62.56999969482422,63.540000915527344,61.959999084472656,62.540000915527344,39526500,29.36656270335631,38.00341033167335,42.19881970959272,68.8954999923706,67.08800003051758,83.94204992294311,65.13703434850444,67.33080997971228,71.8523801167806,69.15666652861096,66.46095294044132,-1233938600,-1.7735254415000696,-0.8976979409514161,-0.8758275005486535,4.603778191332547,9.951581829836906
2022-12-29,64.81999969482422,65.18000030517578,63.060001373291016,63.63999938964844,41428500,45.63803593438413,43.86179038236333,45.398709376000255,68.25500011444092,67.22600006103515,83.71949991226197,65.0736274177684,67.10255449926791,71.43380876571412,68.71857137528677,66.00333398485941,-1192510100,-1.7295746212865026,-1.0640732770184336,-0.6655013442680691,21.584910266804247,11.329310764622056
2022-12-30,64.7699966430664,64.81999969482422,63.13999938964844,63.77000045776367,37127000,45.35937324857747,43.76281807430401,45.340391364186914,67.61949977874755,67.37680000305176,83.46649988174438,65.01290126282801,66.89050378506776,70.71888823736282,68.15650794619606,65.5941276550293,-1229637100,-1.6794188133245171,-1.1871423842796502,-0.4922764290448669,21.207528744103772,15.798739067413502
2023-01-03,64.0199966430664,66.87999725341797,63.59000015258789,66.0,46851800,40.86798035721562,42.2238329093919,44.44512303047259,67.0714994430542,67.50179992675781,83.22814985275268,64.81432033887569,66.62954859034036,70.12904654608832,67.5428569127643,64.95666727944027,-1276488900,-1.6808133362793711,-1.2858765746795944,-0.39493676159977675,15.547151385613208,19.446530132173724
2023-01-04,64.66000366210938,65.79000091552734,63.310001373291016,65.0,47477100,46.311729862095326,44.03255882636429,45.40681288975939,66.62349948883056,67.61860000610352,82.98414987564087,64.78345700352243,66.45049905141028,69.62745938982282,67.0484125046503,64.46936561947777,-1229011800,-1.6116966523314176,-1.3510405902099591,-0.2606560621214584,26.892473420605292,21.215717850107406
2023-01-05,62.33000183105469,64.3499984741211,62.29999923706055,64.1500015258789,46159500,33.02820870120111,39.218896585765826,42.60008692524537,66.22649974822998,67.69120002746583,82.71619989395141,64.29276596902888,66.07590839501431,69.09523718697685,66.53047597975959,63.96571477254232,-1275171300,-1.7250475827431444,-1.4258419887165963,-0.2992055940265481,5.9200439453125,16.119889583843648
2023-01-06,63.959999084472656,64.30000305175781,60.04999923706055,63.150001525878906,70161300,46.02477258283751,43.843918346884095,45.0827814742463,65.9174997329712,67.74099998474121,82.4620998954773,64.22621259211763,65.88355300314689,68.71476134042891,66.1376188974532,63.56047645447747,-1205010000,-1.6641683589156457,-1.473507262756406,-0.19066109615923965,50.12820807512802,27.646908480348586
2023-01-09,67.23999786376953,69.31999969482422,65.66999816894531,66.22000122070312,69741300,63.2472203674446,51.793154624218126,49.66304978792888,65.75599956512451,67.89119995117187,82.22869989395141,64.82896964644802,66.0068661722944,68.65317384023516,66.00174579923114,63.35031775822714,-1135268700,-1.3358537554725274,-1.4459765612996303,0.11012280582710288,77.56200940300197,44.536753807814144
2023-01-10,68.05000305175781,68.1500015258789,66.55999755859375,66.66999816894531,41149600,66.42224711925512,53.54214168265781,50.7241006921675,65.72899990081787,68.08020004272461,81.96629991531373,65.47317632750998,66.19260588860925,68.49730095030769,65.87587277851408,63.25444460672046,-1094119100,-0.9987880112205971,-1.3565388512838237,0.35775084006322655,86.29992901453659,71.33004883088883
2023-01-11,69.05999755859375,69.12999725341797,67.22000122070312,68.38999938964844,44470100,70.2657455583906,55.700353370066466,52.04189521840852,65.6484998703003,68.22120002746583,81.71324991226196,66.19054057372674,66.45327785860783,68.4482531471858,65.83825380839998,63.22825446961418,-1049649000,-0.6427536012332382,-1.2137818012737065,0.5710282000404683,97.1952305998786,87.01905633913903
2023-01-12,70.80000305175781,71.6500015258789,67.18000030517578,70.06999969482422,70066200,75.95560764904579,59.215521181268294,54.24574210665008,65.60599994659424,68.43600006103516,81.4660499382019,67.11243306933295,66.84843469434874,68.52365021478562,65.8503174554734,63.17698469616118,-979582800,-0.21768057855503287,-1.014561556729972,0.7968809781749391,92.67242839304923,92.05586266915479
2023-01-13,71.0,71.0999984741211,69.2300033569336,69.83999633789062,45757400,76.57390665980063,59.61221304249673,54.497010142470096,65.70949993133544,68.66280006408691,81.20489992141724,67.88994645546636,67.22584972213522,68.29777714562795,65.75206344846696,63.206349751305964,-933825400,0.1337887037854415,-0.7848915046268894,0.9186802084123309,94.39653967563899,94.75473288952224
2023-01-17,71.58999633789062,72.66000366210938,70.6500015258789,70.87000274658203,42621300,78.52849137627923,60.822817324270325,55.254859192536195,65.96249980926514,68.92199996948243,80.96674989700317,68.62995643195121,67.62259032356754,68.30793598720005,65.8417460123698,63.375556037539525,-891204100,0.45469695247327024,-0.5369738132068576,0.9916707656801278,91.51461579114707,92.86119461994508
2023-01-18,70.52999877929688,72.77999877929688,70.5,71.87000274658203,39538700,66.55613774799883,57.48874360162136,53.57877338797533,66.21849956512452,69.13039993286132,80.7726999092102,69.00996490142035,67.88690018317929,68.52253922962007,66.04730151948475,63.57206380934942,-930742800,0.6163808525833332,-0.30630288004881945,0.9226837326321526,82.32521538956212,89.4121236187827
2023-01-19,67.70999908447266,69.25,67.2699966430664,68.97000122070312,47189900,44.767146068643136,49.68562352799794,49.41016208788561,66.37449970245362,69.24079994201661,80.57029989242554,68.74997173803081,67.87081826511505,68.61142809428866,66.1557140047588,63.69999991522894,-977932700,0.5110747490644201,-0.14282735422617154,0.6539021032905916,60.17282107510938,78.00421741860616
2023-01-20,70.06999969482422,70.12999725341797,67.44999694824219,68.01000213623047,47757600,58.43312381001233,55.16971522079457,52.63441950826945,66.62549953460693,69.380599899292,80.36799989700317,69.01397732938949,68.07074384963406,68.86793621002681,66.37412673707993,63.88031726413303,-930175100,0.6110079103917059,0.007939698697403949,0.6030682116943019,78.71171106109419,73.73658250858854
2023-01-23,76.52999877929688,76.58999633789062,71.54000091552734,72.22000122070312,84293200,77.06942586332251,66.07120919413263,59.94068479786625,67.06799945831298,69.6341999053955,80.21654989242553,70.51718161937097,68.83976702505795,69.4641265263633,66.8507933238196,64.23746012127589,-845881900,1.1976676314420587,0.2458852852463349,0.9517823461957238,99.63725774419429,79.50726329346593
2023-01-24,74.69999694824219,75.63999938964844,73.41999816894531,73.75,60822600,66.8767578831275,61.50820052274849,57.32202938538198,67.60999927520751,69.92979988098145,80.07169988632202,71.35374468514522,69.37251519989289,69.80952338566856,67.21619009593175,64.62285680619496,-906704500,1.49766962999918,0.496242154196904,1.001427475802276,88.5731576727206,88.97404215933632
2023-01-25,74.91000366210938,75.12000274658203,72.08999633789062,72.9000015258789,49932600,67.4692234105302,61.833949155760585,57.544553395222195,68.12949962615967,70.05859992980957,79.92764989852905,72.06499648053806,69.87592324191257,70.23222223917644,67.68746003650483,65.14269783383324,-856771900,1.7323991430233718,0.7434735519621976,0.9889255910611743,89.84284782192049,92.68442107961177
2023-01-26,75.16000366210938,77.08000183105469,74.27999877929688,76.5,49583900,68.2797275390341,62.24358378645138,57.81827522562341,68.72399978637695,70.11439994812012,79.7984499168396,72.68399791685232,70.3562941892032,70.82269850231353,68.23698388962518,65.65126927693684,-807188000,1.9165046117115736,0.9780797639120727,0.9384248477995009,88.72579050796841,89.04726533420313
2023-01-27,75.4000015258789,76.73999786376953,73.48999786376953,73.69999694824219,58118600,69.16475514027593,62.65793613859138,58.08946403172271,69.3654998779297,70.15180000305176,79.68859991073609,73.22719863865764,70.8148130379919,71.47238110739087,68.79428542606414,66.11618974473741,-749069400,2.058051408372421,1.1940740928041425,0.8639773155682786,85.27607567073122,87.94823800020669
2023-01-30,72.44999694824219,74.63999938964844,72.4000015258789,74.2300033569336,48105200,48.99935548659421,54.71013763522096,53.65653745600874,69.74699974060059,70.07339988708496,79.57534990310668,73.07175830057454,70.96346612074193,72.0025396195669,69.29301555572995,66.58349149189299,-797174600,1.9101683179861482,1.3372929378405436,0.5728753801456046,55.98856461557875,76.6634769314261
2023-01-31,75.1500015258789,75.19999694824219,72.02999877929688,72.26000213623047,71669100,61.36951299905408,59.743243208769925,56.81024133057109,70.26599998474121,70.1223999786377,79.46239992141723,73.48740694563543,71.34406024848165,72.51793634323846,69.75841231573196,66.99888828822544,-725505500,1.9879221785150776,1.4674187859754506,0.520503392539627,80.5050504272075,73.92323023783912
2023-02-01,84.63999938964844,85.4800033569336,77.87999725341797,78.47000122070312,152548200,80.90450741208511,71.66315094127364,65.44977150905552,71.29700012207032,70.33719993591309,79.42029993057251,75.71792543443803,72.55278198858772,73.67714303637308,70.63571397085038,67.59428490532768,-572957300,2.7832229281359986,1.7305796144075603,1.0526433137284383,95.40981515189164,77.30114339822593
2023-02-02,88.30999755859375,88.94000244140625,83.19999694824219,84.29000091552734,97762100,84.53397413760807,74.77392334268909,68.03494499375451,72.47949981689453,70.63199989318848,79.39239992141724,78.23633985926918,73.98525613131554,74.8407942756774,71.68269814385307,68.52460201202877,-475195200,3.667367552533946,2.1179372020328375,1.5494303505011087,97.09273320609464,91.0025329283979
2023-02-03,86.08999633789062,88.80000305175781,85.83000183105469,86.66000366210938,66557800,74.28497313460011,69.78345615583207,64.96108177462116,73.66749954223633,70.90459983825684,79.33819990158081,79.80707115499347,75.085687059186,75.92698475671193,72.7455552116273,69.56412566654267,-541753000,4.141185977945952,2.5225869572154607,1.6185990207304912,86.84815255686749,93.11690030495123
2023-02-06,83.68000030517578,86.27999877929688,83.22000122070312,84.62999725341797,53008900,64.15264640141726,64.73263361296095,61.79255818267173,74.65349960327148,71.07319984436035,79.28649991989136,80.58165698502992,75.86698826336689,76.99412754603794,73.76460284278507,70.53507813953217,-594761900,4.272967841651081,2.872663134102585,1.400304707548496,75.72680789668529,86.55589788654912
2023-02-07,85.91000366210938,86.25,82.5199966430664,84.31999969482422,65291900,68.86773039170724,67.10516119649618,63.51412092595593,75.58699989318848,71.26339988708496,79.2667999458313,81.64732632044581,76.77998966325256,78.02285766601562,74.81809488932292,71.6133321126302,-529470000,4.505412956028422,3.1992130984877525,1.30619985754067,86.01754513822509,82.86416853059261
2023-02-08,84.69000244140625,88.0,84.54000091552734,85.87999725341797,54140400,63.39361618272617,64.54685366204704,61.91840865503842,76.4189998626709,71.45439994812011,79.24954996109008,82.2558615446379,77.4990817339938,78.88682592482795,75.69111088344029,72.49539584205264,-583610400,4.538862302039718,3.467142939198146,1.0717193628415718,80.22336475738958,80.65590593076662
2023-02-09,83.20999908447266,86.66999816894531,82.76000213623047,85.87999725341797,46525400,56.818932884630634,61.48453865108655,60.006401696314555,77.12649993896484,71.65479988098144,79.21214994430542,82.44668905260485,78.01825603858279,79.78904772561694,76.48285687158977,73.17666601756261,-630135800,4.3952811822414475,3.6527705878068066,0.7425105944346408,67.0689491123814,77.76995300266533
2023-02-10,81.4800033569336,82.70999908447266,80.47000122070312,82.29000091552734,49332600,49.602878936694935,58.01944204396892,57.82433599888266,77.66049995422364,71.81659996032715,79.19374994277955,82.25335191347061,78.33296034025105,80.42777809264167,77.10587286570716,73.78396763877264,-679468400,4.094694820291068,3.741155434303659,0.35353938598740875,55.88410722116848,67.72547369697979
2023-02-13,83.12999725341797,84.1500015258789,80.9000015258789,81.56999969482422,45400000,55.99862869476196,60.31654717480099,59.300064354111264,78.26699981689453,71.92659996032715,79.18484991073609,82.42868098146009,78.7690546050844,80.98158748566159,77.71777755495103,74.45396762424045,-634068400,3.9441529407584284,3.7817549355946127,0.16239800516381564,65.64160893112702,62.86488842155895
2023-02-14,85.94999694824219,86.19000244140625,81.7699966430664,82.69999694824219,55979700,65.08591762895145,63.94749127663804,61.694885773822264,78.98499984741211,72.09599983215332,79.16639989852905,83.13294417481652,79.42186754537147,81.77888948955234,78.3936504787869,75.00841146802145,-578088700,4.0062166524979546,3.8266472789752815,0.1795693735226731,82.31812628246891,67.94794747825478
2023-02-15,85.18000030517578,85.88999938964844,83.31999969482422,85.0999984741211,46430200,60.960769196374784,62.272055573324195,60.675732820468774,79.71749992370606,72.29999977111817,79.1646999168396,83.54235540088837,79.94533415989912,82.43238140287853,79.02047584170387,75.60857028052921,-624518900,3.947762943416791,3.8508704118635833,0.09689253155320765,77.7646284923309,75.24145456864225
2023-02-16,80.08000183105469,83.3499984741211,80.05000305175781,82.9800033569336,57755200,40.539166475706274,52.46687967862678,54.447632842111666,80.33600006103515,72.42919975280762,79.11589994430543,82.84988468692163,79.95757667545871,82.9519051445855,79.4914283146934,76.03095148480128,-682274100,3.450139641290363,3.7707242577489395,-0.3205846164585764,47.60497521236873,69.22924332905616
2023-02-17,78.5,79.6500015258789,77.37000274658203,79.5999984741211,47826600,36.04956121621191,49.8481913083234,52.69573526030133,80.75750007629395,72.59379981994628,79.05274995803833,81.9799077495373,79.82506970496246,83.46285744318887,79.98809511699375,76.51333279079861,-730100700,2.8949059720041674,3.595560600599985,-0.7006546285958177,38.26138272932845,54.543662144676006
2023-02-21,76.7699966430664,78.45999908447266,76.44999694824219,77.1500015258789,44045600,31.47021338295319,47.07751282353098,50.82379779995275,80.76949996948242,72.72639976501465,78.93949995040893,80.93792552824313,79.54733579024463,83.81238132052951,80.36952366904606,76.92666601756261,-774146300,2.288897490705409,3.33422797862107,-1.0453304879156606,2.5620460695502385,29.476134670415785
2023-02-22,76.61000061035156,78.12999725341797,75.91999816894531,76.93000030517578,50286800,31.032724452421903,46.81833392869088,50.64983302962861,80.8650001525879,72.84919975280762,78.85319993972779,80.07234054466483,79.28030531934525,83.77238149491568,80.46476176428416,77.15714203365265,-824433100,1.7752570028535644,3.022433783467569,-1.2471767806140046,5.299556182678819,15.374328327185813
2023-02-23,79.75,81.79000091552734,77.97000122070312,80.62999725341797,76391300,48.04305001868959,52.36140104177485,53.88823980184746,81.10699996948242,73.0723998260498,78.77524995803833,80.00787243573187,79.3230048357684,84.09857201954675,80.71476188538567,77.33095175122459,-748041800,1.6030855519689169,2.7385641371678386,-1.1354785851989218,29.736027788045075,12.53254334675802
2023-02-24,78.08999633789062,78.80999755859375,76.94000244140625,77.75,46700000,41.54285192739166,49.42829353705768,52.00220723340364,81.25349960327148,73.22079978942871,78.73389993667602,79.62429721616363,79.21091315414314,84.22936503092448,80.90079352969215,77.57222202845982,-794741800,1.3175026638201501,2.454351842498301,-1.1368491786781507,17.963558278333913,17.66638074968591
2023-02-27,78.7699966430664,80.12000274658203,78.52999877929688,79.63999938964844,45617300,45.188297514643985,50.64786543577636,52.7110020260297,81.42199935913087,73.36319969177246,78.68409990310668,79.45343710154418,79.17082983495435,84.34476180303665,81.07380930582683,77.80285680861701,-749124500,1.1329861499988567,2.190078703998412,-1.0570925539995555,23.5926990242208,23.764095030199908
2023-02-28,78.58000183105469,80.13999938964844,77.41999816894531,77.87000274658203,44220100,44.26281982235542,50.282995349769074,52.484605904613026,81.72849960327149,73.55619972229005,78.63739992141724,79.27875004744628,79.11711819823618,84.48634919666108,81.24063473656064,77.99492027646019,-793344600,0.9603541253915182,1.9441337882770335,-0.9837796628855153,22.019894527426025,21.192050609993554
2023-03-01,78.29000091552734,80.29000091552734,77.87999725341797,78.55000305175781,44266000,42.66243477313819,49.69452047294774,52.12733633612762,81.8854995727539,73.79139976501465,78.5935499382019,79.0810002210625,79.04192571798993,84.76380980960906,81.50999983530195,78.25618986099485,-837610600,0.7910229319346769,1.7135116170085625,-0.9224886850738856,22.04653717750727,22.55304357638467
2023-03-02,80.44000244140625,80.91999816894531,76.6500015258789,77.56999969482422,60108600,56.61722667754027,53.99336137347718,54.52653749963951,81.6754997253418,74.09199974060058,78.52014993667602,79.35280066513126,79.16902360193686,85.06428600492931,81.75809515090216,78.451904296875,-777502000,0.8208516293598649,1.5349796194788232,-0.7141279901189583,44.01170780991152,29.35937983828158
2023-03-03,81.5199966430664,81.62999725341797,79.33999633789062,80.4000015258789,54536200,62.16748539442549,56.02617544117013,55.69265577318954,81.33599967956543,74.4305997467041,78.4565499305725,79.7862398607183,79.38274842385772,84.72396814255487,81.67063467843192,78.61730121430897,-722965800,0.9210206405307275,1.4121878236892043,-0.49116718315847674,54.527713188372424,40.195319391930376
2023-03-06,81.16000366210938,83.30000305175781,81.04000091552734,82.02999877929688,54541300,59.141000977810435,55.15141109195722,55.1993723953677,81.08950004577636,74.75279975891114,78.34999994277955,80.06099262099652,79.5443170818806,84.32095227922711,81.43333326067243,78.54571424211774,-777507100,0.9602872845280501,1.3218077158569734,-0.3615204313289233,51.022427587641424,49.85394952864177
2023-03-07,82.11000061035156,84.8499984741211,80.66999816894531,81.06999969482422,70959000,64.59863677030157,57.056899689018955,56.26801161596404,81.01100006103516,75.04139976501465,78.27914995193481,80.47079421886752,79.77756103901433,84.17079344249908,81.22555541992188,78.28031739734467,-706548100,1.0558915366988089,1.2686244800253406,-0.2127329433265317,62.0862756621579,55.878805479390564
2023-03-08,85.37000274658203,85.7699966430664,82.27999877929688,82.79000091552734,69529800,77.16099040622359,62.88454043577517,59.71537574454814,80.98400001525879,75.47159980773925,78.222649974823,81.45063592441043,80.28596483061139,84.19507913740856,81.22936490982298,78.26365068223741,-637018300,1.378819351555265,1.2906634543313256,0.08815589722393935,95.93914762996889,69.68261695992271
2023-03-09,84.02999877929688,87.80999755859375,83.58999633789062,85.29000091552734,79496700,65.66707162525086,59.321007500356316,57.758787862773076,80.95099983215331,75.86179985046387,78.17529996871949,81.96650849538773,80.62633155321916,84.23031700981988,81.24126955062623,78.2522220914326,-716515000,1.5092175298895114,1.3343742694429628,0.17484326044654863,68.20858727219294,75.41133685477321
2023-03-10,82.66999816894531,85.44999694824219,81.62999725341797,84.47000122070312,70273600,55.583183616515456,55.86110312563121,55.81822642317642,80.92399978637695,76.2497998046875,78.11329996109009,82.10720643009925,80.81211942737609,84.12872956291078,81.12253921750992,78.11634887210907,-786788600,1.4856922074750258,1.3646378570493753,0.12105435042565049,56.770398204365115,73.63937770217562
2023-03-13,82.01000213623047,83.83000183105469,78.5199966430664,81.38999938964844,65269100,51.02061391764188,54.208716736379984,54.88270823018656,80.9504997253418,76.63859985351563,78.0675499534607,82.0877655713255,80.92101785545375,84.06396811349052,80.99111066545758,77.91825321742466,-852057700,1.397680465566495,1.3712463787527993,0.026434086813695634,51.21954819095432,58.73284455583744
2023-03-14,87.44999694824219,88.30000305175781,83.58999633789062,83.66999816894531,66616300,72.9679965328364,63.731667411100354,60.57640970667398,81.166499710083,77.09119979858399,78.04154993057251,83.16021184670885,81.51456140934361,84.41460333930122,81.22412642221602,78.03364950513082,-785441400,1.7467571147095526,1.44634852594415,0.30040858876540266,92.7038112258831,66.89791920706749
2023-03-15,89.68000030517578,90.41999816894531,86.22000122070312,86.7699966430664,86177400,77.85030693813914,66.78139999759807,62.599172992853404,81.35299987792969,77.58939987182617,77.99619993209839,84.46416953840225,82.25687403623745,84.74777778746589,81.51206292046442,78.27634805346293,-699264000,2.178236157586028,1.5927260522725255,0.5855101053135023,94.62601275112044,79.51645738931927
2023-03-16,96.5999984741211,96.69000244140625,89.0199966430664,89.72000122070312,115839200,86.75698472883089,74.06839817820025,67.93630638685451,81.92399978637695,78.24099990844726,77.96789991378785,86.89133532554602,83.56079443968142,85.35333336724175,81.96285659547837,78.57237982371497,-583424800,3.043488980637747,1.88287863794557,1.160610342692177,99.55087842727882,95.62690080142742
2023-03-17,97.83999633789062,98.75,95.94000244140625,96.66000366210938,94080800,87.81092272751218,75.12154840036119,68.77114593230186,82.81199951171875,78.90459976196288,77.94779989242554,89.08106752801496,84.85890370315498,85.97015865265378,82.56825341118707,79.16634816972037,-489344000,3.785627187481694,2.263428347852795,1.5221988396288992,95.88233608624462,96.6864090882146
2023-03-20,96.80999755859375,96.94000244140625,92.9000015258789,96.30000305175781,92008900,81.3570500267033,72.48808046302509,67.2505759961378,83.72749938964844,79.59419967651367,77.92574987411498,90.62685353413072,85.94536678092213,86.69063507564485,83.2534914773608,79.81634787907676,-581352900,4.241768305179235,2.659096339318083,1.5826719658611523,91.22170780383549,95.55164077245296
2023-03-21,95.93000030517578,99.45999908447266,93.63999938964844,97.0,85285300,75.65616808070484,70.22305790645954,65.94815158379724,84.68549957275391,80.23359970092774,77.86244989395142,91.68748288833973,86.85306073767246,87.70857153998482,84.1028564695328,80.49714139908079,-666638200,4.480605373698921,3.0233981461942507,1.4572072275046706,84.52433512879998,90.54279300629334
2023-03-22,97.58000183105469,101.69999694824219,95.63999938964844,95.6500015258789,110816300,78.97158183442615,71.99032317463555,67.19359318969043,85.73399963378907,80.84039978027344,77.8188498878479,92.86598667688273,87.8282372007072,88.90523807586185,85.1066660805354,81.30809408520896,-555821900,4.748291456527198,3.3683768082608405,1.3799146482663578,82.22607824440986,85.9907070590151
2023-03-23,100.27999877929688,102.43000030517578,98.66999816894531,100.05000305175781,84088900,83.40860640446621,74.6424403751789,69.12541845324829,86.7604995727539,81.48499969482423,77.79199987411499,94.34878909736555,88.96021552603354,90.1015874469091,86.22920578245133,82.35682411799355,-471733000,5.1192898083860285,3.718559408285878,1.4007304001001506,91.00794146139738,85.9194516115357
2023-03-24,97.94999694824219,99.5199966430664,96.73999786376953,99.18000030517578,64712400,68.45164555393495,68.60544462753263,65.63831567602344,87.75349960327148,82.06279968261718,77.75534986495971,95.06903066754089,89.77746838259796,90.92031739250062,87.09745958116319,83.27460176982576,-536445400,5.165749455845017,4.007997417797705,1.1577520380473114,81.26305867517227,84.83235946032647
2023-03-27,96.61000061035156,98.93000030517578,95.43000030517578,98.0199966430664,57461400,60.913343652968564,65.33280361973922,63.70607885603813,88.64549980163574,82.57899963378907,77.72889986038209,95.37722465610304,90.39860767603011,91.9047621469649,88.00428505549355,84.10380796402221,-593906800,5.0363862301096844,4.213675180260101,0.8227110498495831,75.65872520526929,82.64324178061297
2023-03-28,94.55999755859375,96.94000244140625,92.87000274658203,96.7699966430664,59150100,50.66939300641086,60.572335273915385,60.841511922228875,89.44449958801269,83.05019958496094,77.70769983291626,95.21377923660118,90.77691584717225,92.76809534950861,88.74952322339256,84.73095109727649,-653056900,4.714105553622886,4.3137612549326585,0.4003442986902277,67.08489526894648,74.668893049796
2023-03-29,96.08999633789062,96.91000366210938,94.87000274658203,96.06999969482422,55326000,57.12680776620106,62.75367389047195,62.16881404099839,90.33449935913086,83.54019958496093,77.71404981613159,95.38902265685907,91.25992316451028,93.55682554699126,89.57063438778832,85.58444322858539,-597730900,4.529935632175437,4.356996130381215,0.17293950179422257,73.48388541933903,72.07583529785158
2023-03-30,97.87999725341797,99.52999877929688,97.25,98.0,59678500,63.782640788800386,65.18077560998447,63.67479429906549,91.20649909973145,84.08719955444336,77.76849981307983,95.88721757617085,91.86174808168371,94.47444431365481,90.49444386315724,86.51444341265967,-538052400,4.476811856414798,4.380959275587932,0.09585258082686643,80.9702954626967,73.84635871699405
2023-03-31,98.01000213623047,98.36000061035156,95.2699966430664,96.33999633789062,55861100,64.26612727549534,65.35734151443691,63.78426004779414,92.03099937438965,84.69319961547852,77.82359983444213,96.31177448818278,92.42068026846069,95.26952398390998,91.34571366083054,87.42190333775112,-482191300,4.394543625528513,4.3836761455760485,0.01086747995246462,76.53929279091211,76.99782455764925
2023-04-03,96.55999755859375,96.79000091552734,94.80999755859375,96.69999694824219,50655300,54.52414416583668,61.60503463826052,61.619050006903876,92.80099906921387,85.2229995727539,77.85989980697632,96.36141910226497,92.79698184029097,95.97968292236328,92.07063438778832,88.16158585321335,-532846600,4.16433830880581,4.3398085782220015,-0.17547026941619137,63.78776632871726,73.76578486077534
2023-04-04,95.87000274658203,97.2699966430664,95.20999908447266,97.04000091552734,43195900,50.1804660842536,59.84432367123638,60.59573307099186,93.48899917602539,85.60979965209961,77.92899980545045,96.2631358311284,93.07634737722651,96.6503174796937,92.75079297262525,88.8512684655568,-576042500,3.8814788499160784,4.248142632560818,-0.3666637826447392,51.081314189873446,63.802791103167586
2023-04-05,92.55999755859375,94.5,91.36000061035156,94.3499984741211,52979300,34.403201013609646,52.14500787403657,55.93685630683425,93.84849891662597,85.96699966430664,77.98394979476929,95.52250817662147,93.02940648462354,97.08952379983569,93.23952314588757,89.38952249193947,-629021800,3.351585938639701,4.0688312937765945,-0.7172453551368934,10.84008113210018,41.90305388356361
2023-04-06,92.47000122070312,92.91000366210938,90.62000274658203,91.47000122070312,47778400,34.05386699814292,51.94930834245823,55.81487579261539,94.27049903869629,86.31819961547852,78.02734979629517,94.9120067854378,92.97855146063077,97.3907939365932,93.59793599446614,89.8050780523391,-676800200,2.8910537682223207,3.83327578866574,-0.9422220204434191,15.66468125791364,25.862025526629065
2023-04-10,95.4800033569336,95.80000305175781,91.0199966430664,91.31999969482422,52536300,53.14779467183938,57.67120028651689,58.945294748388,94.9109992980957,86.724599609375,78.08599981307984,95.02560609973696,93.20595617847648,97.8439689515129,94.02444409567212,90.20491923983136,-624263900,2.7374056140251355,3.6141017537376188,-0.8766961397124833,41.15158014418977,22.552114178067843
2023-04-11,94.02999877929688,96.06999969482422,92.69000244140625,96.05999755859375,51935800,45.527623369790525,54.31573374836474,56.91454062337123,95.51199913024902,87.09719955444336,78.14399980545043,94.82648463564895,93.28086914218743,98.34746103438121,94.54888867575025,90.75031631711929,-676199700,2.4701606196258155,3.3853135269152586,-0.9151529072894431,28.87380810873666,28.563356503613335
2023-04-12,92.33000183105469,95.0,91.73999786376953,94.97000122070312,53383100,37.88552226716809,50.598698178383714,54.60857429067272,95.75599937438965,87.49479965209962,78.17024980545044,94.3271880747301,93.19442665935718,98.80079420786056,95.09984104217045,91.39888787648036,-729582800,2.0970183675201213,3.1276544950362313,-1.03063612751611,14.47925010982196,28.168212787582775
2023-04-13,92.08999633789062,93.16000366210938,91.83000183105469,92.79000091552734,40572500,36.83794168159605,50.07765611710419,54.28395122541438,95.87649917602539,87.83359954833985,78.19989976882934,93.87974972736221,93.09402390286022,98.92142898317367,95.38142843095083,91.841427878728,-770155300,1.7616270666433707,2.8544490093576593,-1.0928219427142887,16.4982519174107,19.950436711989752
2023-04-14,91.75,92.97000122070312,90.5,91.81999969482422,38734800,35.18409643805852,49.30311313462202,53.81020972259571,95.63399925231934,87.97579956054688,78.25474977493286,93.45379978188978,92.9718399116911,98.9803180997334,95.52269829644096,92.06507849314855,-808890100,1.451658367302585,2.5738908809466445,-1.1222325136440596,13.842748272191148,14.940083433141249
2023-04-17,89.87000274658203,90.69000244140625,88.30000305175781,90.2300033569336,47250800,27.108577169047564,45.145153026854295,51.22588216491555,95.23549957275391,88.00699966430665,78.31414979934692,92.73704037482824,92.68985471486302,98.51539732917908,95.309206402491,92.10301547580295,-856140900,1.04229099156575,2.267570903070466,-1.2252799115047162,13.980412218449418,14.773804136017068
2023-04-18,89.77999877929688,92.16000366210938,89.33000183105469,91.61000061035156,46246300,26.755778184400384,44.94970918830877,51.10304233021163,94.88399963378906,88.08079971313477,78.38069978713989,92.14563205572198,92.42532235708427,98.17888968331474,94.97174617222377,91.76460266113281,-902387200,0.7025038024549985,1.9545574829473726,-1.252053680492374,13.178951830851572,13.667370773830692
2023-04-19,89.94000244140625,90.54000091552734,88.22000122070312,88.51000213623047,37344500,28.734343576368616,45.402230159557895,51.31999938522031,94.58449974060059,88.20599975585938,78.4620498085022,91.70450613285882,92.19938418293172,97.81206427680122,94.68682558574375,91.56158689468627,-865042700,0.44104685181049774,1.6518553567199978,-1.2108085049095,15.207794800947637,14.122386283416189
2023-04-20,90.11000061035156,91.58000183105469,88.7300033569336,88.83000183105469,47082700,31.107067860365362,45.910960183368736,51.55874029416041,94.21099967956543,88.28999969482422,78.53659982681275,91.38560502835738,92.00944022178807,97.37523893326048,94.39142887176028,91.4076188102601,-817960000,0.2447365951039302,1.3704316043967844,-1.1256950092928542,18.639048357121897,15.675264996307014
2023-04-21,88.43000030517578,89.80000305175781,88.05999755859375,89.80000305175781,41118300,22.301644563634056,41.76890954916963,49.0722731973851,93.61849975585938,88.3647996520996,78.60199983596802,90.79448408372106,91.68403659300513,96.71508062453498,93.93698447091239,91.15888831728981,-859078300,-0.0458738764620108,1.0871705082250254,-1.1330443846870362,4.017402642371889,12.621415266813786
2023-04-24,87.56999969482422,88.63999938964844,86.33999633789062,88.11000061035156,40423800,18.99815309421281,39.789908386665665,47.83762124171995,93.09949989318848,88.45199966430664,78.64334981918336,90.1495872059417,91.31003323862505,96.02920762319414,93.32063523549881,90.6120628478035,-899502100,-0.3416414014324687,0.8014081262935266,-1.1430495277259953,11.253461322879737,11.30330410745782
2023-04-25,83.80000305175781,87.05999755859375,83.76000213623047,86.9000015258789,52771500,10.677802423730938,32.51669681526141,42.891885890460856,92.4590000152588,88.49839965820313,78.66559984207153,88.87967037510494,90.62730322163712,95.42555684891957,92.69222271631635,89.9588885837131,-952273600,-0.8702152184324916,0.467083457348323,-1.3372986757808145,0.3249465756345228,5.1986035136286946
2023-04-26,85.94000244140625,87.3499984741211,85.31999969482422,86.51000213623047,47786600,31.201774539093577,39.29941155556843,46.19312447614681,92.02800025939942,88.55459976196289,78.71054986953736,88.2917367883652,90.20118496888885,94.84190598745195,92.17857191297742,89.51523783850291,-904487000,-1.1037108192618916,0.1529246020262801,-1.2566354212881716,17.709185520137638,9.76253113955061
2023-04-27,87.44000244140625,87.56999969482422,84.08999633789062,86.41000366210938,53087200,42.34471898727791,43.579991938264854,48.37978646449127,91.59550056457519,88.58439987182618,78.76594987869262,88.12138991897342,89.95016837548134,94.41269974481492,91.77746073404948,89.14222172328404,-851399800,-1.1544129473275149,-0.1085429078444789,-1.045870039483036,29.894403208932655,15.976178434901584
2023-04-28,89.37000274658203,89.75,86.44000244140625,87.0199966430664,50686100,53.87853857119081,48.602309423525426,51.05537987357309,91.1700008392334,88.6681999206543,78.8251999092102,88.37111248449514,89.8974260455814,94.11904883006262,91.42333378867498,88.72761874728732,-800713700,-1.0270209954295524,-0.29223852536149364,-0.7347824700680587,45.57271911427112,31.058769281113786
2023-05-01,89.69000244140625,91.04000091552734,88.61000061035156,91.02999877929688,59358700,55.64400638867231,49.406470169146935,51.4912108522792,90.75400085449219,88.86039993286133,78.88064992904663,88.63489047587737,89.87856935429275,93.72428712390717,91.02142915271577,88.31857118152436,-741355000,-0.8899815019573794,-0.4117871206806708,-0.47819438127670855,52.7580198595078,42.74171406090384
2023-05-02,89.91000366210938,90.45999908447266,88.12000274658203,89.31999969482422,70483500,57.001891022273426,49.98583548488251,51.799702587899255,90.42150115966797,89.08860000610352,78.92464994430541,88.88991311312378,89.88142701863973,93.32111225430928,90.65396893213665,87.98682560996403,-670871500,-0.754922183175708,-0.4804141331796783,-0.27450804999602973,65.42553752728116,54.585425500353345
2023-05-03,81.62000274658203,85.4800033569336,81.0199966430664,83.54000091552734,109482200,23.90746593196286,34.12703735710957,41.42223718671433,89.70900115966796,89.18560012817383,78.92559995651246,87.43593103981544,89.13038844845266,92.80365220327226,90.01841348315043,87.23317476302859,-780353700,-1.3018139901190295,-0.6446941045675485,-0.657119885551481,5.0209696541746816,41.0681756803212
2023-05-04,86.61000061035156,91.63999938964844,81.11000061035156,81.56999969482422,122840500,46.38975022972671,45.36365104272416,47.98039702816788,89.41150131225587,89.38560012817383,78.92924997329712,87.27074495392267,88.90126228135257,92.746826898484,89.55825478690011,86.36968267531623,-657513200,-1.3173924823224183,-0.7792337801185225,-0.5381587022038958,50.179537209711654,40.20868146372248
2023-05-05,89.83999633789062,90.43000030517578,84.72000122070312,84.98999786376953,78491100,56.396678658532835,51.16997749500249,51.64398373583969,89.28000106811524,89.58740005493163,78.9312999534607,87.78459523071626,88.98660174103784,92.65603322831412,89.34508017888145,86.03412712944879,-579022100,-1.0569213571245513,-0.8347712955197283,-0.22215006160482298,79.17409459210502,44.791533818663765
2023-05-08,95.04000091552734,95.66000366210938,89.16999816894531,89.98999786376953,95503200,67.95307349469797,58.76711465714422,56.76843463069093,89.25800094604492,89.92640014648437,78.95104997634888,89.23567636767848,89.53691075690051,92.91746194022042,89.40650867280506,85.8955554053897,-483518900,-0.4259886704244167,-0.753014770500666,0.3270261000762493,95.76501059203343,75.03954746461669
2023-05-09,95.05999755859375,96.16000366210938,93.43000030517578,94.88999938964844,68674800,67.99221999734137,58.7936646914916,56.78684537372396,89.30950088500977,90.25220016479493,78.98584997177124,90.40054060586154,90.03900955705444,92.85714431036087,89.44381023588635,86.03047616141183,-414844100,0.07478155615702065,-0.5874555051691287,0.6622370613261493,92.73444125797269,89.22451548070369
2023-05-10,97.0199966430664,99.94000244140625,96.12000274658203,96.41999816894531,95619500,72.01326423574476,61.41613481699859,58.59376975121405,89.54400062561035,90.62100006103516,79.03324995040893,91.72443181330252,90.67364474669189,93.0414301554362,89.60714358375186,86.17285701206752,-319224600,0.6226238936228441,-0.34543962541073414,0.9680635190335782,84.56657027771068,91.02200737590557
2023-05-11,97.0999984741211,99.19000244140625,96.13999938964844,98.16000366210938,57061000,72.18442203383975,61.523773350859926,58.66752020236768,89.79450073242188,90.99720001220703,79.09249994277954,92.79954514546623,91.25785872191273,93.24349370078436,89.81920708550346,86.39492047022259,-262163600,1.0511315816517453,-0.06612538399823825,1.1172569656499836,84.98941280697517,87.43014144755283
2023-05-12,95.26000213623047,97.44999694824219,93.68000030517578,96.83000183105469,53829700,61.760040606808126,57.547380221081646,56.25813357702656,89.97000083923339,91.29360000610352,79.11969995498657,93.29163654361908,91.62168994139616,93.50746166895307,89.96698482452877,86.42650798010447,-315993300,1.2280979361258346,0.19271928002657635,1.0353786560992582,75.26427658079031,81.60675322182537
2023-05-15,97.4000015258789,97.43000030517578,93.44999694824219,95.19999694824219,51749200,68.17449904639166,60.726638430085536,58.33852589843919,90.34650077819825,91.61120010375977,79.14834997177124,94.11330954007104,92.14699099453095,93.78666808113219,90.17428637307788,86.56190466502356,-264244100,1.5234635732939807,0.45886813868005727,1.0645954346139235,86.57505212947547,82.27624717241362
2023-05-16,101.4800033569336,103.27999877929688,97.30999755859375,97.38999938964844,90622900,77.00086647242696,65.96064245085398,61.94597638666733,90.93150100708007,92.01760009765626,79.18339998245239,95.58664830344355,92.99544666384028,94.48428708031064,90.70142909458706,86.91857110886346,-173621200,2.062984220580603,0.7796913550601664,1.2832928655204365,91.91376797114677,84.58436556047083
2023-05-17,103.75,104.13999938964844,100.05000305175781,101.79000091552734,75240900,80.59410839632716,68.47775511620365,63.77069443831591,91.62200088500977,92.45040008544922,79.21824998855591,97.21931864275484,93.9731333307639,95.12635028173052,91.28349255758619,87.44063483344183,-98380300,2.6432581440203506,1.1524047128522033,1.4908534311681474,98.31315162924842,92.26732390995687
2023-05-18,107.93000030517578,108.0999984741211,103.93000030517578,103.9800033569336,74338700,85.57428442223494,72.50906831692483,66.83241331459811,92.51300086975098,92.90160003662109,79.26144998550416,99.36145497523904,95.24193941934679,96.02809615362258,92.0971432640439,88.16619037446522,-24041600,3.4012134286778206,1.6021664560173268,1.7990469726604938,99.37223723245704,96.53305227761739
2023-05-19,105.81999969482422,107.29000091552734,104.62000274658203,106.36000061035156,67880200,74.0612536656693,67.79579006826306,63.979066109983656,93.3825008392334,93.33740005493163,79.30010000228881,100.65316391915609,96.20358126257202,96.77047705271887,92.8480956062438,88.92571415976873,-91921800,3.7879736351628566,2.039327891846433,1.7486457433164238,91.58050729272024,96.42196538480856
2023-05-22,108.0,108.79000091552734,103.48999786376953,104.68000030517578,65424200,77.76937020391563,69.96786880254548,65.56696173227479,94.40400085449218,93.84400009155273,79.32054998397827,102.12253113532486,97.27598296597455,97.79698483906097,93.7050796993195,89.61317455957806,-26497600,4.221726258489511,2.4758075651750486,1.7459186933144624,97.15520059782355,96.03598170766692
2023-05-23,108.12000274658203,110.98999786376953,107.19000244140625,107.25,73099100,77.97733515101932,70.08746995859902,65.65409454629433,95.6200008392334,94.36620010375977,79.34960000991822,103.3220254575763,98.26180294602977,98.8803179301913,94.71698458232578,90.55365123446026,46601500,4.523022963005673,2.8852506447411734,1.6377723182644992,90.39492844377955,93.04354544477444
2023-05-24,108.2699966430664,108.91000366210938,105.63999938964844,105.9800033569336,65910500,78.28206884255258,70.24696514498675,65.76729162303894,96.7365005493164,94.78260009765626,79.39059999465942,104.31161969467433,99.17163873666948,99.96142941429501,95.79952421642486,91.63761901855469,112512000,4.719502538479986,3.2521010234889363,1.46740151499105,89.64597804232673,92.39870236130992
2023-05-25,120.3499984741211,120.69000244140625,115.80000305175781,117.30999755859375,108514700,90.70806757396912,79.65546373117749,73.20330339655828,98.38200035095215,95.39600006103515,79.5146499824524,107.51929545056369,101.09694416734689,101.65682632204086,97.35873061891587,93.06063491579087,221026700,5.7833028928134524,3.7583413973538393,2.024961495459613,98.92130735660395,92.98740461423672
2023-05-26,127.02999877929688,127.43000030517578,120.88999938964844,122.45999908447266,92922800,93.26509358731383,82.87949839924256,76.19294495418521,100.26500015258789,96.00460006713867,79.65454996109008,111.42143611631033,103.45449458661507,103.64777858673581,99.20396871415394,94.7601588415721,313949500,7.083735640435592,4.42342024597019,2.6603153944654014,98.82352492388557,95.79693677427206
2023-05-30,125.2699966430664,130.7899932861328,123.51000213623047,130.4199981689453,98902300,85.8000143382552,79.3131913723715,73.92125497706286,102.0439998626709,96.55320007324218,79.79029993057252,114.19114822166156,105.43772204629245,105.64650823199558,101.01365104554192,96.38079385908823,215047200,7.8814678433412695,5.115029765444406,2.766438077896863,85.21693308934525,94.32058845661157
2023-05-31,118.20999908447266,123.95999908447266,117.86000061035156,122.41999816894531,87552200,61.93649396015387,66.88093419950114,65.70575122879474,103.45899963378906,96.98120010375976,79.8771999168396,114.99491839422379,106.59883814067247,107.2607937767392,102.45317477271671,97.6455557686942,127495000,7.853463720221811,5.662716556399888,2.190747163821923,66.3095997979661,83.45001927039895
2023-06-01,119.47000122070312,121.27999877929688,116.5999984741211,117.29000091552734,66032900,64.07630827642295,67.8495315555098,66.40244892638776,105.35149955749512,97.45200012207032,79.96949991226197,115.88993495951966,107.76894387522071,108.78269861614892,103.86365085177951,98.94460308741009,193527900,7.84253799679081,6.098680844478073,1.7438571523127369,69.68400327896452,73.7368453887586
2023-06-02,117.86000061035156,121.66000366210938,117.68000030517578,120.75,52382400,58.991304224610005,65.22461112982661,64.64801038487806,106.91399955749512,97.85760009765625,80.05779993057251,116.28394808968605,108.68631266932351,110.49126991393074,105.59507945227244,100.69888899061414,141145500,7.616171207558509,6.402178917094161,1.2139922904643479,65.37227117330865,67.12195808341308
2023-06-05,117.93000030517578,119.31999969482422,116.41999816894531,116.58999633789062,52602900,59.16039763295848,65.28749077556884,64.69041585933655,108.31849975585938,98.21060012817382,80.15609994888305,116.61315853278401,109.52664790894644,111.62492079961868,107.09206354050409,102.5592062813895,193748400,7.35760835737608,6.593264805150545,0.7643435522255349,61.58902442637109,65.54843295954807
2023-06-06,124.2300033569336,124.41999816894531,117.73999786376953,117.91000366210938,75257500,71.74364467846878,70.46381820749485,68.27144702051038,109.77799987792969,98.73620025634766,80.2750499534607,118.13652749761394,110.86331658603618,113.28063516768196,108.70158737424819,104.1225395808144,269005900,7.573747583072787,6.789361360734993,0.784386222337794,78.65975272216089,68.54034944061353
2023-06-07,117.83000183105469,125.33999633789062,117.06999969482422,124.02999877929688,81755200,52.1542345856023,60.58069940439921,61.63290638023725,110.91650009155273,99.16060028076171,80.38444997787475,118.0752223643021,111.49665160831059,114.64111085921998,109.97730158245751,105.31349230569506,187250700,7.146235486234303,6.860736185834855,0.28549930039944815,52.5274958674106,64.25875767198083
2023-06-08,121.05000305175781,122.20999908447266,117.05000305175781,118.30000305175781,65246900,58.925467547700045,63.36481268559641,63.4997603202713,112.11800041198731,99.690400390625,80.5255000114441,118.67017850179326,112.36513810316943,115.95777723524307,111.17825402153862,106.3987308078342,252497600,6.986717724422817,6.885932493552448,0.10078523087036917,64.32237411147581,65.16987423368242
2023-06-09,124.91999816894531,127.25,123.55000305175781,123.56999969482422,75105000,65.8879976907536,66.43330884707882,65.60273884849414,113.50900039672851,100.26700042724609,80.68765001296997,119.92014243522368,113.50648901823996,117.26380884079705,112.49000004359654,107.716191246396,327602600,7.090836265406864,6.926913247923332,0.16392301748353155,78.49818277852535,65.1160175858039
2023-06-12,129.19000244140625,130.47999572753906,126.4000015258789,128.52000427246094,85394700,72.14065350676356,69.47162798451103,67.74632700302699,115.2055004119873,100.89320053100586,80.86995000839234,121.77411443646021,114.93226296580053,118.79920523507255,113.97634924025763,109.1534932454427,412997300,7.432230491440748,7.0279766966268165,0.40425379481393175,93.6382058329238,78.8195875743083
2023-06-13,124.52999877929688,132.8300018310547,122.44999694824219,132.32000732421875,132461900,58.17573555920486,62.791728513326156,63.24919543158885,116.5620002746582,101.42360046386719,81.00670000076293,122.32529130502755,115.80478440339111,120.5968246459961,115.45920635405041,110.32158806210472,280535400,7.243268632906549,7.071035083882763,0.17223354902378585,69.47406286687873,80.5368171594426
2023-06-14,127.33000183105469,127.7300033569336,123.80999755859375,126.52999877929688,95888100,63.298409295917224,64.97116904835059,64.7203279032847,117.85450019836426,102.03900054931641,81.18745000839233,123.32623341023297,116.85253144226961,122.03190419030568,116.89714292495968,111.7623816596137,376423500,7.23603928766633,7.1040359246394775,0.13200336302685223,67.70404935855737,76.93877268611995
2023-06-15,124.23999786376953,125.69999694824219,122.26000213623047,125.38999938964844,85587100,54.464311879030056,60.74268470070694,61.86324202987572,118.87900009155274,102.60640045166015,81.36620000839234,123.5089863009403,117.5241192987696,123.02460225423177,118.01031748453777,112.99603271484375,290836400,6.901417241581683,7.063512188027919,-0.1620949464462358,47.65385709742748,61.61065644095452
2023-06-16,120.08000183105469,125.8499984741211,119.9000015258789,125.81999969482422,82007100,44.443690972455386,55.50527148129696,58.24435159710961,119.48650016784669,103.15680053710938,81.53190000534057,122.82318940696317,117.75647225625006,124.03206259106831,118.92920636373853,113.82635013640873,208829300,6.228748806950293,6.896559511812394,-0.6678107048621014,22.303490830780905,45.88713242892191
2023-06-20,118.93000030517578,121.75,117.69999694824219,119.08999633789062,58851800,41.88716435627167,54.11615091911926,57.2760153025285,120.14200019836426,103.68600051879883,81.70219999313355,122.04455158660569,117.86315662433422,124.63618977864583,119.53904760451545,114.44190543038505,149977500,5.539008472260704,6.625049303902056,-1.086040831641352,15.295561097442363,28.417636341883576
2023-06-21,112.11000061035156,119.19000244140625,111.66999816894531,118.48999786376953,82835600,29.720659650786374,46.658425192795136,51.92384041997101,120.34750022888184,104.01860046386719,81.85109998703003,120.05764139135488,117.3401424412449,125.26777733696831,119.93968249124194,114.61158764551558,67141900,4.391445459771376,6.17832853507592,-1.7868830753045444,2.0794062630251338,13.226152730416125
2023-06-22,110.69999694824219,114.0,109.8499984741211,112.23999786376953,70754800,27.722911069788978,45.26941646979861,50.895868922839234,120.47649993896485,104.3520004272461,82.0033999824524,118.18611250273234,116.73649285097193,125.43952324276879,120.16619037446522,114.89285750616165,-3612900,3.329833742356243,5.608629576531985,-2.2787958341757424,3.6988614010129366,7.0246095871601355
2023-06-23,110.01000213623047,111.0999984741211,107.45999908447266,109.30999755859375,73622000,26.6701853089708,44.57017131121207,50.38553913775635,120.56350021362304,104.70560043334962,82.15984998703003,116.55089042943197,116.12499369508633,125.46793607681518,120.2022220672123,114.93650805760942,-77234900,2.4050975258465,4.967923166394889,-2.5628256405483887,10.051252564808497,5.276506742948846
2023-06-26,107.51000213623047,112.55000305175781,107.19999694824219,110.94999694824219,68557000,22.890862379117976,42.03661162086819,48.54186493411185,119.92150039672852,105.0140005493164,82.29934999465942,114.74271277079168,115.34181264428126,125.63746001228455,120.27269829644096,114.90793658059741,-145791900,1.4537503758648285,4.2650886082888775,-2.811338232424049,1.2095401050671315,4.9865513569628455
2023-06-27,110.38999938964844,110.97000122070312,107.08000183105469,108.56999969482422,59381600,35.52176582670856,45.8550151448817,50.713866999752184,119.0895004272461,105.38680053710938,82.43739999771118,113.87217009456303,114.89164780295101,125.13904728965153,119.82190462142701,114.50476195320252,-86410300,0.9215693369682043,3.596384754024743,-2.674815417056539,12.854359450849515,8.038384040241704
2023-06-28,110.16999816894531,111.77999877929688,107.62999725341797,108.20999908447266,67534100,34.996275579657166,45.60785105837133,50.54349053812055,118.33450050354004,105.79280044555664,82.5610000038147,113.1317357094395,114.4624069271323,124.29872979058159,119.09539661710225,113.89206344362289,-153944400,0.47656621097353025,2.972421045414501,-2.4958548344409706,11.99998577821602,8.687961778044212
2023-06-29,111.23999786376953,112.76000213623047,109.83999633789062,112.06999969482422,58347200,40.16261054368464,47.10128793449172,51.37413265287567,117.98600044250489,106.22200042724609,82.6939999961853,112.75338814030552,114.16946064864477,123.36523849245103,118.36952366904609,113.37380884564111,-95597200,0.20784218522608455,2.4195052733768176,-2.211663088150733,16.155324398892596,13.669889875986035
2023-06-30,113.91000366210938,114.69000244140625,112.41000366210938,113.02999877929688,53378800,51.66559415947742,50.736183528833934,53.41524993925414,117.7080005645752,106.70140045166016,82.87840002059937,112.9847112446663,114.14587364986882,122.88142915755985,118.06761908152745,113.2538090054951,-42218400,0.20792676224053253,1.9771895711495606,-1.769262808909028,26.524278955552184,18.226529710886922
2023-07-03,115.81999969482422,116.7300033569336,114.51000213623047,115.16000366210938,31860000,58.511989574584106,53.212908782767855,54.8331506263334,117.60600051879882,107.2156004333496,83.07025003433228,113.55176893469789,114.29806692668294,122.60095311724952,117.90428585476346,113.20761859227741,-10358400,0.357987846417231,1.6533492262030949,-1.2953613797858639,33.941739276774875,25.540447543739873
2023-07-05,113.94999694824219,117.66000366210938,113.86000061035156,116.0999984741211,49501600,50.16388661315705,50.53417578131074,53.17647855134361,117.40700035095215,107.72600036621094,83.25670000076293,113.63141453740676,114.26642420137013,122.40619114467076,117.71809532528832,113.02999950590588,-59860000,0.3223034300600318,1.3871400669744822,-1.0648366369144504,33.268739029282465,31.24491908720317
2023-07-06,113.4800033569336,113.79000091552734,110.30999755859375,112.06999969482422,42342000,48.09437369147484,49.85488684906548,52.757652525057956,116.86950035095215,108.24420043945312,83.44155000686645,113.60113230131213,114.19493139733045,122.1784135122148,117.46269855802021,112.74698360382564,-102202000,0.25318021417652403,1.1603480964148907,-0.9071678822383666,34.09697746665848,33.7691519242386
2023-07-07,113.16999816894531,115.33000183105469,113.04000091552734,114.16000366210938,37211300,46.57356454765694,49.38335433236524,52.47266268935153,116.63650016784668,108.83160034179687,83.62355001449585,113.51490547483877,114.10175564929543,121.57492150200737,117.06825413779609,112.56158677358475,-139413300,0.17140884526388334,0.9625602461846893,-0.7911514009208059,32.44537787458932,33.27036479017675
2023-07-10,113.58000183105469,113.61000061035156,109.87999725341797,113.0,49330200,49.126680492939464,50.05615947819076,52.82501700023206,116.26300010681152,109.38440032958984,83.81520002365113,113.52792474608195,114.0543234840008,120.99095359681145,116.70047638908264,112.40999918135384,-90083100,0.13809642562578972,0.7976674820729095,-0.6595710564471198,44.30811732314832,36.95015755479869
2023-07-11,111.31999969482422,113.2699966430664,109.5,111.66000366210938,59899500,37.32762885811205,46.39535727844707,50.66063934950097,115.58300018310547,109.8620002746582,83.99940000534058,113.0863397358304,113.80574859407565,120.50857253301712,116.28428577241444,112.05999901181175,-149982600,-0.06986186758625479,0.6241616121410767,-0.6940234797273315,35.01236705260943,37.255287416782345
2023-07-12,114.58000183105469,115.4000015258789,112.30999755859375,112.88999938964844,57993100,55.73166719639818,51.864032837652466,53.53183699772768,114.8525001525879,110.36620025634765,84.22480001449586,113.38507215487527,113.87613525198283,119.94889032273065,115.75365084693546,111.55841137114025,-91989500,0.028061142816824258,0.5049415182762262,-0.476880375459402,70.88845654058217,50.0696469721133
2023-07-13,115.91999816894531,116.16000366210938,113.58000183105469,115.76000213623047,49206700,61.332471410206004,53.94390790128845,54.66551352513866,114.42200012207032,110.89080017089844,84.46460000991821,113.89205735768928,114.06194097170669,119.23603360615078,115.11222233847968,110.98841107080852,-42782800,0.2113559597698611,0.4462244065749532,-0.2348684468050921,83.55382616232868,63.15154991850674
2023-07-14,115.94000244140625,122.12000274658203,115.25,116.16999816894531,91927200,61.41991355814966,53.97587894999042,54.68276877780621,113.8525001525879,111.41140014648437,84.71280000686646,114.30164637443268,114.23267383258846,118.64825584774925,114.69158753894624,110.73491923014323,49144400,0.3541501775815732,0.4278095607762772,-0.073659383194704,58.909574940281225,71.117285881064
2023-07-17,118.31999969482422,118.83999633789062,112.7300033569336,115.94999694824219,68593300,70.83577047259837,57.73502176119895,56.73122223140282,113.55650024414062,112.14540008544923,84.96855001449585,115.105317038511,114.60424891097354,118.29254089839874,114.23158748566159,110.17063407292441,117737700,0.6518474205547875,0.47261713273197925,0.17923028782280825,74.73402380026003,72.39914163428996
2023-07-18,117.93000030517578,118.43000030517578,115.19000244140625,117.55000305175781,57980100,67.59192479255643,56.91467077483356,56.29528159388327,113.44900016784668,112.77180007934571,85.21640001296997,115.67025369184395,114.9065899468101,117.95523955330016,113.90380980476502,109.85238005622985,59757600,0.8465464781766201,0.5474030018209075,0.2991434763557126,71.0834999794654,68.2423662400022
2023-07-19,116.43000030517578,121.66999816894531,115.55000305175781,121.30000305175781,70363100,55.79852861972162,53.75122253963427,54.60797586658944,113.32400016784668,113.30360015869141,85.47785001754761,115.82220301451032,115.0450817975706,117.77000136602493,113.71047646658761,109.6509515671503,-10605500,0.8697831019182019,0.6118790218403664,0.2579040800778355,54.91282723415163,66.91011700462569
2023-07-20,110.25,115.05000305175781,109.23999786376953,114.95999908447266,76340400,29.956914487128756,43.117761756655206,48.364188780224644,113.2310001373291,113.60780014038086,85.71230001449585,114.70776241160826,114.60916527051873,117.47539835127574,113.33206382630362,109.18872930133152,-86945900,0.3850848984319839,0.5665201971586898,-0.18143529872670594,7.841628519708472,44.61265191110849
2023-07-21,110.94999694824219,112.30000305175781,109.54000091552734,110.97000122070312,76815400,34.104915068424816,44.45805462789632,49.0539759431491,113.24350013732911,113.92560012817383,85.9364999961853,113.95620931893505,114.27651360485723,117.08714427645245,113.17047651987225,109.25380876329208,-10130500,0.0567873742107281,0.4645736325690975,-0.4077862583583694,13.276385374314065,25.343613709391377
2023-07-24,110.61000061035156,111.30999755859375,108.55000305175781,110.62000274658203,45583600,32.96699377530655,43.91678169102095,48.72346524667805,113.27350006103515,114.19740020751954,86.15004999160766,113.28696757721836,113.94319424172035,116.95619165329705,113.10571470714751,109.25523776099796,-55714100,-0.22819515034375115,0.32601987598652776,-0.554215026330279,15.180527670751982,12.09951385492483
2023-07-25,113.0,114.05000305175781,111.0,111.13999938964844,44916300,47.689689762769376,48.649580950497494,51.14265468204196,113.54799995422363,114.5154002380371,86.37534997940064,113.22957406177468,113.85744931065486,117.07857283334884,113.25619095090835,109.4338090684679,-10797800,-0.25821632054588406,0.20917263668004543,-0.4673889572259295,32.79290381958871,20.416605621551575
2023-07-26,110.08999633789062,112.36000061035156,109.30000305175781,111.91000366210938,51721700,36.103816924565045,43.802658656966464,48.24526564895214,113.53299980163574,114.81200012207032,86.58654996871948,112.60165851699787,113.51495358585811,117.04079461476158,113.32746075826978,109.61412690177796,-62519500,-0.5109315885301129,0.06515179163801378,-0.5760833801681267,11.348513786040737,19.7739817587938
2023-07-27,111.0999984741211,115.08000183105469,110.51000213623047,111.79000091552734,70678000,41.97504652345921,45.820268742001716,49.28775186264374,113.57949981689453,115.08600006103515,86.84984996795654,112.30132650842253,113.29541221206382,117.20412796262711,113.45841313922215,109.71269831581719,8158500,-0.6225353279235293,-0.07238563227429484,-0.5501496956492344,18.79141842085585,20.977612008828423
2023-07-28,112.95999908447266,114.86000061035156,112.44000244140625,113.37999725341797,55526000,51.76889537674679,49.42159198113434,51.18098962233313,113.66549987792969,115.31559997558594,87.12559995651245,112.43306102363256,113.26492010955553,117.29127078586154,113.62793707469154,109.96460336352153,63684500,-0.5545036183271037,-0.16880922948485663,-0.38569438884224705,32.49812919595625,20.879353800950938
2023-07-31,114.4000015258789,114.68000030517578,112.3499984741211,114.16000366210938,54187300,58.30675617687337,52.07742188142548,52.612874031174904,113.68999977111817,115.52860000610352,87.40944995880128,112.82644912408183,113.3681093292213,117.38365161229694,113.74841332814051,110.11317504398407,117871800,-0.3800113021684126,-0.21104964402156784,-0.16896165814684477,43.1097907566819,31.466446124497992
2023-08-01,117.5999984741211,118.19000244140625,113.16000366210938,114.26000213623047,95279300,69.37637452135907,57.42722805852264,55.635901807393516,113.77899971008301,115.72199996948243,87.70819995880127,113.7811589940897,113.75282652421218,117.64063565693203,113.87444499182324,110.1082543267144,213151100,0.0163002269002277,-0.16557966983720873,0.18187989673743643,66.69119842217145,47.43303945826986
2023-08-02,109.3499984741211,119.5,107.37999725341797,119.48999786376953,173372000,38.08967071007919,43.83936415848306,47.473105648030376,113.54899978637695,115.79259994506836,87.96024995803833,112.89492689009597,113.35256942874935,117.94015938895089,113.70254007975261,109.46492077055431,39779100,-0.3315047030533975,-0.1987646764804465,-0.13274002657295103,13.364996516566753,41.05532856514002
2023-08-03,113.1500015258789,114.95999908447266,108.94999694824219,108.94999694824219,90605400,50.44255470954088,49.73843998437583,50.93929852204904,113.53249969482422,115.89559997558594,88.24629997253417,112.94594181725257,113.33415416485204,117.91190531897168,113.56904795813182,109.22619059729197,130384500,-0.29708946509273915,-0.21842963420290504,-0.07865983088983411,40.37791394534706,40.14470296136175
2023-08-04,115.81999969482422,118.8499984741211,113.95999908447266,114.4800033569336,83169700,57.57917547020594,53.43914611997117,53.20748901335846,113.66499977111816,116.04959991455078,88.53559997558594,113.52075339276692,113.56014012212223,118.1544447399321,113.74444471086774,109.33444468180339,213554200,-0.05374901771378404,-0.18549351090508084,0.1317444931912968,59.06229461633865,37.60173502608415
2023-08-07,116.80999755859375,119.08000183105469,115.48999786376953,116.36000061035156,65854800,60.13361212048836,54.768966917037986,54.03131651734487,113.82649955749511,116.22039993286133,88.83004997253418,114.1786022259323,113.85558170725601,118.37254006522042,113.90063512892951,109.42873019263858,279409000,0.2164890429289983,-0.10509700013826503,0.32158604306726335,65.99020084686808,55.14346980285126
2023-08-08,113.2300033569336,115.45999908447266,111.41000366210938,114.94000244140625,54141800,47.67576462918339,49.286989691193924,50.65942631504771,113.92199974060058,116.07800003051757,89.11004999160767,113.98888245213256,113.79871094813578,118.43587312244233,113.94873046875,109.46158781505767,225267200,0.14016332457732972,-0.05604493519514609,0.1962082597724758,48.26736615357112,57.7732872055926
2023-08-09,110.47000122070312,113.1500015258789,108.77999877929688,112.88999938964844,56257100,40.00782031878172,45.5053759857556,48.233333546803635,113.71649971008301,115.7468000793457,89.37354999542237,113.28510620584669,113.49610097291462,118.43761952718098,113.92190515427362,109.40619078136626,169010100,-0.14140444083427894,-0.07311683632297267,-0.06828760451130628,25.495076460742304,46.584214487060486
2023-08-10,110.2300033569336,113.88999938964844,109.47000122070312,111.30000305175781,57297800,39.3474656512535,45.18075173252152,48.0242543229691,113.43199996948242,115.44600021362305,89.63060001373292,112.67408563606408,113.19918300782544,118.36285739474826,113.78380996461898,109.20476253448972,111712300,-0.3795396485562179,-0.13440139876962173,-0.24513824978659618,23.51489651534408,32.42577970988582
2023-08-11,107.56999969482422,109.06999969482422,106.4800033569336,108.8499984741211,55667700,32.26452315028028,41.635541337569656,45.72746711518373,113.01349983215331,115.23320022583007,89.87495000839233,111.65326844781612,112.68743907027986,118.00555553133526,113.42603217230904,108.84650881328281,56044600,-0.7739816031669591,-0.2623174396490892,-0.5116641635178698,8.371709822760096,19.127227599615484
2023-08-14,111.9800033569336,111.98999786376953,105.41999816894531,106.75,57421800,50.125750135721326,48.80747858626199,49.88194286289857,112.69650001525879,115.08340026855468,90.12750001907348,111.71861542963961,112.62312673270293,117.61158704000805,113.04634954058936,108.48111204117065,113466400,-0.7224018554923788,-0.3543343228177471,-0.36806753267463166,46.590939878428216,26.159182072177458
2023-08-15,111.3499984741211,113.18000030517578,110.16999816894531,111.98999786376953,53816600,47.95784168556571,47.901891275129074,49.318107050274406,112.36749992370605,114.95320022583007,90.38560001373291,111.64489203853591,112.50738780010458,117.22285727849082,112.80523839072578,108.3876195029607,59649800,-0.7240146722623706,-0.4282703927066719,-0.2957442795556987,42.11647396306897,32.35970788808575
2023-08-16,107.19000244140625,110.44000244140625,106.9800033569336,110.08999633789062,54327300,35.7175459167203,42.31838820979637,45.74834826338891,111.90550003051757,114.73840026855468,90.62855003356934,110.75391411910998,112.02398913113201,116.80571456182571,112.37761942545573,107.94952428908576,5322500,-1.0488789310621343,-0.5523921003777644,-0.49648683068436983,12.57105143663431,33.75948842604382
2023-08-17,104.44000244140625,107.8499984741211,104.0999984741211,107.62000274658203,59064300,29.703566886098926,39.07583696793744,43.56886446018165,111.6150001525879,114.34260025024415,90.8407000541687,109.49113178356924,111.3345357957024,116.10142904614646,111.78619082011872,107.470952594091,-53741800,-1.510822393870356,-0.7440781590762828,-0.7667442347940732,2.207817750626824,18.96511438344336
2023-08-18,105.44999694824219,106.06999969482422,101.68000030517578,102.4000015258789,59916700,34.55972665243118,40.86789500435607,44.58257976937283,111.34000015258789,114.09500015258789,91.06765003204346,108.68290481650384,110.79957771866056,115.69507950071304,111.4474605984158,107.19984169611855,6174900,-1.7749571987289556,-0.9502539670068174,-0.8247032317221382,21.155986013632727,11.978285066964611
2023-08-21,108.22000122070312,108.54000091552734,105.66999816894531,106.19999694824219,49319200,46.68182097698455,45.594521083794966,47.2971310802619,111.22050018310547,113.83840011596679,91.3104500389099,108.5903240973437,110.56507076430078,115.53587317088292,111.28301614428322,107.03015911768355,55494100,-1.7407039876528927,-1.1083439711360326,-0.6323600165168601,36.70034246648653,20.021382076915355
2023-08-22,105.66000366210938,109.72000122070312,104.8499984741211,109.4000015258789,47295200,38.72614358459586,42.23452108667805,45.1598177315403,110.85350036621094,113.45320022583007,91.54560005187989,108.00426001029683,110.11915557319247,115.47381010509673,111.12047649565197,106.76714288620721,8198900,-1.8982466732485932,-1.2663245115585449,-0.6319221616900483,22.873580505232493,26.909969661783908
2023-08-23,109.43000030517578,110.08000183105469,105.0,105.6500015258789,54656300,52.90865466012425,48.27925871647467,48.72702607704231,110.8205005645752,113.05800018310546,91.792200050354,108.28940806927264,110.05650509428186,115.35555606418185,110.90555584619915,106.45555562821644,62855200,-1.699304638604616,-1.3529205369677593,-0.34638410163685673,44.540225979138434,34.70471631695248
2023-08-24,101.80000305175781,111.63999938964844,100.87000274658203,111.05999755859375,109179100,33.869396033587165,39.31296471755046,42.83199066443328,110.35550079345703,112.6034002685547,91.99025007247924,106.99152706576967,109.30591399950694,115.44587356325181,110.62873053172277,105.81158750019375,-46323900,-2.132733826679228,-1.5088831949100532,-0.623850631769175,5.107085952402799,24.1736308122579
2023-08-25,102.25,104.12000274658203,99.58000183105469,101.16999816894531,74793100,35.51176318638845,40.020462953433565,43.255275148003875,109.8200008392334,112.1018002319336,92.18610006332398,106.04322165261574,108.66446727227904,114.95650857592385,110.1407940576947,105.32507953946553,28469200,-2.412113247941406,-1.6895292055163238,-0.722584042425082,16.813593392597276,22.15363510804616
2023-08-28,102.61000061035156,104.06999969482422,100.88999938964844,103.47000122070312,55386800,37.01348758921831,40.616908220915526,43.60451391560145,109.23050079345703,111.66920028686523,92.37990007400512,105.35657744416291,108.11406121210382,114.47381022619824,109.62190513005332,104.77000003390842,83856000,-2.5747937914328247,-1.866582122699624,-0.7082116687332007,21.173999274914163,14.36489287330474
2023-08-29,105.91999816894531,106.56999969482422,101.79000091552734,102.11000061035156,50850300,49.88862179676154,45.9398738535477,46.754505604699865,108.64650077819825,111.38600021362305,92.60990007400513,105.46926158911938,107.91460093545304,114.1595243423704,109.19095272488065,104.22238110739087,134706300,-2.408862289021954,-1.9750381559640902,-0.4338241330578638,44.3046640080186,27.430752225176676
2023-08-30,106.58999633789062,107.66999816894531,104.5,105.4000015258789,54847300,52.259027340258896,46.97595632658127,47.37651333326594,108.50850067138671,111.13920013427735,92.80050004959107,105.69340853887364,107.79418233567463,113.59174637567429,108.71174621582031,103.83174605596633,189553600,-2.197960405689898,-2.0196226059092517,-0.17833779978064612,51.54408303923697,39.00758210738991
2023-08-31,105.72000122070312,108.05999755859375,104.86000061035156,106.19000244140625,58919000,48.67157490524604,45.74983158880785,46.636923110043725,108.13700065612792,111.01140014648438,92.96725004196168,105.69872707523955,107.60562041613177,112.88777790372333,108.43253992474267,103.97730194576202,130634600,-2.0770772254681873,-2.031113529821039,-0.045963695647148306,45.14705940101393,46.998602149423164
2023-09-01,109.44999694824219,110.05999755859375,106.61000061035156,107.0,54856100,62.06832863334162,51.58454158811772,50.126663826348036,107.81850051879883,110.98640014648437,93.1468500328064,106.44898104984009,107.77329100995999,112.59222206236824,108.2588890923394,103.92555612231057,185490700,-1.6611482686763424,-1.9571204775920998,0.2959722089157575,72.57350165125922,56.42154803050337
2023-09-05,110.77999877929688,111.81999969482422,106.30000305175781,109.0,66042200,65.87889770433014,53.5047796880748,51.31355105557632,107.51700057983399,111.0018000793457,93.31890001296998,107.31518459573144,108.0466280798997,112.30904739622085,107.94571455698166,103.58238171774244,251532900,-1.2102505266193901,-1.8077464873975582,0.597495960778168,91.50325901113305,69.74127335446873
2023-09-06,109.27999877929688,111.33000183105469,108.22000122070312,110.55999755859375,47736700,57.99407789910777,51.0458010213889,49.91300018690312,107.31950035095215,111.03720001220704,93.50180002212524,107.70814743244453,108.1587526889358,111.92825365823413,107.58777812170605,103.24730258517796,203796200,-0.9628491557585903,-1.6387670210697647,0.6759178653111744,79.24835491151708,81.10837185796977
2023-09-07,106.58999633789062,107.69000244140625,105.08999633789062,106.13999938964844,49080100,46.11613981373708,46.88442576536389,47.48318506756521,107.12550010681153,110.96119995117188,93.66524999618531,107.48451721353376,108.01613847520443,111.53015875437902,107.25873032827228,102.9873019021655,154716100,-0.9726306222817414,-1.50553974131216,0.5329091190304187,57.27120694673946,76.00760695646319
2023-09-08,106.08999633789062,109.73999786376953,105.75,107.0199966430664,46232000,44.101447054698816,46.13162914133453,47.03821289363277,106.91849975585937,110.87959991455078,93.82784997940064,107.20561303840513,107.84103464453953,111.34031713576545,107.08698418026879,102.83365122477214,108484100,-1.0090960946598955,-1.4062510119817073,0.39715491732181185,53.18623891353414,63.235266923930226
2023-09-11,105.31999969482422,107.51000213623047,103.0,107.31999969482422,50611300,40.8069432327227,44.93505973201507,46.3390726021854,106.80599975585938,110.76119995117188,93.99214998245239,106.82849036968895,107.61184964911087,111.06269824315632,106.8050793844556,102.54746052575489,57872800,-1.0875904722417005,-1.342518904033706,0.2549284317920055,46.895415568330776,52.45095380953479
2023-09-12,105.30999755859375,106.73999786376953,103.18000030517578,104.19999694824219,44413600,40.75948069036719,44.91876093734218,46.32972108034955,106.47249946594238,110.58919982910156,94.14244997024537,106.52479180746992,107.40259036815476,110.98365057082404,106.67984117780414,102.37603178478423,13459200,-1.1374926140094601,-1.3015136460288568,0.16402103201939666,46.81369875480032,48.965117745555084
2023-09-13,107.70999908447266,108.73999786376953,104.83000183105469,105.0999984741211,44702300,55.621800710916496,49.63903926948703,48.91582088232413,106.29049949645996,110.42699981689454,94.29899995803834,106.76183326287048,107.43053661509275,110.72825356135293,106.55111100938583,102.37396845741875,58161500,-0.972173741660427,-1.2356456651551708,0.2634719234947438,66.42155778051898,53.37689070121669
2023-09-14,106.62999725341797,109.1500015258789,106.22000122070312,108.43000030517578,45920600,48.985453439382354,47.65973226281468,47.831534821513195,106.26249923706055,110.28059982299804,94.45644994735717,106.73546606097999,107.35776030948595,110.52285669720364,106.34952375623914,102.17619081527467,12240900,-0.9177254978054492,-1.1720616316852266,0.2543361338797774,57.59801186919575,56.94442280150502
2023-09-15,101.48999786376953,106.76000213623047,101.27999877929688,106.06999969482422,71103600,29.133682267944238,39.572397561119075,43.0801967037119,106.11499900817871,110.04079971313476,94.59794992446899,105.68637242153791,106.82432735987535,110.37968214731366,106.11015852670822,101.84063490610275,-58862700,-1.2746366484003602,-1.1925766350282534,-0.08206001337210678,5.489464385805836,43.16967801184018
2023-09-18,102.37000274658203,102.98999786376953,99.44999694824219,100.81999969482422,49061300,34.5804972952148,41.40562538459336,44.07454450989428,105.9609992980957,109.8247998046875,94.74284994125367,105.02309848654673,106.41938875866686,110.18587263803632,105.92634897383434,101.66682530963233,-9801400,-1.4695422982614588,-1.2479697676748946,-0.22157253058656412,23.605538803511372,28.89767168617098
2023-09-19,101.61000061035156,102.86000061035156,100.69999694824219,101.75,41704100,32.02920674828542,40.26938431991847,43.3901586101306,105.63049926757813,109.58539978027343,94.86274995803834,104.34047891130771,105.98217165427455,109.9522220672123,105.79888867575025,101.6455552842882,-51505500,-1.6661261852506755,-1.331601051190051,-0.33452513406062456,17.46162637438547,15.51887652123422
2023-09-20,100.33999633789062,103.94000244140625,100.27999877929688,102.36000061035156,55180600,27.901342546742924,38.37430784672906,42.24418226682167,105.36449890136718,109.36579971313476,94.97704992294311,103.54038239662431,105.46924662551237,109.70619032118057,105.51523783850291,101.32428535582528,-106686100,-1.9024685892675848,-1.4457745588055577,-0.45669403046202706,7.19481966076648,16.087328279554434
2023-09-21,96.11000061035156,98.87000274658203,95.83999633789062,98.5999984741211,59704300,18.415459423342284,32.83224157232867,38.68637547888732,104.69849891662598,108.9963996887207,95.0826999092102,102.05430603936976,104.61840607867957,109.15174599299354,105.04841238354881,100.94507877410405,-166390400,-2.403392142312242,-1.6372980755068949,-0.7660940668053473,1.6896383963760861,8.782028143842675
2023-09-22,96.19999694824219,98.41999816894531,95.61000061035156,96.91999816894531,52169400,19.117517909916515,33.05376868433295,38.801019050136844,104.41849861145019,108.60199966430665,95.19559988021851,100.88344422114426,103.85309615773072,108.49952346559554,104.50428529769657,100.50904712979755,-114221000,-2.7612853362071093,-1.8620955276469378,-0.8991898085601715,3.639706176515301,4.174721411219284
2023-09-25,97.37999725341797,97.44999694824219,94.45999908447266,95.94999694824219,43223700,28.762718954090204,36.03273621914595,40.3303746051025,104.1749984741211,108.23079956054687,95.33114988327026,100.18275482759901,103.26463262097501,107.73190428718688,104.10714225163535,100.48238021608383,-70997300,-2.916087269059915,-2.072893875929533,-0.8431933931303819,17.30881857465567,7.546054382515681
2023-09-26,95.95999908447266,97.83000183105469,95.2699966430664,96.5,42866500,24.537294010007955,34.068118170291626,39.101058397815464,103.84249839782714,107.78359954833985,95.46024988174439,99.33820367897376,102.60057502674752,107.36952342684307,103.83904690212673,100.3085703774104,-113863800,-3.1174152781446764,-2.281798156372562,-0.8356171217721147,9.816754710951777,10.255093154040912
2023-09-27,98.06999969482422,99.2300033569336,96.3499984741211,96.81999969482422,51261500,40.20145430416213,39.35898498185978,41.854327742149465,103.44999847412109,107.38639953613281,95.59824987411498,99.08456288214384,102.18870454202722,107.13428557865204,103.61809455023872,100.1019035218254,-62602300,-3.0713056607540494,-2.4396996572488594,-0.63160600350519,23.625660332138327,16.91707787258192
2023-09-28,102.76000213623047,104.19999694824219,97.76000213623047,97.94000244140625,72542100,61.511281549652466,49.13053951932756,47.38230694659076,103.25849876403808,107.1129995727539,95.76909990310669,99.81965073296118,102.24064068695479,107.06158701578777,103.46634855724517,99.87111009870257,9939800,-2.6260480089454603,-2.4769693275881797,-0.14907868135728064,56.50103248698485,29.981149176691645
2023-09-29,102.81999969482422,104.94000244140625,102.55999755859375,104.69000244140625,56078600,61.72069046066921,49.243216832169594,47.44912512321407,103.11349868774414,106.96439956665039,95.92984991073608,100.41972052533379,102.29330968767019,106.89000011625744,103.33238038562592,99.77476065499442,66018400,-2.2424868182794597,-2.4300728257264357,0.18758600744697596,56.90945691600085,45.67871657837467
2023-10-02,103.2699966430664,103.70999908447266,101.69999694824219,102.20999908447266,45118600,63.50767375491814,50.135356280829164,47.9672338135209,102.80449867248535,106.81079956054687,96.08794988632202,100.98977574888032,102.38209941088802,106.67523835197326,103.17428504096138,99.67333172994947,111137000,-1.8805233161226198,-2.3201629238056727,0.4396396076830529,59.972744005550915,57.794411136178866
2023-10-03,100.08000183105469,103.29000091552734,99.16999816894531,101.80000305175781,48117000,45.45624420666397,44.20386388297066,44.70102482536356,102.26949882507324,106.60019958496093,96.24369989395142,100.80782096531519,102.17281781272135,106.33285776774089,102.7999994187128,99.26714106968471,63020000,-1.829975733155976,-2.2221254856757335,0.3921497525197575,38.25733024210469,51.71317705455215
2023-10-04,104.06999969482422,104.4000015258789,100.33999633789062,100.6500015258789,51023200,61.767358546036846,51.87345067150468,49.22229256737199,102.00899887084961,106.42159957885742,96.43139989852905,101.460256711217,102.34528889291252,105.94444541325645,102.48111046685112,99.01777552044582,114043200,-1.4512280737998537,-2.0679460033005577,0.6167179295007039,78.13006687813937,58.78671370859832
2023-10-05,102.91000366210938,103.73999786376953,100.2699966430664,103.41000366210938,51789700,55.932042796655175,49.733114350430526,48.0287620395425,101.82499923706055,106.2779997253418,96.61889989852905,101.75020610139548,102.39662659920315,105.61381046355717,102.13333263094462,98.6528547983321,62253500,-1.230485539035982,-1.9004539104476428,0.6699683714116609,80.62978884492605,65.67239532172336
2023-10-06,107.23999786376953,107.87000274658203,102.02999877929688,102.16000366210938,64864100,69.03540598404905,56.884437928809895,52.521439148412675,101.88249931335449,106.20079971313477,96.83214990615845,102.84816445387028,102.83693307780008,105.73269931853764,102.09793587336463,98.46317242819165,127117600,-0.6981038385724503,-1.6599838960726043,0.961880057500154,95.30197829406558,84.68727800571033
2023-10-09,106.97000122070312,107.30999755859375,104.79000091552734,106.01000213623047,39593200,67.5328616053811,56.346137980763174,52.22712275663361,101.96499938964844,106.08099975585938,97.04174989700317,103.67253180723687,103.21266654533672,105.62285807776074,102.05809469071644,98.49333130367218,87524400,-0.2945782631425402,-1.3869027694865914,1.0923245063440512,93.28858105817,89.74011606572054
2023-10-10,109.01000213623047,110.12000274658203,106.4000015258789,107.48999786376953,57105500,72.88387765370993,59.46714498375539,54.25212679911452,102.14999961853027,105.97319976806641,97.24839990615845,104.74002587303559,103.73969705359978,105.73920731317429,102.21206301734561,98.68491872151692,144629900,0.18766638623228005,-1.0719889383428172,1.2596553245750972,92.91187515468278,93.83414483563945
2023-10-11,108.30999755859375,110.0999984741211,106.93000030517578,109.13999938964844,51085600,68.25197695187669,57.93648263965266,53.439515824094656,102.17999954223633,105.78739974975586,97.47064989089967,105.45402021014722,104.15517891769014,105.88111211383155,102.37253921750992,98.86396632118831,93544300,0.5075139214440156,-0.7560883663854506,1.2636022878294662,88.44185973999653,91.54743865094976
2023-10-12,108.79000091552734,111.30999755859375,107.51000213623047,108.4000015258789,60959400,69.829704382159,58.72110104658471,53.934160631176276,102.28799972534179,105.77619979858399,97.69199991226196,106.12121635122325,104.57652637203898,105.97635020906962,102.47301543705048,98.96968066503132,154503700,0.790613951334592,-0.44674790284144206,1.237361854176034,85.04452895389446,88.7994212828579
2023-10-13,105.08999633789062,108.97000122070312,104.75,108.6500015258789,52881500,47.83908760915142,50.84762910008713,49.68084076010203,102.46799964904785,105.61499969482422,97.9010998916626,105.91497234855674,104.62320545984367,105.98714386470735,102.42238047766307,98.85761709061879,101622200,0.708249063131575,-0.21574850964683864,0.9239975727784137,61.221939740153495,78.23610947801482
2023-10-16,106.45999908447266,107.4800033569336,105.02999877929688,105.41999816894531,42464500,54.24183320746579,53.342223769396824,51.17144490841211,102.67249946594238,105.42779968261719,98.12054988861084,106.02397769573993,104.7901866984463,105.99269951714412,102.57222178625682,99.15174405536953,144086700,0.7449349218094596,-0.023611823355579015,0.7685467451650386,67.58022211943165,71.28223027115986
2023-10-17,105.13999938964844,106.29000091552734,101.66000366210938,103.54000091552734,49642100,47.50040357919339,50.67367586026037,49.68877395830175,102.84899940490723,105.19439971923828,98.32214988708496,105.84718203452164,104.82198785219195,106.17603277781654,102.70365045941064,99.23126814100476,94444600,0.6598889958667513,0.11308834048888705,0.5468006553778643,54.464942779521685,61.08903487970227
2023-10-18,102.16999816894531,104.77999877929688,101.73999786376953,103.37999725341797,50450000,35.565670916898696,45.19515580744141,46.51826790899789,102.94049949645996,104.97319961547852,98.50914989471435,105.11174526140638,104.5808978809877,106.27381037152004,102.759523421999,99.245236472478,43994600,0.3488142955892357,0.1602335315089568,0.1885807640802789,24.711698112258944,48.91895433707075
2023-10-19,102.4000015258789,105.5999984741211,101.83999633789062,103.80999755859375,52734200,37.03584104838463,45.684893702828134,46.793133697694394,103.25499954223633,104.81179962158203,98.70104991912842,104.56939651430089,104.38263457597782,106.36238170805431,102.8433329264323,99.32428414481026,96728800,0.11946755551934984,0.15208033631103543,-0.032612780791685586,26.606289286041978,35.26097672594086
2023-10-20,101.80999755859375,104.33999633789062,101.44000244140625,102.27999877929688,61317900,34.60534211500743,44.584287306410324,46.15695620718406,103.5354995727539,104.64339950561524,98.88679988861084,104.01751672315947,104.14875848348836,106.62238105895028,103.1095233493381,99.59666563972596,35410900,-0.1086473585127834,0.09993479734627167,-0.20858215585905507,21.746289311180018,24.354758903160302
2023-10-23,100.01000213623047,102.41999816894531,99.31999969482422,100.80999755859375,50817400,27.901814719665907,41.31419605381864,44.23864269542468,103.66699981689453,104.49219955444336,99.07519989013672,103.21601380577368,103.77250790646492,106.81904783703033,103.29238056001209,99.76571328299386,-15406500,-0.4297211013930138,-0.005996382401585426,-0.4237247189914284,5.754817050395373,18.03579854920578
2023-10-24,101.66999816894531,101.79000091552734,99.37999725341797,100.97000122070312,51982900,40.62946176115853,45.29888611063126,46.38693733981503,103.95249977111817,104.28599945068359,99.26374988555908,102.90681067840802,103.58137065759949,107.00650847904265,103.50745997353206,100.00841146802146,36576400,-0.5439561611379702,-0.11358833814886238,-0.4303678229891078,19.599657154419862,15.700254505331742
2023-10-25,96.05999755859375,101.02999877929688,95.2300033569336,100.41999816894531,53424500,23.67802830058396,36.32289382484235,40.829263355560315,103.85199966430665,103.98019943237304,99.4078498840332,101.53744805444518,102.89760946678079,107.21253979395306,103.55920603918652,99.90587228441994,-16848100,-1.0747790496711644,-0.30582648045332284,-0.7689525692178416,5.161657344220091,10.172043849678433
2023-10-26,93.66999816894531,97.5199966430664,93.12000274658203,95.98999786376953,49896400,19.515468628837752,33.29594001980597,38.76088000644164,103.39749946594239,103.70979934692383,99.53594985961914,99.96395807734521,102.05873571243211,107.1366661919488,103.41095200795975,99.68523782397075,-66744500,-1.669072955819587,-0.5784757755265757,-1.0905971802930112,3.023615058977879,9.261643185872602
2023-10-27,96.43000030517578,97.3499984741211,94.58999633789062,95.80000305175781,52458700,35.281904823561405,39.55987207566261,42.29046655124835,103.07799949645997,103.54959930419922,99.67279987335205,99.25716652291133,101.54703249359062,106.70190453907801,103.15142810155473,99.6009516640315,-14285800,-1.895495954546334,-0.8418798113305274,-1.0536161432158067,18.196803203088333,8.794025202095424
2023-10-30,96.18000030517578,97.04000091552734,94.69999694824219,96.13999938964844,43716600,34.546316707015876,39.20078087584436,42.06089968931965,102.72349967956544,103.36419937133789,99.79969985961914,98.64173327936423,101.059120476462,106.34444415380082,102.7958725217789,99.24730088975696,-58002400,-2.0712348173146182,-1.0877508125273456,-0.9834840047872726,16.822421282787218,12.680946514951133
2023-10-31,98.5,98.81999969482422,94.06999969482422,96.23999786376953,79547100,46.879472663833425,44.257501036884676,44.95958769912571,102.64449958801269,103.16979934692382,99.93719985961914,98.6133866234914,100.82647316042,106.20047590467667,102.52142818390377,98.84238046313088,21544700,-2.0002469442004838,-1.2702500388619733,-0.7299969053385105,29.576683825469267,21.531969437114935
2023-11-01,108.04000091552734,108.1500015258789,98.5,98.58000183105469,138641500,72.47332385761335,59.2618560027799,54.702145725034356,102.84299964904785,103.2173992919922,100.11944988250733,100.4987094818986,101.4822484108843,106.6566663469587,102.71428535098121,98.77190435500373,160186200,-1.160809113664996,-1.248361853822578,0.08755274015758197,94.13248962330042,46.84386491051896
2023-11-02,107.83000183105469,109.41000366210938,105.91000366210938,107.95999908447266,71377000,71.56255259882337,58.88610736886702,54.480221695727316,103.08899955749511,103.18539932250977,100.30594989776611,101.96496795172983,102.05931690362706,106.85761866493831,102.94190458267455,99.02619050041078,88809200,-0.5066533715377091,-1.1000201573656043,0.5933667858278953,90.30078734035762,71.33665359637575
2023-11-03,112.25,113.38999938964844,107.86000061035156,109.05000305175781,65632200,78.41408282135372,64.05242528907289,58.21078191844312,103.33949966430664,103.3943992614746,100.52864990234374,104.02197436138387,102.98574263966097,107.37761857774524,103.36380937364368,99.35000016954211,154441400,0.3642280851620967,-0.8071705088600641,1.1713985940221607,94.3759270920334,92.93640135189713
2023-11-06,111.75,113.08000183105469,110.22000122070312,112.5999984741211,49270400,75.93070078052861,63.08667955481411,57.65200124796431,103.57849960327148,103.58439926147462,100.73704990386963,105.56757948910709,103.78249330878269,107.51999942840092,103.64809514605811,99.77619086371529,105171000,1.0025058294692002,-0.4452352411942113,1.4477410706634115,91.90922712752683,92.19531385330595
2023-11-07,113.44999694824219,114.6500015258789,111.22000122070312,111.86000061035156,50550200,78.68490492033973,65.01791713969959,59.04927913230713,103.80049934387208,103.80119918823242,100.92164989471435,107.14406298093411,104.66135727600627,107.88476150754899,103.96952371748668,100.05428592742436,155721200,1.6267687095756287,-0.030834451040243294,1.657603160615872,94.42636021516807,93.5705048115761
2023-11-08,113.58999633789062,115.31999969482422,112.87999725341797,113.55000305175781,41880600,78.92324423728185,65.17948333088395,59.16528037117983,104.06449928283692,103.95459915161133,101.1160998916626,108.43324965232542,105.47305173617758,108.08190421452598,104.22761874728734,100.37333328004867,197601800,2.108492926387939,0.3970310244453932,1.7114619019425457,92.207191014634,92.84759278577629
2023-11-09,113.48999786376953,115.80999755859375,113.05999755859375,114.0999984741211,61146900,78.174007149371,64.94874089493636,59.04039180109521,104.29949913024902,104.09259918212891,101.3089998626709,109.44459929461425,106.20186502050412,108.33206297859314,104.49777742416138,100.66349186972968,136454900,2.4539066889020233,0.8084061573367192,1.6455005315653042,89.7752303865841,92.13626053879538
2023-11-10,118.58999633789062,119.69999694824219,114.02999877929688,114.3499984741211,75135900,86.19477266192621,70.65456597037807,63.18396151272048,104.97449913024903,104.34999908447266,101.5261498260498,111.27367870326952,107.32805877663016,108.81333281501891,104.88999951074996,100.96666620648095,211590800,3.1034027436346605,1.2674054745963075,1.835997269038353,95.82392455795858,92.60211531972556
2023-11-13,116.79000091552734,118.68000030517578,116.0,118.33999633789062,46741900,74.58610588252051,66.53768282206673,60.91034898501335,105.49099922180176,104.49679916381837,101.73309982299804,112.3769431457211,108.18823533471172,109.25841219463047,105.40841226729137,101.55841233995227,164848900,3.433311382525744,1.700586656182195,1.7327247263435492,89.05193127343463,91.55036207265908
2023-11-14,119.87999725341797,122.11000061035156,119.22000122070312,119.69999694824219,61017400,80.10560793556473,69.79174057995161,63.28163867048462,106.22799911499024,104.67879913330079,101.97024982452393,113.87755396726047,109.25112278186684,109.94984048510354,106.07888842385914,102.2079363626147,225866300,3.899156190576676,2.140300563061091,1.7588556275155849,92.30768016123051,92.39451199754122
2023-11-15,118.0,120.58999633789062,116.87000274658203,120.54000091552734,59555600,69.14205185058559,65.6112116136691,60.930584850135475,107.01949920654297,104.85319915771484,102.18449981689453,114.70204317380839,110.04647525624259,110.57904658241878,106.75142802889386,102.92380947536893,166310700,4.069728197288924,2.5261860899066577,1.5435421073822666,85.34236634751456,88.90065926072657
2023-11-16,119.83000183105469,120.7300033569336,116.41000366210938,117.19999694824219,49661900,73.39531453845589,67.64298228460538,62.35391022740044,107.89099922180176,105.11799926757813,102.36044982910157,115.72763490525766,110.93588676304368,111.40634833441838,107.51777745806983,103.62920658172122,215972600,4.302971617021811,2.8815431953296886,1.4214284216921222,91.8687635347604,89.83960334783514
2023-11-17,120.62000274658203,121.48999786376953,118.81999969482422,119.63999938964844,38508900,75.16835241630442,68.50798799448633,62.96286617825545,108.83149948120118,105.40859939575195,102.5219998550415,116.70610847352253,111.81626094336535,112.16539582752046,108.32872990199498,104.4920639764695,254481500,4.499695490506767,3.2051736543651046,1.2945218361416622,94.6861704168332,90.63243343303604
2023-11-20,121.52999877929688,121.93000030517578,120.06999969482422,120.69999694824219,43138700,77.26289062059234,69.51881969929173,63.670554188544635,109.90749931335449,105.73279937744141,102.69919986724854,117.67088653467741,112.69932801935913,113.0038088843936,109.21666644868397,105.42952401297433,297620200,4.675137576439397,3.4991664387799633,1.1759711376594337,97.54340611579488,94.69944668912949
2023-11-21,119.16000366210938,120.6500015258789,117.94000244140625,120.54000091552734,41064800,61.14427471679619,63.77717443547111,60.52186442031359,110.7819995880127,106.00979949951171,102.8765998840332,117.9687099601638,113.28666216870006,113.87412649487693,110.10555545867435,106.3369844224718,256555400,4.570254841523351,3.713384119328641,0.8568707221947096,81.79013886442563,91.33990513235123
2023-11-22,122.51000213623047,124.76000213623047,119.94999694824219,120.0,56862200,71.30010623306642,67.82262104253184,63.21041634807771,112.10449981689453,106.30579956054687,103.05959987640381,118.87696839537713,114.12514762029373,115.01031712123329,111.12746029808407,107.24460347493489,313417600,4.703235427869174,3.911354381036748,0.791881046832426,86.68639173461267,88.67331223827773
2023-11-24,122.30999755859375,123.25,121.54000091552734,122.02999877929688,19001000,69.98950680762223,67.33908221620939,62.94286399391649,113.53649978637695,106.61939956665039,103.24769985198975,119.56357422802046,114.86922488741192,116.0025394984654,112.31444440569196,108.62634931291852,294416600,4.737869591287378,4.076657423086875,0.6612121682005032,83.1499008021358,83.8754771337247
2023-11-27,122.6500015258789,123.88999938964844,121.7699966430664,122.06999969482422,32743000,71.07416041396169,67.75988834082997,63.219549477515,114.84749984741211,107.04259963989257,103.44489986419677,120.18085968759215,115.57656821818163,117.22730182466053,113.6477777390253,110.06825365339007,327159600,4.73813462735248,4.208952863939996,0.5291817634124838,84.41654012052639,84.75094421909161
2023-11-28,122.01000213623047,122.54000091552734,120.79000091552734,121.9800033569336,32047100,65.7097206385807,66.03520465821434,62.304105195361245,116.13899993896484,107.43539962768554,103.64754985809326,120.54668817731982,116.16142584709516,118.4009526570638,114.86952391124908,111.33809516543434,295112500,4.633292358116961,4.29382076277539,0.33947159534157123,76.851861365995,81.47276742955239
2023-11-29,123.8499984741211,125.7300033569336,123.4800033569336,123.9800033569336,37876300,72.79400382594757,68.51630618070776,63.87633102799295,117.4064998626709,107.88019958496093,103.85114986419677,121.20735023668009,116.8603869950066,119.7480954367017,116.22095259409103,112.69380975148033,332988800,4.645130261218682,4.364082662464049,0.2810475987546335,85.161767778679,82.14338975506679
2023-11-30,121.16000366210938,124.05000305175781,119.6500015258789,123.61000061035156,44494200,53.4289974286254,61.449064023817556,60.04841784872989,118.0625,108.29659973144531,104.02719989776611,121.19788092176596,117.25126123747049,120.89761945936414,117.38714321075925,113.87666696215432,288494600,4.386882533502927,4.368642636671824,0.018239896831103053,60.940188830701196,74.31793932512507
2023-12-01,121.38999938964844,121.4000015258789,118.6500015258789,119.87999725341797,37048000,54.66634676045404,61.81175664655627,60.2612853748181,118.7404998779297,108.80219970703125,104.20824989318848,121.23630461534246,117.62751016039576,121.31111145019531,118.12920670282273,114.94730195545014,325542600,4.1529059668797,4.325495302713399,-0.17258933583369895,55.39565806837597,67.16587155925204
2023-12-04,118.56999969482422,119.9000015258789,116.37000274658203,119.75,39854400,39.30230952178669,54.98153731074293,56.40866929669179,119.0564998626709,109.24959976196288,104.40069988250733,120.70304363123883,117.71319102716198,121.81555575416202,118.63222249348958,115.44888923281715,285688200,3.697307188691724,4.199857679909065,-0.5025504912173409,23.50423936734717,46.61336208880811
2023-12-05,118.37999725341797,118.48999786376953,116.44999694824219,117.43000030517578,39191600,38.42906379376129,54.54420957647258,56.155781952160176,119.3879997253418,109.66959976196289,104.60009986877441,120.23843435567466,117.77380977500343,121.9639684283544,118.94682554214721,115.92968265593997,246496600,3.2830651342306396,4.01649917077338,-0.7334340365427403,21.474298886401908,33.45806544070834
2023-12-06,116.81999969482422,122.83000183105469,116.37999725341797,120.69000244140625,60599000,31.527416440431352,50.96018824666892,54.07490269728757,119.5564998626709,110.08679977416992,104.80034988403321,119.55474742350458,117.68709976771441,122.46793680342415,119.27984134734623,116.09174589126827,185897600,2.7966584186911945,3.7725310203569427,-0.9758726016657482,4.807659389941915,16.595399214563656
2023-12-07,128.3699951171875,128.67999267578125,119.55999755859375,120.79000091552734,118579100,73.62004885776852,67.81994467882055,64.3112825082219,120.29549980163574,110.69279968261719,105.05914985656739,121.31779696224118,118.65827207221196,123.33079347156342,119.87174588158017,116.41269829159691,304476700,3.305066941135806,3.6790382045127155,-0.37397126337690967,97.48173994961249,41.25456607531876
2023-12-08,128.9199981689453,131.0,126.88999938964844,129.5399932861328,89341000,74.51527719248696,68.37747313990822,64.70295502360844,121.06699981689454,111.21599960327148,105.3049998474121,122.83823720358201,119.59115626282407,124.12492043631417,120.58634912400018,117.0477778116862,393817700,3.7096030133778157,3.6851511662857357,0.024451847092080037,85.78262322934653,62.69067418963363
2023-12-11,134.41000366210938,135.0399932861328,128.25,130.55999755859375,98668300,81.88060946652209,73.34221507461089,68.3300008467924,121.85800018310547,111.8477996826172,105.5865998840332,125.15259049528748,120.93832420821363,125.19571383037263,121.46476188538567,117.73380994039867,492486000,4.4222217074565435,3.8325652745198977,0.5896564329366458,96.62565643678899,93.29667320524932
2023-12-12,137.61000061035156,139.88999938964844,131.89999389648438,132.25,111677800,84.92749359266223,75.73368742888437,70.19624159870912,122.89900016784668,112.5345997619629,105.88079990386963,127.6440725183003,122.45393115386253,126.21222214471726,122.3707936604818,118.52936517624627,604163800,5.185415919971092,4.103135403610137,1.0822805163609548,90.30612625546863,90.90480197386803
2023-12-13,138.19000244140625,139.24000549316406,136.02999877929688,137.97000122070312,70651600,85.45930608136818,76.15129710427084,70.52536068736376,123.81450042724609,113.29679977416993,106.17884990692139,129.75325850292148,123.88448308909378,127.22142888629246,123.35476200164311,119.48809511699372,674815400,5.770534996982917,4.436615322284694,1.3339196746982234,92.77212078708634,93.23463449311464
2023-12-14,138.0,141.82000732421875,135.72999572753906,138.88999938964844,76115200,84.29018066473199,75.69175023428696,70.25964148573593,124.81450042724609,113.97539978027343,106.47739990234375,131.4026068023372,125.16771189917615,128.23635016547308,124.21730174715557,120.19825332883805,598700200,6.148043651771928,4.778900988182141,1.3691426635897876,84.99015073822248,89.35613259359248
2023-12-15,139.14999389648438,140.88999938964844,137.25,139.52000427246094,70211800,85.71005496460049,76.61171648289633,70.95216247210539,125.78050003051757,114.70019958496094,106.77094985961914,132.95208422116664,126.43882844438599,129.2139693971664,125.19873022654701,121.18349105592758,668912000,6.465486770180618,5.116218144581836,1.349268625598782,89.50878999023618,89.09035383851499
2023-12-18,138.89999389648438,139.7899932861328,137.64999389648438,139.14999389648438,45199500,83.7357450965453,75.9388769031544,70.57864605872419,126.69449958801269,115.33339950561523,107.05784984588622,134.1416661562302,127.57166166730403,130.0525403703962,126.14111073811848,122.22968110584077,623712500,6.620571985228111,5.417088912711091,1.2034830725170194,88.52647189580378,87.6751375414208
2023-12-19,140.14999389648438,143.47000122070312,138.55999755859375,138.57000732421875,63739800,85.71065430987305,77.02535227634723,71.36658464169965,127.62549934387206,115.99699935913085,107.35279979705811,135.34333170428104,128.71514641541134,131.13142939976282,127.1133328392392,123.09523627871559,687452300,6.7663444815162705,5.6869400264721275,1.079404455044143,87.74904977434164,88.59477055346052
2023-12-20,135.47000122070312,139.5800018310547,135.3699951171875,139.0,54671700,55.45664382270596,65.16175008815989,64.59530173353704,128.44099922180175,116.52619934082031,107.61959980010987,135.36866560756548,129.3292241249833,131.98762015690878,127.85761854383682,123.72761693076481,632780600,6.430111614368997,5.835574344051502,0.5945372703174945,70.47970313489306,82.25174160167948
2023-12-21,139.91000366210938,139.97999572753906,137.3800048828125,138.13999938964844,47179400,68.22537739455893,69.89862517847813,67.64053502509071,129.3109992980957,117.15819946289062,107.8922998046875,136.27693321847426,130.29111317381296,132.92714352077905,128.80238039531403,124.67761726984902,679960000,6.447591909059582,5.957977857053119,0.4896140520064636,86.86347690390707,81.69740993771391
2023-12-22,139.60000610351562,140.6999969482422,138.30999755859375,140.47999572753906,35396600,66.62523024454754,69.19125530367474,67.21851910786697,130.1754997253418,117.77439956665039,108.1701498413086,136.94154779548253,131.1373761674223,133.62761942545572,129.6180946713402,125.6085699172247,644563400,6.363081315791902,6.038998548800876,0.324082766991026,85.71430583081109,81.01916195653706
2023-12-26,143.41000366210938,143.85000610351562,139.9199981689453,140.07000732421875,47157400,75.20280046674665,72.83049572991561,69.65145803725176,131.21349983215333,118.54079971313476,108.47384986877441,138.23523896880792,132.2530695760302,134.6869850764199,130.57174561515686,126.45650615389386,691720800,6.528286994506573,6.136856237942016,0.3914307565645565,98.39824426774916,90.32534233415576
2023-12-27,146.07000732421875,146.25,143.17999267578125,144.72000122070312,49033400,79.59615959141027,75.04668671764166,71.21098244330862,132.41650009155273,119.3329998779297,108.79414989471435,139.8021926398901,133.50915482586552,135.7987313649011,131.6382535904173,127.47777581593346,740754200,6.795519234414172,6.2685888372364476,0.5269303971777246,99.32561761215123,94.47938923690383
2023-12-28,148.75999450683594,150.41000366210938,145.9499969482422,146.8000030517578,63800700,83.20674876718705,77.08253197066591,72.69445114006066,133.66199989318847,120.20539978027344,109.10069988250733,141.5937530132793,134.89559479686284,137.19412836952813,132.90460265628877,128.61507694304936,804554900,7.1420332804262046,6.4432777258744,0.6987555545518047,92.9846562264217,96.90283936877402
2023-12-29,147.41000366210938,151.0500030517578,147.1999969482422,149.5,62079200,75.19350514723202,73.82717878832153,70.78084286775731,134.97449989318847,121.11019989013671,109.38934989929199,142.75700314304532,136.03326833006707,138.42270006452287,134.0569835844494,129.69126710437592,742475700,7.224436374099298,6.59950945551938,0.6249269185799182,84.03509253316611,92.11512212391301
2024-01-02,138.5800018310547,144.39999389648438,137.42999267578125,144.27999877929688,64902000,42.82348296036404,56.9004662006116,59.983461782986346,135.8340000152588,121.83379989624024,109.59924991607666,141.9216028806472,136.2647895574296,139.4268267192538,134.93872930133153,130.4506318834093,677573700,6.50227983277216,6.5800635309699365,-0.0777836981977762,34.88253128448664,70.63409334802482
2024-01-03,135.32000732421875,137.42999267578125,133.74000549316406,135.7100067138672,61988600,35.96431044887248,52.14683926497497,56.64805409339986,136.6715003967285,122.50400009155274,109.7866499710083,140.60128376936152,136.17890026350133,140.1866674271841,135.65380871485152,131.1209500025189,615585100,5.60233107383354,6.384517039542658,-0.7821859657091181,9.127683731360651,42.681769183004455
2024-01-04,136.00999450683594,137.6999969482422,134.0,134.3000030517578,58610300,38.46753302599691,53.04104314486293,57.17497368681312,137.55300025939943,123.22399993896484,109.98264995574951,139.68302591685642,136.16354519471355,141.03396872868612,136.49301486545139,131.95206100221665,674195400,4.888440498647839,6.085301731363694,-1.1968612327158556,13.113745429414648,19.041320148420635
2024-01-05,138.5800018310547,141.00999450683594,136.44000244140625,136.77999877929688,69657700,47.61962837046565,56.31544416470548,59.1102743335362,138.64100036621093,123.96220001220703,110.1958999633789,139.4624210996961,136.38322307074455,142.14984142969524,137.48841179741754,132.82698216513984,743853100,4.478430626589358,5.763927510408827,-1.2854968838194694,27.960699136481118,16.73404276575213
2024-01-08,146.17999267578125,147.14999389648438,140.14999389648438,140.36000061035156,71756900,65.71534935086649,64.2534430717343,64.12276555586911,139.53150024414063,124.96459991455077,110.43889991760254,140.80593541491314,137.27383848938425,143.4053964766245,138.717776586139,134.03015669565352,815610000,4.712428650321272,5.553627738391317,-0.8411990880700451,71.86590951563255,37.64678469384276
2024-01-09,149.25999450683594,149.86000061035156,145.0800018310547,145.9499969482422,67875700,70.6468702872936,66.88005160462421,65.89414433990092,140.54850006103516,126.0763998413086,110.68379989624023,142.4967472332977,138.3634890364253,144.27158731127543,139.79063391307042,135.30968051486545,883485700,5.08775569645951,5.460453330004956,-0.37269763354544594,89.65910573434365,63.16190479548576
2024-01-10,148.5399932861328,150.8800048828125,146.64999389648438,150.07000732421875,56951200,67.90682292974483,65.66536446365066,65.10851501897423,141.25499954223633,127.11859970092773,110.93674987792969,143.70539644386471,139.2886257863987,145.21793692452567,140.73126874651228,136.2446005684989,826534500,5.266399231281412,5.421642510260248,-0.15524327897883605,85.49965268840332,82.34155597945983
2024-01-11,148.02000427246094,150.3800048828125,143.69000244140625,148.52000427246094,62764600,65.69849903873879,64.7507080691864,64.52763995594765,141.7754997253418,128.15539978027343,111.19379989624024,144.56831800958398,140.08238746694983,145.91777886284723,141.43587215363033,136.95396544441346,763769900,5.304865563954024,5.3982871209990035,-0.09342155704497923,82.4956718275642,85.88481008343705
2024-01-12,146.55999755859375,148.75,145.0,148.0399932861328,48293100,59.210779485757236,62.133762803454886,62.88088334136915,142.19399948120116,129.11659973144532,111.45379989624024,144.96665391938592,140.67126111164472,146.20650881812685,141.92650713239397,137.64650544666108,715476800,5.1580809236146195,5.3502458815221265,-0.1921649579075071,74.06120088714313,80.68550846770354
2024-01-16,158.74000549316406,159.72000122070312,149.97999572753906,150.36000061035156,112711400,79.48823875203917,72.22052109451596,69.63864230178149,143.2309997558594,130.13059982299805,111.7670499420166,147.72132423414155,142.3138742372374,147.3901594858321,142.79920547727554,138.208251468719,828188200,5.955921728116522,5.471381050841005,0.48454067727551653,96.2278834153146,84.26158537667396
2024-01-17,160.1699981689453,160.63999938964844,154.39999389648438,158.4499969482422,104085000,80.83081589176874,73.12564581169815,70.30226284348346,144.28199996948243,131.17739974975586,112.07849994659423,150.2110590211023,143.937158231029,148.3442859952412,143.74618942018537,139.14809284512958,932273200,6.627210415431165,5.702546923759037,0.9246634916721277,98.25278316972202,89.5139558240599
2024-01-18,162.6699981689453,168.60000610351562,158.22000122070312,166.1999969482422,131864900,83.14525576906283,74.67895136960996,71.44309339793648,145.47050018310546,132.18579971313477,112.40179992675782,152.7028468506709,145.6401436799305,149.81127057756697,144.89222135997952,139.97317214239212,1064138100,7.277055279675608,6.017448594942351,1.2596066847332565,82.98907679075194,92.48991445859617
2024-01-19,174.22999572753906,174.25,162.1999969482422,165.8000030517578,140367900,89.90702600100288,80.33805607965371,75.91564790122936,147.17450027465821,133.43539962768554,112.79014991760253,157.00827662604453,148.239221138804,151.78063601539247,146.38968186151413,140.9987277076358,1204506000,8.625428636339848,6.539044603221851,2.086384033117997,99.95061892082568,93.73082629376654
2024-01-22,168.17999267578125,174.72000122070312,164.14999389648438,174.38999938964844,122973800,71.81349251965892,71.35042676271112,69.92365095576551,148.80999984741212,134.52999954223634,113.15169986724854,159.2426198359919,150.05201855125648,153.39730277894034,147.73682464115205,142.0763465033637,1081532200,9.100929699268875,7.051421622431255,2.0495080768376193,84.04097309232536,88.99355626796766
2024-01-23,168.4199981689453,169.6300048828125,164.27000427246094,166.5,76830500,72.08096371197493,71.48670343991978,70.02178434609377,150.2354995727539,135.62659957885742,113.53099987030029,161.07809550258258,151.72183488013727,154.91079469711062,149.195554945204,143.48031519329737,1158362700,9.388904705870033,7.518918239119011,1.8699864667510218,84.62663809522036,89.5394100361238
2024-01-24,178.2899932861328,180.5800018310547,170.55999755859375,172.5500030517578,125516400,80.98530939989139,76.44815497085348,73.70975332307457,152.16999893188478,136.9225994873047,113.96009983062744,164.52047505929264,154.13712200795504,157.04444594610302,150.97587222144716,144.90729849679127,1283879100,10.29488012260245,8.074110615815698,2.220769506786752,95.08370877006892,87.91710665253821
2024-01-25,180.3300018310547,184.9199981689453,177.6300048828125,183.41000366210938,127171400,82.37918458171029,77.32633348788606,74.39052634389432,154.01599884033203,138.15739959716797,114.38434982299805,167.68238041364506,156.5182929009641,159.25031873914932,152.9484119718037,146.64650520445807,1411050500,11.05010507522016,8.66930950769659,2.3807955675235686,90.53218493729513,90.08084393419479
2024-01-26,177.25,181.22999572753906,174.14999389648438,175.2899932861328,107381200,72.72101574992092,72.90628998411917,71.46938957495857,155.5749984741211,139.36659957885743,114.80044982910157,169.59590433091608,158.402993546331,161.07412768167163,154.62222120496963,148.1703147282676,1303669300,11.27018026154343,9.189483658465958,2.080696603077472,82.86799768374536,89.49463046370312
2024-01-29,177.8300018310547,178.88999938964844,174.39999389648438,178.77000427246094,89384500,73.42507465076247,73.21676399151693,71.68825864218908,157.02849884033202,140.52559967041014,115.22794982910156,171.24272383094382,160.16908520857862,162.65952434237042,156.1399989052424,149.62047346811445,1393053800,11.360436690210804,9.623674264814928,1.7367624253958756,82.8037907528694,85.40132445796996
2024-01-30,172.05999755859375,178.47999572753906,169.52000427246094,176.1300048828125,122265700,56.1305657569943,65.21089657060381,66.39118885987014,158.26099853515626,141.60679962158204,115.62779983520508,171.40617857647382,161.25007724039818,164.06333317832343,157.32952275351872,150.59571232871403,1270788100,10.841401509281411,9.867219713708225,0.9741817955731857,68.80911486061133,78.16030109907535
2024-01-31,167.69000244140625,171.3000030517578,162.55999755859375,165.74000549316406,133157300,46.23349593662813,59.871327015744676,62.72162111354135,159.71649856567382,142.56399963378905,116.0074998474121,170.6629433494603,161.83552498594435,165.18333313957095,158.21666560097344,151.249998062376,1137630800,9.962597680010873,9.886295306968755,0.07630237304211818,58.210047264131774,69.9409842925375
2024-02-01,170.47999572753906,171.13999938964844,165.86000061035156,169.27000427246094,91576700,52.632224098734184,62.01008334366696,64.04796253749707,161.47449798583983,143.5611994934082,116.4105498123169,170.62635382507608,162.62138596245296,166.48492044115824,159.59872920929442,152.71253797743054,1229207500,9.383105851641261,9.785657415903257,-0.4025515642619961,63.82764753571692,63.61560322015333
2024-02-02,177.66000366210938,179.0,173.0500030517578,173.7899932861328,82134300,65.3623627285311,66.8994064687275,67.18881246430284,163.5569984436035,144.68379959106446,116.84994983673096,172.03308379248273,163.9885330260581,168.5484129890563,161.55460224454364,154.560791500031,1311341800,9.39492222189699,9.707510377102004,-0.31258815520501315,79.22153978377415,67.08641152787426
2024-02-05,174.22999572753906,180.00999450683594,171.11000061035156,179.08999633789062,76349200,56.63668076705001,62.74495136575592,64.37983104453902,165.33949813842773,145.78519943237305,117.27139980316161,172.472466179494,164.9195750898291,170.66333346896704,163.4219038221571,156.18047417534723,1234992600,9.023496554560154,9.570707612593635,-0.547211058033481,64.97378458412557,69.34099063453887
2024-02-06,167.8800048828125,173.8800048828125,165.5,173.14999389648438,68854100,43.68184686121399,55.8323661741334,59.56043217583256,166.42449874877929,146.69259948730468,117.66024982452393,171.55397392015772,165.1887050710094,172.29285806322855,164.8699992346385,157.44714040604848,1166138500,8.123109693055255,9.281188028685959,-1.1580783356307034,36.17979313194397,60.12503916661455
2024-02-07,170.94000244140625,172.97000122070312,168.1999969482422,169.47000122070312,53665400,50.260870718029224,58.22101475690926,61.03012047957632,167.5084991455078,147.66519958496093,118.07279983520507,171.43117962440743,165.71155028650003,173.4347633482918,166.11809479244172,158.80142623659162,1219803900,7.569209710019834,8.938792364952734,-1.3695826549329002,38.468331969982096,46.5406365620172
2024-02-08,169.35000610351562,172.1699981689453,168.60000610351562,170.3300018310547,43385300,46.848435326086154,56.510843339945254,59.84856885617681,168.54899978637695,148.59919967651368,118.48169986724854,171.01494492022908,166.04231899713778,174.42349340045263,167.16444421192958,159.90539502340647,1176418600,6.922146372026219,8.535463166367432,-1.6133167943412126,30.366763683264125,35.004962928396715
2024-02-09,172.47999572753906,175.10000610351562,168.66000366210938,171.0,56375700,54.194869247039456,59.06023563413097,61.38705411482369,169.77199935913086,149.60859954833984,118.92509983062745,171.3079550816911,166.62756233626519,175.64254082573785,168.27825394887773,160.9139670720176,1232794300,6.585988839366138,8.145568300967174,-1.5595794616010359,44.364927988207874,37.73334121381802
2024-02-12,171.91000366210938,177.41000366210938,170.6699981689453,172.67999267578125,58177100,52.60594743181778,58.388965906358635,60.942480682860854,171.03949966430665,150.56979965209962,119.35494983673095,171.42836479777478,167.1077842749783,176.88142976306733,169.51476178850447,162.14809381394159,1174617200,6.202094096713665,7.756873460116473,-1.5547793634028073,41.81576855229172,38.84915340792123
2024-02-13,171.5399932861328,173.1699981689453,164.3000030517578,167.94000244140625,63071300,51.431324692188845,57.92868250437188,60.64441787228894,171.67949905395508,151.57739944458007,119.7754497909546,171.4506904954464,167.51071236690143,178.21571519639755,170.60523793054006,162.99476066468253,1111545900,5.801126230207558,7.36572401413469,-1.5645977839271321,40.160981585044205,42.11389270851459
2024-02-14,178.6999969482422,178.74000549316406,172.8800048828125,173.47000122070312,57402500,68.01524427979328,63.86487665872508,64.18783839592487,172.60599899291992,152.72359939575196,120.2220997619629,172.90055178600556,168.52792005611423,179.01317535884795,171.58746023026725,164.1617451016865,1168948400,5.992036299521146,7.0909864712119814,-1.0989501716908352,86.44885362921384,56.141867922183245
2024-02-15,176.75999450683594,180.5,175.25999450683594,179.13999938964844,51126400,61.21874007095134,61.33944543828484,62.59149662088798,173.31049880981445,153.88739929199218,120.65744972229004,173.67244033017164,169.2762904607253,179.87523881215898,172.4971427311973,165.11904665023562,1117822000,5.918566372181459,6.856502451405877,-0.9379360792244178,79.15270354405315,68.58751291943706
2024-02-16,173.8699951171875,180.3300018310547,173.25,177.4499969482422,53940300,51.94056218887687,57.68028839881034,60.25757944451559,173.29249877929686,154.99719924926757,121.07724967956543,173.71195128757483,169.69389997494915,180.32063535660032,173.0996822781033,165.87872919960625,1063881700,5.563015151619396,6.597804991448581,-1.0347898398291848,63.04345607272504,76.21500441533067
2024-02-20,165.69000244140625,171.80999755859375,162.0,171.13999938964844,66550000,34.28936518581092,48.805641615913665,54.26951626888848,173.16799926757812,155.97459930419922,121.49759967803955,172.10756151834113,169.32990929008162,180.03650822715153,172.92222207690043,165.8079359266493,997331700,4.5685181681922415,6.1919476267973135,-1.623429458605072,19.945959142736488,54.04737291983822
2024-02-21,164.2899932861328,164.89999389648438,161.80999755859375,162.74000549316406,48365700,32.05226493307403,47.459745008275064,53.32140482058847,172.9614990234375,156.69299926757813,121.88599964141845,170.5440478718995,168.87173510790444,179.42555527460007,172.6674601236979,165.90936497279577,948966000,3.6256093378136143,5.678679969000574,-2.0530706311869595,13.269103282966002,32.08617283280917
2024-02-22,181.86000061035156,183.8300018310547,172.0,173.1999969482422,100684700,65.7268532619852,61.72507375800155,62.02579503909241,173.13999938964844,157.75179931640625,122.34609966278076,172.8072384195899,170.0524865172178,180.29507906474765,173.22888861762152,166.16269817049542,1049650700,4.247141643718891,5.392372303944238,-1.145230660225347,91.05358383982293,41.422882088508466
2024-02-23,176.52000427246094,183.8000030517578,174.5500030517578,181.86000061035156,69207400,55.665356968149105,56.68740204826306,58.556284137967154,172.94949951171876,158.59399932861328,122.75349967956544,173.54979159016412,170.64044267678537,180.34476168193515,173.3152381049262,166.2857145279173,980443300,4.259714065622433,5.165840656279878,-0.9061265906574452,66.80292397701342,57.04187036660077
2024-02-26,176.00999450683594,179.83999633789062,174.80999755859375,178.77999877929688,45435100,54.70558040640171,56.21550573638231,58.2310521588166,172.88749923706055,159.36199920654298,123.15824966430664,174.0418321734985,171.1285837522445,180.04317438034784,173.12126958937873,166.1993647984096,935008200,4.180335963979928,4.968739717819888,-0.78840375383996,64.48680378323654,74.11443720002428
2024-02-27,178.0,178.4600067138672,172.49000549316406,175.9199981689453,43665200,58.08910333121754,57.69532559999492,59.15644098124636,172.8959991455078,160.15819915771485,123.5631496810913,174.8334657387988,171.7532579565859,179.93190486847408,173.06285724942646,166.19380963037884,978673400,4.229252864267636,4.820842347109438,-0.591589482841802,73.52406584976956,68.27126453667317
2024-02-28,176.5399932861328,176.83999633789062,173.58999633789062,176.25,35914400,54.50451932980918,56.19471083038261,58.16797798905376,173.11999893188477,160.9289990234375,123.96034965515136,175.1747712482656,172.18841571381745,179.80698382665238,172.99698408823164,166.18698434981087,942759000,4.102913685161582,4.677256614719867,-0.5743429295582851,66.8937005882463,68.30152340708412
2024-02-29,192.52999877929688,193.0,179.82000732421875,179.82000732421875,105538500,74.87820917992119,66.47808887174784,64.88595032050155,174.36199874877929,161.99659912109374,124.4466996383667,178.64581675447187,174.03765053795192,180.72682529025607,173.71587311275422,166.70492093525235,1048297500,5.232729140471491,4.788351119870192,0.4443780206012997,98.49310296917714,79.63695646906433
2024-03-01,202.63999938964844,202.72000122070312,195.4199981689453,197.91000366210938,103820800,81.24917886696488,71.09791541869255,68.2557364173214,175.96999893188476,163.27139923095703,124.97289962768555,183.4446532815072,176.63786406992435,182.23333304268974,175.29095241001673,168.34857177734375,1152118300,6.864775723771146,5.203636040650382,1.6611396831207639,99.8044443317203,88.39708262971457
2024-03-04,205.36000061035156,211.00999450683594,203.5,205.16000366210938,86835300,82.66822691686714,72.20766388541362,69.09007520799548,177.35499877929686,164.57559936523438,125.49229961395264,187.82772274727606,179.24896739178135,184.12349155970983,177.07492065429688,170.02634974888392,1238953600,8.282193791269748,5.819347590774256,2.462846200495492,88.51627185581312,95.6046063855702
2024-03-05,205.1300048828125,205.3300018310547,199.14999389648438,200.5,65407100,82.03824931366847,71.95607110119438,68.92992010579887,178.89999923706054,165.96879943847657,125.9991996383667,191.28817917438334,181.6017889818751,185.40269833519346,178.34317452566964,171.28365071614584,1173546500,9.27997530986218,6.511473134591841,2.7685021752703394,88.04880083588397,92.12317234113912
2024-03-06,210.6300048828125,214.80999755859375,207.32000732421875,210.42999267578125,86687000,85.26131642761149,74.26527373442569,70.63188005091658,181.03749923706056,167.38319946289062,126.51269966125489,195.1565443160692,184.24071770014214,187.0404762389168,180.048095460922,173.0557146829272,1260233500,10.394704701239618,7.288119447921398,3.1065852533182206,92.11322136645047,89.55943135271583
2024-03-07,211.3800048828125,213.8300018310547,208.22000122070312,212.52000427246094,63869000,85.68174347129118,74.57274597021421,70.85944663398506,183.05949935913085,168.81879943847656,127.04049968719482,198.40123642941785,186.70792562583944,188.91126965719553,182.05079384455607,175.19031803191652,1324102500,11.209439071108108,8.07238337255874,3.137055698549368,93.52831570607312,91.23011263613584
2024-03-08,207.38999938964844,227.3000030517578,205.60000610351562,213.41000366210938,120815200,72.48225447518993,69.79515935374565,67.93177289133183,184.9614990234375,170.09839935302733,127.53744968414307,200.198989021464,188.58811414982205,191.75206308516246,184.08539714510476,176.41873120504712,1203287300,11.40172978797645,8.738252655642283,2.663477132334167,69.59840892945472,85.07998200065943
2024-03-11,198.38999938964844,203.5500030517578,196.6999969482422,203.00999450683594,73098600,51.152496782162345,60.39597570774938,61.900699049056335,186.25699920654296,171.14479919433595,127.98879966735839,199.8371910951009,189.47919462616989,193.31333342052642,185.49047633579798,177.66761925106957,1130188700,10.704501947483266,9.13150251401048,1.572999433472786,55.85585396671399,72.99419286741393
2024-03-12,202.75999450683594,202.85000610351562,194.27000427246094,200.52000427246094,68951700,58.30218656957125,63.00137080363326,63.543700249498066,187.79949874877929,172.22479919433593,128.46124965667724,200.42175177744792,190.6865400698668,194.74285719129776,186.8180953737289,178.89333355616012,1199140400,10.384855791801499,9.382173169568684,1.0026826222328147,55.62385679806608,60.35937323141159
2024-03-13,194.7899932861328,198.8300018310547,192.6999969482422,198.72999572753906,70526900,44.15713836368254,55.79242690451365,58.71579836757423,188.9619987487793,173.1723989868164,128.8334496307373,199.29540007918493,191.0595812713455,195.76666647290426,187.87095230344744,179.9752381339906,1128613500,9.380291261432916,9.381796787941532,-0.0015055265086161285,40.68598574398641,50.721898836255484
2024-03-14,187.05999755859375,196.92999267578125,184.02999877929688,192.9199981689453,84490500,34.43395268431581,49.83618919346393,54.515932677009836,189.37999877929687,174.14199890136717,129.1335996246338,196.8483195750667,190.69598275200445,196.89523775615388,188.80761888292102,180.72000000968814,1044123000,7.8697035370221045,9.079378137757647,-1.2096746007355428,26.582727083419172,40.96418987515721
2024-03-15,191.05999755859375,193.8000030517578,184.47999572753906,184.8300018310547,95289500,42.32056734795214,52.65298149944102,56.210415417274035,190.09499893188476,175.2567987060547,129.46254962921142,195.69065517177214,190.7290750071489,197.67936488560267,189.42698378789993,181.17460269019716,1139412500,6.915599724027601,8.646622455011638,-1.7310227309840371,33.88066574091293,33.71645952277283
2024-03-18,190.64999389648438,193.5,188.0500030517578,193.2899932861328,59306900,41.703555235183366,52.328629861046274,55.98690528387384,190.93399887084962,176.34959869384767,129.82474960327147,194.6825229167146,190.7218858152703,198.31920587448846,190.05682518368675,181.79444449288505,1080105600,6.056565393518611,8.128611042713032,-2.072045649194422,31.7631640775593,30.74218563396379
2024-03-19,181.4199981689453,185.61000061035156,177.36000061035156,183.16000366210938,83509500,29.91956266380167,45.52907608913024,51.19582056408598,191.72049865722656,177.20639862060546,130.1344995880127,192.03001796716075,189.87625966560438,198.64380900065103,190.32571411132812,182.00761922200522,996596100,4.578216154672049,7.418532065104836,-2.8403159104327873,8.12975042073191,24.591193413068037
2024-03-20,179.72999572753906,182.67999267578125,174.0,182.02999877929688,81773100,28.170592353988425,44.39167638693753,50.37070196132796,192.49249877929688,177.8773986816406,130.44384956359863,189.57001351923643,188.95387203487118,199.17587207612536,190.91158694312685,182.64730181012834,914823000,3.23297691347301,6.581421034778471,-3.3484441213054614,10.750460411746804,16.88112497001266
2024-03-21,178.67999267578125,187.69000244140625,177.66000366210938,185.97000122070312,75265600,26.994122286031413,43.66185866497759,49.84885228490681,192.33349838256837,178.46579864501953,130.74759952545165,187.3920093505454,188.01988300222666,200.34809463743179,191.75333319769965,183.1585717579675,839557400,2.058410576057497,5.676818943034277,-3.61840836697678,8.780473560642518,9.2202281310404
2024-03-22,179.64999389648438,180.75999450683594,175.0500030517578,177.2100067138672,57899100,30.224482372334293,44.56850077585836,50.34568624570218,192.48999786376953,179.08799865722656,131.02469947814942,185.8436062597332,187.25898399261374,200.0212685721261,191.71793619791666,183.4146038237072,897456500,1.1920876389810928,4.77987268222364,-3.5877850432425475,10.600363176335767,10.043765716241687
2024-03-25,178.6300048828125,182.8000030517578,172.0,172.89999389648438,71935300,28.626172952544806,43.77082572620898,49.803289846195874,192.62099838256836,179.7001986694336,131.3286994934082,184.4008859843491,186.47453134626818,200.07222105964783,191.69507901630703,183.31793697296627,825521200,0.4183929078280073,3.9075767273445137,-3.4891838195165064,11.989158258467317,10.456664998481857
2024-03-26,177.8699951171875,182.60000610351562,176.3300018310547,179.5399932861328,65322400,27.33374582933054,43.151101841507774,49.38880194486015,192.61449813842773,180.32639862060546,131.61279945373536,183.09470781091676,185.6923007799881,200.22872949024986,191.79253956628224,183.3563496423146,760198800,-0.25317374782989077,3.075426632309633,-3.3286003801395236,10.614818794301877,11.068113409701644
2024-03-27,179.58999633789062,181.22999572753906,175.39999389648438,179.9600067138672,55685600,35.27038482236219,45.04735518780452,50.36614398570108,192.76699829101562,180.7433984375,131.88614944458007,182.39376551631153,185.1375458307065,200.33745926145522,191.9079359750899,183.47841268872457,815884400,-0.6392367140261968,2.332493963042467,-2.971730677068664,13.725128244182553,12.109701765650572
2024-03-28,180.49000549316406,183.39999389648438,178.3000030517578,179.47000122070312,57628600,39.424694650152425,46.061215950815175,50.88498886732274,192.16499862670898,181.14979858398436,132.14264945983888,182.01301351168203,184.7150421636572,200.66714162675163,192.14952353825643,183.6319054497613,873513000,-0.8626273479300153,1.6934697008479707,-2.556097048777986,26.90968200299759,17.083209680493997
2024-04-01,183.33999633789062,187.24000549316406,179.89999389648438,180.10000610351562,74299900,51.30127106952249,49.25402218508262,52.527847291686854,191.1999984741211,181.56319854736327,132.43669944763184,182.27841007692376,184.5900379976784,200.15301537892174,191.91349162752664,183.67396787613157,947812900,-0.8004682917461707,1.1946821023291423,-1.995150394075313,36.75848977092531,25.797766672701812
2024-04-02,178.6999969482422,180.10000610351562,174.8300018310547,179.47000122070312,61598800,37.0929506670405,44.62287966621867,49.698361134325594,189.86699829101562,181.65259857177733,132.69354942321777,181.56272745118744,184.0545797204569,198.99047585139198,190.84761870853487,182.7047615656777,886214100,-1.1127884321809915,0.7331879954271155,-1.845976427608107,24.972033138243027,29.546734970721968
2024-04-03,180.77000427246094,182.0500030517578,176.6999969482422,177.5399932861328,49835100,45.21574702267744,47.01634425682601,50.93113410907728,188.64899826049805,181.90439880371093,132.97619945526122,181.40418281544214,183.75598195245726,197.61222258068267,189.57222202845983,181.53222147623697,936049200,-1.1796735598525743,0.3506156843711776,-1.530289244223752,35.17852727241568,32.30301672719466
2024-04-04,165.8300018310547,183.02000427246094,165.64999389648438,182.9199981689453,88280000,21.345092589821448,35.19348778745123,42.982745936189964,186.40899810791015,181.85259887695312,133.20494945526124,178.28934661856465,182.12634739596612,196.63539729042657,188.06253947908917,179.48968166775174,847769200,-2.4104279308772334,-0.2015930386785046,-2.2088348921987286,0.6394595951191405,20.26334000192594
2024-04-05,170.4199981689453,172.69000244140625,165.5800018310547,168.10000610351562,66080300,34.159799475402764,40.17120446062985,45.70436574976966,184.3609977722168,181.69519897460938,133.4623994445801,176.71547692864078,181.06213382987332,194.64793735080295,186.09317428346662,177.53841121613033,913849500,-2.981071357792672,-0.7574887025013382,-2.2235826552913336,17.33523157345342,17.717739480329403
2024-04-08,169.89999389648438,171.66000366210938,166.82000732421875,168.1999969482422,43997500,33.41958141416109,39.79825089283779,45.44742665747848,182.4864974975586,181.48659881591797,133.75134941101075,175.3523803222095,180.0473938359289,192.62634979732454,184.1082536001054,175.5901574028863,869852000,-3.435666162919432,-1.2931241945849572,-2.142541968334475,19.538633858775803,12.504441675782779
2024-04-09,170.77999877929688,171.60000610351562,167.2899932861328,170.2100067138672,42886100,36.225968993837114,40.799921768785474,45.984672223682225,181.10599746704102,181.35719879150392,134.051749420166,174.437904013627,179.20490337623505,189.72492181687127,182.03492010207404,174.34491838727678,912738100,-3.6824774735730728,-1.7709948503825803,-1.9114826231904924,23.51875533557258,20.130873589267257
2024-04-10,167.13999938964844,169.77999877929688,164.0,166.7100067138672,59600000,29.95818403642636,37.98462191705935,44.10630849644768,179.32499771118165,181.14339874267577,134.3373994064331,172.9783230888313,178.10809392290898,188.12285795665923,180.48380897158668,172.84475998651413,853138100,-4.124252924985086,-2.2416464653030816,-1.8826064596820045,13.254533837279105,18.770641010542487
2024-04-11,170.5,170.9499969482422,166.5500030517578,167.5500030517578,48994500,41.22292780091758,41.96546076302717,46.22604452638903,178.110498046875,181.1121987915039,134.65234939575194,172.48265847106504,177.41644902082635,186.46539718385725,179.02539619566903,171.58539520748076,902132600,-4.155339022844117,-2.624384976811289,-1.5309540460328286,27.969012321928858,21.58076716492684
2024-04-12,163.27999877929688,165.6999969482422,161.82000732421875,164.52999877929688,63519600,29.138811139293338,36.53793604221822,42.59693242895443,176.92149810791017,181.0239987182617,134.9167993927002,170.64212653271142,176.1313171806873,184.84206329830107,177.5092058938647,170.1763484894283,838613000,-4.70829445019325,-3.041166871487681,-1.667127578705569,5.743475846751805,15.655674001986581
2024-04-15,160.32000732421875,164.44000244140625,158.75999450683594,164.42999267578125,61461200,25.466202169733265,34.56426396364826,41.21024929584326,175.3844985961914,180.82079895019533,135.16754943847656,168.5777026910129,174.6939253755538,183.156984843905,176.16793629479784,169.17888774569073,777151800,-5.323990534131781,-3.4977316040165016,-1.8262589301152792,5.47757098173768,13.063353050139439
2024-04-16,163.4600067138672,164.8800048828125,161.6699981689453,162.27999877929688,55302100,35.77130464463045,38.36759304685958,43.25877709204587,174.02499923706054,180.53679901123047,135.42864948272705,167.55416349558377,173.6726600426732,181.60682629782056,174.90873015873015,168.21063401963977,832453900,-5.4952169672839375,-3.897228676669989,-1.5979882906139484,16.50284548446101,9.241297437650156
2024-04-17,154.02000427246094,164.4499969482422,153.8800048828125,163.97000122070312,75909000,23.86669542812784,32.291029661398284,38.98877993447207,172.65499954223634,180.1325991821289,135.6291994857788,164.8473316509592,171.88605497265388,180.26571509951637,173.32380966913132,166.38190423874627,756544900,-6.319793803771347,-4.381741702090261,-1.9380521016810857,0.41966243131601105,7.466692965838224
2024-04-18,155.0800018310547,156.9600067138672,152.32000732421875,155.50999450683594,52669800,27.134213693803815,33.56341374535799,39.68765170729058,171.4224998474121,179.87659912109376,135.82549949645997,162.8938656869783,170.35823195978122,178.82349310980902,172.0534924703931,165.2834918309772,809214700,-6.809251134763741,-4.867243588624958,-1.9420075461387833,7.903764752457596,8.275424222744862
2024-04-19,146.63999938964844,154.25,145.2899932861328,151.58999633789062,71618200,19.243112465714603,28.905652837802577,36.23277720749536,169.82050018310548,179.3905990600586,135.988949508667,159.64309242751236,168.20202899886007,177.40460495721726,170.62127031598772,163.83793567475817,737596500,-7.788407345143327,-5.451476339928632,-2.3369310052146943,3.5780697334141096,3.9671656390625625
2024-04-22,148.63999938964844,149.88999938964844,145.6300048828125,148.14999389648438,49397000,25.411359185437334,31.337318876413292,37.57894912874062,168.27000045776367,178.97639892578124,136.16474948883058,157.44247381993958,166.42366267074993,175.5446048312717,169.0360322982546,162.52745976523747,786993500,-8.307251585809468,-6.0226313891048,-2.284620196704668,8.878889817258562,6.786908101043413
2024-04-23,152.27000427246094,153.5,150.35000610351562,151.64999389648438,46051900,36.04989553765722,35.64007085509705,39.98308528259825,166.9520004272461,178.5721990966797,136.36024951934814,156.40797991044386,165.13696645272367,174.16333540659102,167.77666751922123,161.38999963185142,833045400,-8.329510910941082,-6.4840072934720565,-1.8455036174690251,18.49989121089153,10.318950253854723
2024-04-24,151.74000549316406,157.66000366210938,150.6300048828125,156.55999755859375,43412600,35.170989038392136,35.29232800782658,39.749399991994586,165.64550094604493,178.16879913330078,136.55104953765868,155.4743850269879,163.91906091094552,172.81873212541853,166.61158825102308,160.4044443766276,789632800,-8.294306456775075,-6.846067126132661,-1.448239330642414,23.540182671033428,16.97298789972783
2024-04-25,153.75999450683594,155.13999938964844,146.75,149.14999389648438,41471400,41.6745625595124,37.783943093074534,41.12059054338864,164.3540008544922,177.81319915771485,136.76324951171875,155.1315069229575,162.99550941966282,171.631588890439,165.32349286760603,159.01539684477308,831104200,-8.01106388382479,-7.079066477671088,-0.9319974061537017,32.11982513446188,24.7199663387956
2024-04-26,157.39999389648438,158.6300048828125,153.42999267578125,154.24000549316406,42510700,52.07159077097808,42.109754248324286,43.54120433956113,163.1995002746582,177.3871990966797,136.9773494720459,155.58520431766289,162.48682619028295,170.54190693204364,164.26381041511655,157.9857138981895,873614900,-7.40748569007323,-7.144750320151516,-0.26273536992171387,46.02810608419994,33.89603796323174
2024-04-29,160.1999969482422,160.77000427246094,156.25999450683594,159.0800018310547,43478200,58.84372714893979,45.262520313308926,45.34808629849476,162.0425003051758,177.05599914550783,137.19874946594237,156.50816284377876,162.2789326228247,169.48270137726314,163.23269919743615,156.98269701760913,917093100,-6.626818933688099,-7.041164042858833,0.41434510917073375,58.106007537816936,45.41797958549291
2024-04-30,158.3800048828125,162.2899932861328,158.35000610351562,160.6300048828125,60742800,53.00229190997275,43.60036297168887,44.38285900988856,161.0265007019043,176.7461993408203,137.4109494781494,156.8825312515855,161.92448464645994,168.18650987413193,162.09841361878412,156.01031736343626,856350300,-6.084850683236141,-6.849901370934296,0.7650506876981549,51.01328810801746,51.715800576678106
2024-05-01,144.27000427246094,151.3699951171875,142.13999938964844,148.11000061035156,89413200,27.55448150485097,33.369264671880174,37.85261758509935,159.2015007019043,176.31779937744142,137.5406995010376,154.3600258557606,160.3195318851873,166.85365222749255,160.57698495047433,154.3003176734561,766937100,-6.716472750138166,-6.82321564677507,0.10674289663690395,9.040768690723226,39.38668811218586
2024-05-02,146.16000366210938,147.6199951171875,141.16000366210938,145.50999450683594,50034700,32.744838924989736,35.55083278589129,39.10725802010834,158.21800079345704,175.95519958496095,137.68184951782226,152.72002141703035,159.03230204672565,165.2465086437407,158.91698492140998,152.58746119907923,816971800,-6.984023161783028,-6.855377149776662,-0.12864601200636638,21.079256925315565,27.04443790801874
2024-05-03,150.60000610351562,150.7899932861328,147.24000549316406,148.75,49361100,44.04592650040426,40.480941041180735,41.98381074078218,157.22700119018555,175.3299996948242,137.85269954681397,152.2960183543274,158.265729688252,163.54285685221353,157.87142944335938,152.20000203450522,866332900,-6.759864193679988,-6.836274558557328,0.07641036487733999,39.797647367601705,23.305890994546825
2024-05-06,155.77999877929688,156.64999389648438,151.25999450683594,153.10000610351562,44624500,54.70207202886928,45.69975214499846,45.144474379272935,156.52100143432617,174.91519958496093,138.08034954071044,152.9928144393213,158.03975415107425,162.74666607569137,157.15714348687067,151.56762089805,910957400,-6.093986792184467,-6.687817005282756,0.5938302130982898,62.77371975840134,41.216874683772865
2024-05-07,154.42999267578125,157.6999969482422,153.66000366210938,156.32000732421875,37374900,51.627147931001716,44.60210649239688,44.48416679888844,155.7035011291504,174.48359954833984,138.29774951934814,153.2802500866133,157.7115940169567,162.03253876216826,156.48111155676466,150.92968435136098,873582500,-5.6105336250005,-6.472360329226305,0.8618267042258054,62.80168258381325,55.1243499032721
2024-05-08,153.6199951171875,155.3300018310547,152.52000427246094,153.39999389648438,28728000,49.618945993892254,43.92047753569167,44.0797456162933,155.02750091552736,173.9959994506836,138.51279949188233,153.34819909272815,157.33963048061403,161.19603014749194,155.71603224012588,150.2360343327598,844854500,-5.232437260798349,-6.224375715540714,0.9919384547423649,58.96828004549476,61.514560795903115
2024-05-09,152.38999938964844,154.08999633789062,150.61000061035156,153.1300048828125,33018000,46.33469248886969,42.84958989213487,43.45259877681212,154.12200088500975,173.5129995727539,138.70974948883057,153.1565591521122,156.88966401779896,160.39079187786768,155.02031792534723,149.64984397282677,811836500,-4.974698318269276,-5.974440236086426,0.9997419178171505,53.14718997671102,58.30571753533966
2024-05-10,151.9199981689453,156.3699951171875,151.30999755859375,154.2899932861328,37652800,44.96983575205327,42.42392506334489,43.207023273129835,153.5540008544922,172.70079956054687,138.91889949798585,152.90924695547884,156.4378762133577,159.65396651010664,154.25206381177145,148.85016111343626,774183700,-4.753567354483295,-5.7302656597658,0.9766983052825058,50.92285750392663,54.34610917537746
2024-05-13,150.55999755859375,153.3300018310547,150.39999389648438,151.27999877929688,27859200,40.797007985394025,41.15008007408187,42.48073902691601,153.06600036621094,171.6591995239258,139.1161994934082,152.43939707610184,155.90352360837917,159.02920532226562,153.67253984723772,148.31587437220983,746324500,-4.634634968815959,-5.511139521575832,0.8765045527598732,44.48650502789262,49.518850836176746
2024-05-14,153.16000366210938,153.49000549316406,148.77999877929688,150.42999267578125,31938300,51.18790649583521,44.57634430034046,44.35036618312408,152.55100021362304,170.61519958496095,139.3171995162964,152.58351839330336,155.65411270417283,158.53714183020213,153.22666688949343,147.91619194878473,778262800,-4.281230077556103,-5.265157632771887,0.983927555215784,56.791319889512735,50.73356080711065
2024-05-15,159.6699981689453,159.69000244140625,154.6999969482422,155.58999633789062,43195900,68.04126676258427,52.09659468867362,48.714033790724486,152.83349990844727,169.7059994506836,139.54354949951173,154.00081434843176,156.01919320097034,158.3687288798983,152.97349209255643,147.57825530521453,821458700,-3.436241155624174,-4.899374337342345,1.4631331817181712,87.60058493257027,62.95946994999187
2024-05-16,162.6199951171875,168.05999755859375,159.89999389648438,160.9199981689453,76726700,73.09306003729954,55.07157409463679,50.55096654369675,153.21049957275392,168.74579925537108,139.76864948272706,155.72465050218293,156.6192661024446,158.5433322967045,153.26285686190167,147.98238142709883,898185400,-2.49972596273372,-4.41944466242062,1.9197186996869,79.77693800846097,74.72294761018132
2024-05-17,164.47000122070312,169.72000122070312,162.32000732421875,168.42999267578125,65944400,75.9535464462612,56.880127438836844,51.685529730359264,154.10199966430665,167.8075991821289,140.04424949645997,157.47372064588697,157.33296929501356,159.18507796999006,153.77317422533793,148.36127048068576,964129800,-1.589923248220174,-3.853540379580531,2.2636171313603572,81.61764548743714,82.99838947615613
2024-05-20,166.3300018310547,168.49000549316406,164.47000122070312,165.5500030517578,45618000,78.68716533341725,58.68100615882578,52.823271704643915,154.98649978637695,166.98639923095703,140.31014949798583,159.24497688292053,158.15088134374457,159.79285588340156,154.61619035024492,149.4395248170883,1009747800,-0.7106199531377229,-3.2249562942919696,2.5143363411542468,88.13025322325919,83.17494557305243
2024-05-21,164.66000366210938,165.8300018310547,163.10000610351562,164.0,30005500,70.10106952263114,56.403292906103026,51.68090707090537,155.6059997558594,166.31179931640625,140.55434951782226,160.3279822387583,158.74261973632318,160.50460209922184,155.40079365079364,150.29698520236545,979742300,-0.14682810917827283,-2.60933065726923,2.4625025480909573,82.28292019909088,84.01027296992906
2024-05-22,165.52000427246094,169.80999755859375,163.86000061035156,167.41000366210938,47426700,71.98980840132965,57.32199158021853,52.23701467834087,156.2949996948242,165.56699951171876,140.7978995513916,161.36638664549884,159.3587456032448,161.3215862455822,156.0844443184989,150.84730239141555,1027169000,0.365166439583561,-2.014431237898672,2.379597677482233,80.99249094241479,83.80188812158828
2024-05-23,160.42999267578125,173.13999938964844,158.27000427246094,170.17999267578125,91888800,49.69406176133097,50.5344618797537,48.76431401481073,156.62849960327148,164.8797994995117,141.03389949798583,161.17910785155533,159.4561317007481,162.19983975849456,156.58936467246403,150.97888958643355,935280200,0.35609951777198035,-1.5403250867645415,1.8964246045365218,47.82427588090378,70.36656234080313
2024-05-24,166.36000061035156,167.66000366210938,160.25,161.41000366210938,54868600,64.89420215443828,56.932685949319456,52.60217362745425,157.07649993896484,164.46579956054688,141.31334949493407,162.2152864033146,160.0837561470757,162.76618933299233,157.20238071017795,151.6385720873636,990148800,0.8179867559449008,-1.0686627182226531,1.886649474167554,72.16749339318253,66.99475340550035
2024-05-28,171.61000061035156,174.5500030517578,164.9600067138672,169.4199981689453,66495400,73.42495901252808,61.66080505998473,55.67524109633567,157.64700012207032,164.07679962158204,141.62024948120117,164.094229244722,161.13159655282803,163.63650633796814,157.8636508517795,152.0907953655909,1056644200,1.5893458541607686,-0.5370610037459689,2.1264068579067374,88.59137774940892,69.5277156744984
2024-05-29,165.13999938964844,168.47999572753906,162.91000366210938,167.4600067138672,56537500,54.01418514046712,53.81915844910818,51.38300700066839,157.9849998474121,163.5665997314453,141.9080994796753,164.30338327370728,161.4959968107208,163.99333094036768,158.17000010656932,152.34666927277095,1000106700,1.659449371007014,-0.09775892879537229,1.7572082998023864,63.484663942545964,74.74784502837913
2024-05-30,166.75,168.75,163.8000030517578,167.89999389648438,46367000,57.37874525726892,55.34114908941729,52.3389062735848,159.10899963378907,163.2731997680664,142.18194946289063,164.79270661896584,161.97363346429165,164.3633313860212,158.49190484909784,152.62047831217447,1046473700,1.8238957719715074,0.2865720113580037,1.5373237606135037,69.73223997446803,73.93609388880763
2024-05-31,166.89999389648438,169.5,160.07000732421875,166.64999389648438,64331900,57.72454249112039,55.488331611850626,52.430004484855,160.1459991455078,163.01659973144533,142.45969944000245,165.21416407446955,162.4214844126728,165.304442390563,159.4234921894376,153.54254198831228,1110805600,1.9439157328800718,0.6180407556624173,1.3258749772176546,70.31428837034147,67.84373076245181
2024-06-03,163.5500030517578,171.0800018310547,160.91000366210938,170.82000732421875,59157600,47.414552981569905,51.41288343436308,50.19005262637938,160.79349899291992,162.71399993896483,142.7414994430542,164.8813318699272,162.524077016226,166.44301423572358,160.38539704822358,154.32777986072358,1051648000,1.748559843039601,0.8441445731378541,0.9044152699017469,57.314714100551676,65.78708081512038
2024-06-04,159.99000549316406,164.8300018310547,158.8699951171875,162.83999633789062,48157200,38.61862183371267,47.42644515094684,47.91574968880315,161.00399932861328,162.32080017089845,143.019249458313,163.9030665945746,162.2937068777658,167.11428493923611,160.94190494597902,154.76952495272198,1003490800,1.2915882170597968,0.9336333019222427,0.35795491513755406,26.649908908516476,51.42630379313653
2024-06-05,166.1699981689453,167.1199951171875,161.3800048828125,162.07000732421875,60507500,55.72756194177647,54.08246479030673,51.873583901222425,161.59099960327148,162.0716000366211,143.3228494644165,164.35645290944876,162.64609699514577,167.62269737606957,161.43365115211122,155.2446049281529,1063998300,1.4118339290517952,1.0292734273481532,0.382560501703642,48.52576467346376,44.16346256084396
2024-06-06,166.77999877929688,169.50999450683594,163.86000061035156,165.4600067138672,47153700,57.14249820755181,54.69220823441939,52.24803053736391,162.24899978637694,161.84980010986328,143.61564945220948,164.8411620834184,163.0219062482504,168.24476090688555,161.97904798719617,155.71333506750682,1111152000,1.5386152742695742,1.1311417967324375,0.4074734775371367,52.27269745043236,42.48279034413753
2024-06-07,167.8699951171875,169.4499969482422,165.86000061035156,166.58999633789062,44796000,59.89114963757614,55.82112691162144,52.93214806084255,163.02299957275392,161.6154000854492,143.92669940948485,165.44692869017223,163.46264159997196,168.9439670623295,162.64111134362597,156.3382556249225,1155948000,1.707362585661997,1.2463859545183495,0.4609766311436474,58.968007153260864,53.255489759052324
2024-06-10,160.33999633789062,165.5500030517578,159.61000061035156,162.47999572753906,67444600,39.10180699814656,47.091650006577964,47.968814795898524,163.44399948120116,161.21239990234375,144.18124938964843,164.4255422197159,163.17876475796456,169.5120626782614,163.0920637827071,156.67206488715277,1088503400,1.219431230875557,1.240995009789791,-0.021563778914234,12.714939930229463,41.318548177974215
2024-06-11,158.9600067138672,161.5399932861328,156.9199981689453,160.5,40497100,36.32856058906596,45.68171964327631,47.12223888722231,163.86399993896484,160.72480010986328,144.467049407959,163.33243511854616,162.79524129941024,169.77396744016616,163.3749210418217,156.97587464347717,1048006300,0.7131675358259031,1.1354295149970135,-0.4222619791711104,11.571230742599965,27.75139260869675
2024-06-12,160.24000549316406,162.24000549316406,158.6199951171875,160.32000732421875,48325800,40.987137732549,47.25904104333725,48.0119506442004,164.21800003051757,160.3556002807617,144.7569994354248,162.71394919346974,162.56294713520603,170.23238045828683,163.80047680082777,157.36857314336868,1096332100,0.4105030900661859,0.990444230010848,-0.5799411399446621,18.831573481045524,14.372581384624974
2024-06-13,159.89999389648438,162.66000366210938,157.30999755859375,160.39999389648438,44442500,40.05300382640469,46.86969553114972,47.7886498021491,164.22949981689453,159.9382000732422,145.04344940185547,162.15115813407266,162.32086047714043,170.65079292418463,164.18841310531374,157.72603328644283,1051889600,0.14157129618811837,0.8206696432463021,-0.6790983470581837,16.90297732387052,15.768593849171992
2024-06-14,159.6300048828125,161.33999633789062,157.61000061035156,158.5,34054000,39.201670322004695,46.54180375453939,47.60484802310563,164.0800003051758,159.81420013427734,145.3119994354248,161.64692748382063,162.07623724129243,170.66253855871778,164.2601592048766,157.85777985103547,1017835600,-0.09228118496301363,0.6380794776044391,-0.7303606625674527,15.371559633027523,17.03537014598118
2024-06-17,158.39999389648438,159.22999572753906,154.13999938964844,158.0,44507700,35.12062840368682,44.997356865210996,46.74847989150932,163.77649993896483,159.57380004882813,145.57104942321777,160.99754076635338,161.74203330085533,170.217776343936,163.96158781505767,157.70539928617933,973327900,-0.37256783793705495,0.43595001449614024,-0.8085178524331952,25.147543641571637,19.140693532823217
2024-06-18,154.6300048828125,157.24000549316406,153.33999633789062,156.99000549316406,51852000,25.396467494672933,40.55521657538283,44.20062897147102,163.19150009155274,159.2684002685547,145.81559944152832,159.72403358964522,161.09548526285144,169.55428495861236,163.46476236979166,157.375239780971,921475900,-0.8886597199852417,0.17102806759986386,-1.0596877875851056,7.271748283386762,15.930283852661965
2024-06-20,161.77999877929688,166.82000732421875,155.5,155.82000732421875,93245700,54.234877837254395,50.52988476793571,49.6424228500631,163.0474998474121,159.0884002685547,146.07724945068358,160.13522662757555,161.15771376434648,169.6607930016896,163.2236512199281,156.78650943816652,1014721600,-0.7125081518421155,-0.005679176288531984,-0.7068289755535835,47.576098241111154,26.66513005535651
2024-06-21,161.22999572753906,163.1999969482422,157.88999938964844,161.75,61293900,52.36632785323446,49.837126348346835,49.25611147964184,162.832999420166,158.9702001953125,146.3294994354248,160.35418044756827,161.16428485190943,169.6047610328311,163.04476202101935,156.4847630092076,953427700,-0.610252800282268,-0.1265939010872792,-0.48365889919498883,44.47574377972302,33.1078634347403
2024-06-24,160.25,163.39999389648438,158.19000244140625,159.75,45954100,48.77339293055255,48.55965014034633,48.55229645121687,162.82399978637696,158.7652001953125,146.58434944152833,160.33334435805463,161.08116804719037,169.29412575373576,162.76936509874133,156.2446044437469,907473600,-0.6013600580913874,-0.22154713248810085,-0.3798129256032865,42.73348450576899,44.92844217553438
2024-06-25,160.25,161.0,156.4499969482422,160.72999572753906,40572300,48.77339293055255,48.55965014034633,48.55229645121687,162.51849975585938,158.70460021972656,146.85264945983886,160.31667548644373,161.0056073156276,168.5782531253875,162.544920663985,156.51158820258246,948045900,-0.5875397038610402,-0.2947456467626887,-0.29279405709835143,42.73348450576899,43.31423759708699
2024-06-26,157.5399932861328,160.74000549316406,156.0,160.60000610351562,36973400,38.30724580057454,44.87089277458026,46.54226691198601,161.81499938964845,158.64899993896483,147.10989944458007,159.76133904638158,160.69055149476443,168.13380868094308,162.22761898949034,156.32142929803757,911072500,-0.7861990536031556,-0.3930363281307821,-0.39316272547237346,25.974010042303746,37.14699301794723
2024-06-27,159.47000122070312,160.61000061035156,156.80999755859375,157.17999267578125,34018200,47.86774095114083,47.905944651961086,48.14076689713046,161.53149948120117,158.56919982910156,147.38064945220947,159.7030714812459,160.57959237894067,167.31476120721726,161.68428548177084,156.0538097563244,945090700,-0.7789235629954874,-0.4702137751037232,-0.3087097878917642,38.05092892965897,35.58614115924389
2024-06-28,162.2100067138672,166.4499969482422,159.41000366210938,160.22999572753906,56204600,58.75643924268227,51.95033053826541,50.34453865820535,161.30449981689452,158.7329998779297,147.66514949798585,160.20445852777016,160.72781186393397,167.25047568669396,161.5499999031188,155.84952411954367,1001295300,-0.5457708337143288,-0.48532518682584436,-0.06044564688848442,65.80121028812826,43.27538308669698
2024-07-01,157.69000244140625,161.50999450683594,153.63999938964844,161.25,50436700,41.56909859149445,45.65364542209019,46.906829213171356,160.84400024414063,158.7851998901367,147.91504951477052,159.70156731049738,160.4516473709769,166.96952311197916,161.12999979654947,155.29047648111978,950858600,-0.7174518472235434,-0.5317505189053842,-0.18570132831815922,32.270048651499955,45.37406262309572
2024-07-02,164.30999755859375,164.5800018310547,156.6999969482422,157.0399932861328,57838600,61.40899422479963,54.37577725437509,51.93248197698525,160.88199996948242,159.13859985351561,148.2034495162964,160.62325336011668,160.8024064789421,166.72301567925348,160.95730130634612,155.19158693343874,1008697200,-0.3156928957844798,-0.48853899428120334,0.17284609849672355,81.37976468883642,59.81700787615487
2024-07-03,163.89999389648438,165.25999450683594,162.50999450683594,164.1999969482422,26980900,59.89746498734725,53.79987569964669,51.61612715864286,161.07749938964844,159.44379974365233,148.51549949645997,161.27860146739022,161.08400533508228,166.3082534547836,160.89587232801648,155.48349120124936,981716300,-0.03003369153998392,-0.3968379337329595,0.3668042421929756,78.33819697405329,63.99600343812988
2024-07-05,171.89999389648438,174.0399932861328,165.67999267578125,165.97000122070312,61857100,74.55948833252614,62.21006628886584,56.96392998261073,161.3639991760254,159.8363995361328,148.86314945220948,163.40287995320904,162.06727702248247,166.8658718532986,161.33920530288938,155.81253875248015,1043573400,0.8322922797802335,-0.15101189103032092,0.9833041708105543,89.66183717321677,83.12659961203548
2024-07-08,178.69000244140625,178.9499969482422,173.22000122070312,174.89999389648438,60223400,81.46245617972743,67.60095024932679,60.807729041752076,161.95949935913086,160.37539947509765,149.24854946136475,166.46030445084847,163.57843387874826,167.43984040759858,161.9136497860863,156.38745916457404,1103796800,2.0400720867652637,0.28720490452879605,1.7528671822364676,98.98479304709252,88.99494239812084
2024-07-09,177.10000610351562,180.41000366210938,174.6999969482422,177.97000122070312,43395600,75.69129759240036,65.25349084728032,59.506588872312236,162.42099990844727,160.84219970703126,149.63234951019288,168.5882447813819,164.80766771736347,167.95158725314673,162.4225388784257,156.89349050370475,1060401200,2.836252317856122,0.7970143871942613,2.0392379306618604,87.77245414473016,92.13969478834649
2024-07-10,183.9600067138672,187.27999877929688,177.8000030517578,179.99000549316406,90247000,82.21471989338093,70.08082743972732,63.07083715222184,163.60200042724608,161.37339996337892,150.07159954071045,171.66259716787894,166.54878944431837,168.96000017438615,163.15047563825334,157.34095110212053,1150648200,3.974954800387195,1.4326024698328483,2.5423523305543467,90.13082007828068,92.29602242336777
2024-07-11,181.94000244140625,187.11000061035156,177.25,184.07000732421875,59231400,75.0939336151178,67.12360174243389,61.40691070804179,164.75100021362306,161.80820007324218,150.50029956817627,173.7180782225844,167.94799062587182,170.11174616737972,164.11555505177333,158.11936393616693,1091416800,4.660662047867504,2.0782143854397797,2.5824476624277244,84.12605102622615,87.3431084164123
2024-07-12,181.61000061035156,186.99000549316406,179.69000244140625,182.02000427246094,50827400,73.8401680044874,66.62895291510276,61.13146276536754,165.81949996948242,162.27279998779298,150.92144958496092,175.29646270013785,169.1899915335518,171.36428639245412,165.240475851392,159.11666531032986,1040589400,5.118459180619908,2.6862633444758055,2.4321958361441025,83.14507053561344,85.80064721337341
2024-07-15,179.8300018310547,185.5,178.5399932861328,184.4499969482422,42202700,66.63867634576363,63.8938792569458,59.623304779467844,166.81600036621094,162.98399993896484,151.34079959869385,176.20317052632123,170.15726519696113,172.51968286907862,166.23682488335504,159.95396689763146,998386700,5.27680792410743,3.2043722604021303,2.0724356637053,77.85375421102216,81.70829192428724
2024-07-16,177.5500030517578,179.75,174.52999877929688,179.69000244140625,40633100,57.95129149890227,60.469797348424244,57.716517549988005,167.7120002746582,163.6117999267578,151.73819961547852,176.47253703140856,170.82933227466992,173.3382541717045,167.06158689468626,160.78491961766804,957753600,5.158855522233665,3.5952689127684376,1.5635866094652275,71.0761120568476,77.35831226782773
2024-07-17,159.42999267578125,169.8000030517578,159.3699951171875,169.8000030517578,76954200,25.833323699092603,41.45564180207691,45.59995150561116,167.76350021362305,163.78839965820313,152.02154956817628,173.06402816028313,169.79302867477094,173.81634981670075,167.22063433934773,160.62491886199464,880799400,3.5621813822577053,3.5886514066662913,-0.026470024408586035,17.211633148585864,55.38049980548521
2024-07-18,155.77000427246094,163.41000366210938,153.1999969482422,163.41000366210938,69420300,22.77399169101278,38.80167804556591,43.66427785097368,167.82050018310548,163.78819976806642,152.28629959106445,169.6052233827187,168.51820827456092,174.06984262617806,167.23031713092138,160.3907916356647,811379100,1.9786663129831368,3.266654387929661,-1.287988074946524,7.54110089828952,31.94294870124099
2024-07-19,151.5800018310547,155.80999755859375,150.6199951171875,154.86000061035156,47513100,19.587321050023462,35.963179504501795,41.5531643555941,167.31050033569335,163.73119995117187,152.5278496170044,166.0001790723859,166.97837132515127,174.0169849698506,167.11603122287326,160.21507747589598,763866000,0.38122649058479396,2.6895688084606877,-2.3083423178758937,2.6186759900938585,9.123803345656405
2024-07-22,155.8699951171875,156.6999969482422,152.5399932861328,154.22999572753906,43912500,31.383704270436894,40.74293136706024,44.429106666244266,167.0425003051758,163.77619995117186,152.80679958343507,163.97414228134625,165.9685189426091,173.3746035136874,166.8146023220486,160.25460113040987,807778500,-0.5324517006122846,2.0451647066460934,-2.577616407258378,14.320784166822751,8.160187018402034
2024-07-23,154.0,157.0500030517578,153.8000030517578,154.9499969482422,31950600,29.147120810067847,39.363691035211446,43.454689703963204,166.7300003051758,163.80839996337892,153.05644958496094,161.979313825077,164.88047176600827,172.99920702737478,166.5373009575738,160.07539488777283,775827900,-1.3914020113188599,1.3578513630531028,-2.7492533743719627,9.219870554202826,8.71977690370647
2024-07-24,144.6300048828125,153.67999267578125,144.52999877929688,152.72000122070312,49203100,20.403860764900188,33.28370104932809,38.97666968996688,165.9490005493164,163.66260009765625,153.26504959106444,158.5094520366241,163.0395202311723,172.56777857220362,165.91825333852617,159.2687281048487,726624800,-2.7959763437412732,0.5270858216942276,-3.323062165435501,0.23393240588450293,7.924862375636683
2024-07-25,138.32000732421875,144.75,136.80999755859375,144.07000732421875,60578500,16.422820624424503,29.93094476594628,36.340149685669694,164.9880012512207,163.41780029296876,153.4204496383667,154.47156309414305,160.7922917850856,171.81142946273562,165.00047568669393,158.1895219106523,666046300,-4.367924969615416,-0.45191633656770114,-3.916008633047715,2.991895639197219,4.148566199761507
2024-07-26,139.99000549316406,141.2899932861328,138.27000427246094,140.32000732421875,49435800,21.29955861523007,31.886521753215973,37.50973172458955,164.01400146484374,163.15440032958983,153.585549659729,151.57525157394724,158.90117484945637,170.8607938251798,164.13174559578064,157.40269736638143,715482100,-5.416512500972857,-1.4448355694487325,-3.9716769315241245,6.300788305243497,3.1755387834417306
2024-07-29,139.75,144.58999633789062,138.75,141.19000244140625,47447200,21.08735622064333,31.74937871776612,37.40647408503597,162.8910011291504,162.75600036621094,153.73924964904785,149.2102012591578,157.16015895405124,170.10396806020586,163.2777772933718,156.45158652653768,668034900,-6.195474537804756,-2.3949633631199374,-3.800511174684819,5.825247414894537,5.039310453111741
2024-07-30,138.44000244140625,141.6999969482422,134.0500030517578,139.8800048828125,68801700,19.795604648607238,30.966503108237248,36.8279646947797,161.9285011291504,162.2724005126953,153.8898996734619,147.0561614956075,155.45832654381078,168.96031721811445,162.1050788031684,155.24984038822234,599233200,-6.839669961218391,-3.283904682739628,-3.555765278478763,8.273651699287386,6.7998958064751305
2024-07-31,144.47999572753906,153.60000610351562,140.02999877929688,150.72999572753906,114306800,40.09793443487864,38.49670419315462,41.210585524770764,160.93700103759767,161.87260040283203,154.06834964752198,146.54092834199383,154.46029646960426,168.68047659737724,161.5538090297154,154.42714146205358,713540000,-6.784613692221683,-3.9840464846360395,-2.8005672075856434,19.701534179801214,11.266811097994369
2024-08-01,132.5399932861328,147.2899932861328,130.24000549316406,145.0,94731900,25.053728243585795,31.241749705513854,36.042839704130806,159.36900100708007,161.1968002319336,154.2055996322632,143.74074133082163,152.4675416347432,167.91841222369482,160.3550788031684,152.791745382642,618808100,-7.616639731014828,-4.710565133911798,-2.9060745971030304,4.162120922187624,10.7124356004254
2024-08-02,132.5,137.10000610351562,131.3300018310547,133.5,78562000,25.016003254636587,31.220526121838304,36.02701962959098,157.39900131225585,160.5536001586914,154.33579963684082,141.4925930646573,150.65231057703926,166.62190488785032,158.91476174006385,151.2076185922774,540246100,-8.184903018068297,-5.405432710743098,-2.779470307325199,4.564723808490618,9.476126303493142
2024-08-05,134.82000732421875,139.13999938964844,121.83000183105469,122.16000366210938,76089400,32.13006609076777,34.02065683983109,37.68578170424164,155.20550155639648,159.93960021972657,154.48419967651367,140.1580759165696,149.2130102813283,165.2095242454892,157.0761907668341,148.94285728817894,616335500,-8.351776484704516,-5.994701465535382,-2.357075019169134,27.079435402552736,11.935426711076984
2024-08-06,130.17999267578125,136.44000244140625,129.10000610351562,135.14999389648438,64455600,26.170972408547186,31.27799048612721,35.74770555859942,152.85950088500977,159.33460021972655,154.62424964904784,138.16245926841194,147.4827359535513,163.14111158582898,154.93111141144283,146.72111123705668,551879900,-8.75748448340076,-6.547258069108458,-2.2102264142923014,20.081747178977366,17.241968796673564
2024-08-07,128.6699981689453,136.24000549316406,128.3699951171875,133.75,54676500,24.403479768399805,30.418562156708987,35.13299641885472,150.09500045776366,158.58080017089844,154.75559963226317,136.26396704851862,145.77248706404166,161.03873068188864,152.7258731902592,144.4130156986297,497203400,-9.096001884823181,-7.057006832251403,-2.038995052571778,19.420772574732105,22.193985052087395
2024-08-08,136.32000732421875,136.47999572753906,128.94000244140625,131.97000122070312,49037500,46.40777187202185,39.489874968666044,40.54778244365436,147.8140007019043,157.87500030517577,154.9281496810913,136.27517510365865,144.91317072405775,158.60825432671442,150.38777790372333,142.16730148073225,546240900,-8.64730678939361,-7.375066823679845,-1.2722399657137657,41.14141110434291,26.881310286017452
2024-08-09,134.27000427246094,135.5,132.44000244140625,134.69000244140625,40583000,42.43575295961287,38.058016379084535,39.62120265199536,145.44700088500977,157.25760040283203,155.09944969177246,135.87414093741913,143.94561013754895,155.99730185856893,148.1006351047092,140.20396835084944,505657900,-8.3607532482213,-7.572204108588137,-0.7885491396331634,35.32084613924923,31.961009939441407
2024-08-12,136.77000427246094,137.99000549316406,133.22999572753906,134.44000244140625,39724300,48.843274503394966,40.87358491225357,41.330504363793025,143.29400100708008,156.65800048828126,155.27494972229005,136.0533136044275,143.29328233163187,153.6493656218998,145.87365092928445,138.09793623666914,545382200,-7.841536049317398,-7.626070496733989,-0.21546555258340838,46.90739948479415,41.12321890946209
2024-08-13,141.1300048828125,141.19000244140625,137.52000427246094,138.1199951171875,42218000,58.50871983690148,45.52425366375287,44.21016331658763,141.4730010986328,156.14260070800782,155.50029975891113,137.06865186010452,143.09662074537556,151.52396865118115,143.90492103213356,136.28587341308594,587600200,-6.997573396936502,-7.500371076774492,0.5027976798379896,60.74913583970637,47.659127154583246
2024-08-14,140.75,143.25,137.63999938964844,143.0,35506400,57.37494891095822,45.19062030117214,44.01332002754879,140.53900146484375,155.68660064697266,155.7356997680664,137.80492148808364,142.88329158670504,149.79349239288814,142.15587337433345,134.51825435577877,552093800,-6.286918450287658,-7.257680551477126,0.970762101189468,59.55302368449996,55.73651966966682
2024-08-15,147.36000061035156,147.9600067138672,141.80999755859375,143.0,43582400,69.65067772843504,51.806828340711455,48.206926332620526,140.11850128173828,155.4340005493164,155.99034976959229,139.71593731253722,143.29026513430927,148.77269902304997,141.33888947017607,133.90507991730223,595676200,-5.131198218893303,-6.832384084960362,1.7011858660670587,80.35881443499503,66.88699131973378
2024-08-16,148.55999755859375,149.3699951171875,145.1999969482422,145.6999969482422,31123900,71.44237389551253,52.9179783487634,48.932911647690425,139.96750106811524,155.0818005371094,156.25224975585937,141.48474936174853,143.76933171833514,148.0207936120412,140.8746035136874,133.72841341533356,626800100,-4.071517959463677,-6.280210859861025,2.208692900397349,84.13595257432596,74.68259689794031
2024-08-19,155.27999877929688,155.3699951171875,147.72000122070312,148.42999267578125,60766900,79.55381621066748,58.66542042872539,52.80583434935618,139.9380012512207,154.85180053710937,156.53614974975585,144.2437992452582,144.8157559966044,148.14365035768537,140.88031780908977,133.61698526049418,687567000,-2.6588165994616872,-5.555932007781158,2.897115408319471,99.73167455007263,88.07548051979786
2024-08-20,156.39999389648438,162.0399932861328,154.50999450683594,156.49000549316406,76851200,80.65287384597033,59.55166105139298,53.42134644969175,140.05800094604493,154.62240051269532,156.77794971466065,146.67503817550346,145.8688685329571,148.42857070196243,141.0047621954055,133.58095368884858,764418200,-1.4323550505168328,-4.731216616328293,3.2988615658114604,85.97363693561253,89.9470880200037
2024-08-21,157.80999755859375,158.64999389648438,155.07000732421875,156.1199951171875,42791200,82.10599281518898,60.694232082042845,54.207401277599544,140.71700057983398,154.57180053710937,157.02784969329835,148.90203005212152,146.9544257171059,148.55031597803512,141.1107938251798,133.6712716723245,807209400,-0.34265006846283086,-3.8535033067552007,3.51085323829237,89.48023718864816,91.72851622477776
2024-08-22,151.6999969482422,159.83999633789062,151.00999450683594,158.8699951171875,45737300,59.045301889932496,53.62524047451672,50.35744527112788,141.38600006103516,154.42660034179687,157.22509967803956,149.46162343134566,147.38584128357283,148.84793526785714,141.42365083240327,133.9993663969494,761472100,0.027604784098031132,-3.0772816885845544,3.1048864726825856,74.2850073732488,83.24629383250316
2024-08-23,154.97999572753906,156.39999389648438,151.8300018310547,153.60000610351562,43694600,65.31996801646665,56.55080001508319,52.26033714108562,142.1354995727539,154.32140014648436,157.44124965667726,150.56529789058436,148.07621896029704,149.37523614792593,142.1114283970424,134.84762064615884,805166700,0.5790282346340803,-2.3460197039408275,2.9250479385749077,79.03178514246144,80.93234323478612
2024-08-26,149.99000549316406,158.27999877929688,148.91000366210938,154.6999969482422,49893300,51.04314493935142,51.25342344041657,49.25729312234282,142.64749984741212,154.12320037841798,157.62394969940186,150.4502394111003,148.25019955419404,150.27491905575707,142.70873006184894,135.14254106794084,755273400,0.6063946431707734,-1.7555368345185074,2.361931477689281,64.21149852011945,72.50943034527656
2024-08-27,150.5,151.6999969482422,148.44000244140625,150.1300048828125,35102700,52.32122411750472,51.75088772584242,49.56694642265102,143.2504997253418,153.9406002807617,157.8084997177124,150.46019152888024,148.45472686744912,150.58936346144904,143.14603169759116,135.70269993373327,790376100,0.6616084037585495,-1.2721077868630961,1.9337161906216456,65.13596230202177,69.45974865486755
2024-08-28,146.36000061035156,150.42999267578125,144.72000122070312,149.39999389648438,34075800,41.713213976011254,47.51210173571968,47.12629737077677,143.34449996948243,153.69980041503905,157.9728497314453,149.64015334517453,148.26429720771299,150.93063306051587,143.57968236529638,136.22873167007688,756300300,0.36707098961738893,-0.9442720315669991,1.311343021184388,47.02703538648308,58.7914987362081
2024-08-29,145.49000549316406,149.49000549316406,144.47000122070312,146.58999633789062,31602100,39.68426042372172,46.64742732921549,46.62195512756778,143.99200057983398,153.5170004272461,158.10734977722169,148.81012377477245,148.0120888700267,150.54476008339535,143.6009523906405,136.65714469788568,724698200,0.06272359323978094,-0.7428729066056432,0.8055964998454241,42.554706020681195,51.57256790306201
2024-08-30,148.55999755859375,148.99000549316406,145.25,147.52000427246094,31169100,49.98562940990853,50.098596468769486,48.64932853782688,144.79500045776368,153.25260040283203,158.26619976043702,148.76009853153673,148.06189875080554,150.43047538636225,144.1204763745505,137.8104773627387,755867300,0.06845963157380197,-0.5806063989697542,0.6490660305435562,45.02446261283855,44.86873467333427
2024-09-03,136.94000244140625,146.49000549316406,136.10000610351562,146.41000366210938,42172700,28.14923807357482,39.64524866672054,42.29290981945429,144.90100021362304,152.76680053710936,158.35149978637696,146.39607931351065,147.05081726813287,150.94571334596662,144.41571456666978,137.88571578737287,713694600,-0.8547776654794745,-0.6354406522716983,-0.2193370132077762,3.2382295795948597,30.272466071038192
2024-09-04,140.8699951171875,143.3699951171875,138.50999450683594,140.50999450683594,42130600,38.969751824050505,43.908102593442784,44.841158085856634,145.43550033569335,152.37920043945311,158.4658497619629,145.290862474246,146.48892434531965,150.78079247853114,144.84365069676957,138.90650891500806,755825200,-1.2548669848693805,-0.7593259187912348,-0.49554106607814574,18.388555784901556,22.217082659111643
2024-09-05,139.44000244140625,141.7100067138672,137.8300018310547,138.1999969482422,25023000,36.56533697386408,42.725595204337914,44.10035652423298,145.9740005493164,151.96300048828124,158.56389976501464,144.12069046767806,145.8481132631457,150.98523748488654,145.21285720098587,139.4404769170852,730802200,-1.6681002891845367,-0.9410807928698952,-0.7270194963146415,12.875859630835945,11.500881665110777
2024-09-06,134.35000610351562,139.1300048828125,132.11000061035156,138.6999969482422,39993500,28.938802742389313,38.72755120011215,41.54621285390285,145.87550048828126,151.4992007446289,158.63254978179933,142.16655359484557,144.8028307940884,151.1401580326141,145.4082542298332,139.67635042705234,690808700,-2.3788884800417236,-1.228642330304261,-1.1502461497374625,7.484149820646732,12.916188412128067
2024-09-09,138.14999389648438,138.4499969482422,134.86000061035156,136.10000610351562,27194500,40.12644708421744,43.01472887245201,44.07425821420737,146.06949996948242,151.07280059814454,158.71564975738525,141.36324165517334,144.19802743976075,151.1063484312996,145.56253972129218,140.01873101128473,718003200,-2.6055310451768605,-1.504020073278781,-1.1015109718980796,20.180403488772832,13.51347098008516
2024-09-10,142.83999633789062,143.0800018310547,137.25,139.05999755859375,37217500,51.44756386429369,47.86341811253735,47.03020442994573,146.3729995727539,150.685400390625,158.83404972076417,141.6585925917168,144.07457006686346,151.5709516737196,145.8952379983569,140.21952432299418,755220700,-2.3792760960944577,-1.6790712778419166,-0.7002048182525411,38.69454518841829,22.119699499279275
2024-09-11,149.86000061035156,150.16000366210938,140.7100067138672,145.32000732421875,50935400,63.75669900322268,54.15172493022714,51.07662179008608,146.80949935913085,150.52880035400392,158.97079971313477,143.29887419544377,144.60051829808964,152.31396702357702,146.41492062523253,140.51587422688803,806156100,-1.6148962242683922,-1.666236267127212,0.05134004285881977,64.01010722973973,40.96168530231028
2024-09-12,150.77000427246094,151.5399932861328,147.64999389648438,148.42999267578125,29233700,65.13179529432104,54.91091933010665,51.57792066752821,147.3104995727539,150.25800048828125,159.1130997467041,144.7931002108472,145.16138065939612,152.8025381905692,146.89301554361978,140.98349289667038,835389800,-0.9250268448145675,-1.5179943826646833,0.5929675378501158,71.30303770617878,58.00256337477892
2024-09-13,152.30999755859375,153.02999877929688,150.6999969482422,152.32000732421875,25117200,67.62614166401221,56.23175709516729,52.44010869961326,147.55799942016603,150.02620056152344,159.26139972686767,146.29647968039652,145.81125492295953,153.192379421658,147.43904719277032,141.6857149638827,860507000,-0.25114080851602694,-1.2646236678349523,1.0134828593189253,77.18761315089644,70.83358602893831
2024-09-16,152.0800018310547,154.44000244140625,150.91000366210938,151.6999969482422,27677800,66.77010684162192,55.96806082837355,52.29472272365629,147.73399963378907,149.62980072021483,159.4117497253418,147.45318411052816,146.38114100551363,153.3898392934648,147.76126946343317,142.13269963340153,832829200,0.2613473477377397,-0.9594294647204139,1.2207768124581535,89.43125653008468,79.30730246238663
2024-09-17,150.82000732421875,154.0399932861328,149.22999572753906,153.5500030517578,29889000,61.640619682091575,54.4613014303541,51.47733330328491,147.51100006103516,149.07240081787108,159.5465997695923,148.12654875326626,146.7846743072141,153.59428381541417,147.93523782397074,142.2761918325273,802940200,0.5593787078158527,-0.6556678302131606,1.2150465380290134,83.78864836386572,83.4691726816156
2024-09-18,148.2899932861328,152.82000732421875,148.00999450683594,150.89999389648438,26320100,52.01261879208937,51.46520153467032,49.8419279499263,147.1055000305176,148.49620056152344,159.6822497177124,148.1592376598396,146.9215214871158,153.31222122434585,147.78841242714535,142.26460362994482,776620100,0.5846798933537798,-0.40759828549977256,0.9922781788535524,72.45853716536412,81.89281401977149
2024-09-19,156.74000549316406,159.25,152.77000427246094,153.80999755859375,44500000,70.48773866939993,59.48253008522611,54.850374953912684,147.0520004272461,147.95180053710936,159.85899974823,149.8753912265045,147.8141109422111,153.19571358816964,147.7219049362909,142.2480962844122,821120100,1.271914788642647,-0.07169567067128862,1.3436104593139355,90.75167810138831,82.33295454353937
2024-09-20,155.9499969482422,157.4499969482422,152.47000122070312,156.0,40248200,67.56920490499914,58.50942130923896,54.320219333112476,147.2645004272461,147.4320004272461,160.04589973449708,151.09031237085205,148.55373694275937,153.1725393628317,147.63206360832095,142.09158785381013,780871900,1.7328313065687553,0.28920972477672013,1.4436215817920353,87.84081383208698,83.68367636627978
2024-09-23,156.75,157.19000244140625,154.97000122070312,156.4499969482422,21728500,69.12277382344485,59.236675266856814,54.78291068520916,147.35300064086914,146.93480041503906,160.23774974823,152.22224989668163,149.29885176614488,152.95873006184897,147.73301624116442,142.5073024204799,802600400,2.1380187785135263,0.6589715355240814,1.479047242989445,90.78850384590085,89.79366525979204
2024-09-24,158.32000732421875,159.63999938964844,154.5800018310547,157.4600067138672,27531200,72.25302929982902,60.69281567735088,55.703471022406376,147.76950073242188,146.50460052490234,160.44524978637696,153.44180138218906,150.11895681687886,153.13015916612414,147.88111175052705,142.6320643349299,830131600,2.5563512136955353,1.0384474711583722,1.517903742537163,95.20525926640306,91.27819231479695
2024-09-25,162.02000427246094,162.9499969482422,158.17999267578125,158.5,35233300,78.43549739520799,63.96020122750772,57.81924303602407,148.34550094604492,146.1940005493164,160.6134998321533,155.15744196024343,151.20087022193175,153.32333398243736,148.2933337499225,143.2633335174076,865364900,3.150128790251216,1.4607837349769413,1.6893450552742748,96.98445918867168,94.32607410032517
2024-09-26,167.49000549316406,168.67999267578125,164.0500030517578,167.05999755859375,38044900,84.54476576352364,68.17235052378456,60.71907038319684,149.40200119018556,146.35520080566405,160.80634986877442,157.62395466682756,152.68170070113467,154.1755560012091,149.080317905971,143.98507981073288,903409800,4.01579361239223,1.971785710459999,2.044007901932231,96.48140904257167,96.22370916588211
2024-09-27,164.35000610351562,168.72999572753906,163.74000549316406,167.47999572753906,27876000,70.73975643407547,63.57868111789237,58.31320151019572,150.34500122070312,146.52680084228516,160.95604988098145,158.96916495416517,153.74245573771475,155.01920694018168,149.95825461735802,144.89730229453434,875533800,4.397772725580438,2.4569831134840867,1.9407896120963515,86.08643513826219,93.1841011231685
2024-09-30,164.0800018310547,165.0800018310547,162.17999267578125,163.10000610351562,21881600,69.56761660718686,63.18441704175237,58.10622753175002,151.12100143432616,146.77680084228516,161.08839988708496,159.99133232954307,154.6822326552911,155.74190533350384,150.78190515911768,145.8219049847315,853652200,4.625388240097635,2.8906641388067964,1.7347241012908388,83.40472619666093,88.65752345916492
2024-10-01,159.75,165.39999389648438,158.0800018310547,164.47999572753906,31831900,52.74786910219862,57.072153389836565,54.842678667463154,152.26150131225586,146.8544009399414,161.19619987487792,159.94306586363444,155.14293877753738,156.5541268000527,151.42365107460625,146.29317534915987,821820300,4.4055952550899065,3.1936503620634187,1.2119448930264878,57.40040347477631,75.63052160323313
2024-10-02,159.77999877929688,163.10000610351562,158.6699981689453,159.30999755859375,24630400,52.84265820501403,57.10311460825183,54.861041498226434,153.20700149536134,146.97000091552735,161.30509986877442,159.91045244676693,155.56448968678825,157.2547619532025,152.40809534466456,147.56142873612663,846450700,4.18557962524045,3.392036214698825,0.7935434105416252,56.80503657837877,65.87005541660533
2024-10-03,162.85000610351562,166.7899932861328,159.39999389648438,159.7100067138672,29598800,62.163670622415054,60.26180856361294,56.742995004601944,154.37750167846679,147.33440093994142,161.42359992980957,160.49836317811668,156.22680936103617,158.4274604434059,153.46031770252046,148.49317496163505,876049500,4.210404663327523,3.555709904424565,0.6546947589029584,71.62167337061622,61.94237114125709
2024-10-04,170.89999389648438,171.2100067138672,164.4199981689453,166.52999877929688,44556500,76.6722250494102,67.10230671104068,61.17985270316673,156.20500106811522,147.9860006713867,161.58359992980957,162.57868932179022,157.56073522789512,159.9557143922836,154.85000004844062,149.7442857045976,920606000,4.824036928352484,3.8093753092101488,1.0146616191423354,98.66373855920276,75.69681616939924
2024-10-07,170.97000122070312,172.41000366210938,168.2100067138672,171.0800018310547,38379900,76.76520375950784,67.15525823014242,61.21602073125495,157.84600143432618,148.6056005859375,161.73769996643065,164.2569517015728,158.77975940905947,161.50396801176527,156.5325397309803,151.5611114501953,958985900,5.255412798000833,4.098582806968286,1.1568299910325468,94.09835286436756,88.12792159806217
2024-10-08,172.8000030517578,173.60000610351562,170.0,171.75,34730200,79.34732062593162,68.57898269395753,62.178993347047644,159.34400177001953,149.26660064697265,161.92434997558593,165.96556197160982,160.05432701294112,163.17015923394098,158.19825429765004,153.22634936135915,993716100,5.679477653359299,4.41476177624649,1.2647158771128097,96.21390029867646,96.32533057408226
2024-10-09,171.02000427246094,174.0500030517578,169.5500030517578,174.0500030517578,33890700,70.23665193542867,65.60033580388712,60.647731480239855,160.402001953125,149.91820068359374,162.07989997863768,166.97645043178005,161.05120676380656,164.55841330876427,159.64984179299975,154.74127027723523,959825400,5.805004601478487,4.692810341292889,1.112194260185598,85.95922834938523,92.0904938374764
2024-10-10,164.17999267578125,172.00999450683594,162.0,169.75999450683594,75113600,45.922398831882056,55.60565826893105,55.18775471260003,161.072501373291,150.3122006225586,162.20279991149903,166.4171588805803,161.33564184671334,165.4971429734003,160.56190490722656,155.62666684105284,884711800,5.291556076178864,4.812559488270084,0.47899658790877986,49.30657546399412,77.15990137068526
2024-10-11,167.88999938964844,169.35000610351562,163.00999450683594,164.19000244140625,42136200,55.8664826578607,59.233656178085596,57.364323538341786,161.85150146484375,151.0192007446289,162.32519989013673,166.71172698239394,161.93149253243473,166.41206432524183,161.3601590111142,156.3082536969866,926848000,5.124933908732032,4.8750343723624745,0.24989953636955775,68.3615650955418,67.87578963630705
2024-10-14,165.27000427246094,168.89999389648438,165.14999389648438,167.77000427246094,31757200,48.33446534513771,55.767628294865034,55.37846832455885,162.51100158691406,151.67460083007813,162.42119987487794,166.42338244040735,162.23499359970984,167.16666739327567,162.0471431187221,156.92761884416853,895090800,4.726983210828735,4.8454241400557265,-0.1184409292269919,45.02192793877376,54.23002283276989
2024-10-15,156.63999938964844,164.1300048828125,155.74000549316406,163.2100067138672,50768000,31.531235342764745,46.18180062953574,49.47985608865016,162.80200119018554,152.1110006713867,162.460599899292,164.4667058302556,161.72635776243152,167.7009531656901,162.3500002906436,156.9990474155971,844322800,3.6728962835197194,4.6109185687485255,-0.938022285228806,4.91531412609045,39.43293572013533
2024-10-16,156.1300048828125,158.27999877929688,154.9199981689453,158.07000732421875,30575800,30.772595437571397,45.68207411120722,49.15637539041791,163.19400177001953,152.63000091552735,162.5041999053955,162.799365640767,161.21759840973888,167.87381054106214,162.59190513974144,157.30999973842077,813747000,2.7645050119087102,4.241635857380563,-1.4771308454718524,6.325177234817788,18.75413976656066
2024-10-17,156.25,160.44000244140625,156.1999969482422,160.0,29491900,31.23969751381216,45.83059868988595,49.23800765309397,163.16950149536132,153.18160095214844,162.59254989624023,161.48949251261362,160.76599855430808,168.2239689902654,162.96920679485987,157.71444459945437,843238900,2.030870378121193,3.7994827615286892,-1.768612383407496,6.952438534135649,6.064309965014625
2024-10-18,155.97000122070312,158.00999450683594,155.55999755859375,157.41000366210938,23823000,30.660421325961906,45.51783666863748,49.04590833116811,163.17050170898438,153.5746008300781,162.69579986572265,160.38559425423153,160.32999879670763,168.04444497729105,162.9815874856616,157.9187299940321,819415900,1.4106055016985124,3.321707309562654,-1.9111018078641417,5.488775659964394,6.255463809639273
2024-10-21,157.89999389648438,158.0,154.14999389648438,155.75999450683594,25781200,39.88124290657001,48.14469055775662,50.439282089786026,163.2280014038086,154.0472006225586,162.8052498626709,159.88847418268213,160.10908926032369,168.0569850376674,163.04793657575334,158.03888811383928,845197100,1.0625272450000693,2.869871296650137,-1.8073440516500678,18.84421243598404,10.428475543361357
2024-10-22,154.08999633789062,156.74000549316406,151.91000366210938,156.60000610351562,34997400,30.327470490241723,43.668546736292235,47.74472052698612,163.0165008544922,154.3936004638672,162.88279983520508,158.72877861372385,159.56189899464795,168.08333430214535,162.95000009688118,157.81666589161708,810199700,0.4737763583542005,2.39065230899095,-1.9168759506367494,9.846398987709575,11.393129027886
2024-10-23,152.91000366210938,153.4499969482422,150.52000427246094,153.0,26095900,27.848119872724197,42.35513468377675,46.93290671562728,162.5610008239746,154.62920043945311,162.91644989013673,157.56502362340098,158.95718123714443,167.73333401150174,162.70142861018104,157.66952320886037,784103800,-0.08702533447458904,1.8951167802978424,-1.9821421147724314,10.157244001862441,12.949285141852014
2024-10-24,153.44000244140625,155.19000244140625,152.35000610351562,154.74000549316406,22877000,30.89320416480159,43.181744192814506,47.353249276108805,161.8585006713867,154.88300048828125,162.93734992980956,156.74001938700204,158.45561952844096,167.2895243811229,162.34952411954364,157.40952385796442,806980800,-0.4831290335336007,1.419467617531554,-1.9025966510651546,12.409682619764965,10.804441869778989
2024-10-25,156.22999572753906,158.91000366210938,155.0500030517578,155.39999389648438,29758500,45.43915959928585,47.45341008890335,49.552385557300944,161.4525001525879,155.060400390625,162.9757999420166,156.63801465510946,158.25329009199532,166.77619159032426,161.87285747225323,156.96952335418214,836739300,-0.5653973785346125,1.0224946183183208,-1.5878919968529333,24.266858271587004,15.611261631071464
2024-10-28,159.9199981689453,160.27999877929688,157.0399932861328,158.5,36010100,59.10170079968331,52.53596642300856,52.30701824668426,161.24449996948243,155.28760040283203,163.035299911499,157.29441135787664,158.40480900808168,166.38206506153895,161.5620635501922,156.7420620388455,872749400,-0.3290501905055123,0.7521856565535543,-1.0812358470590666,39.94897740817166,25.541839433174534
2024-10-29,166.25,167.50999450683594,158.94000244140625,161.10000610351562,71896000,73.01291078963723,59.731527800440176,56.56090718408103,161.56949996948242,155.50700042724608,163.13374992370606,159.08552908630134,159.11800818916518,166.67365155901228,161.58365086146765,156.49365016392298,944645400,0.3648293785530541,0.6747144009534544,-0.3098850224004003,73.19684911898027,45.804228266246305
2024-10-30,148.60000610351562,153.1199951171875,148.10000610351562,153.00999450683594,87701700,34.1484509333912,41.046268517811775,44.889519235766855,161.01050033569337,155.3510006713867,163.0830499267578,156.9884244897442,158.16182618137884,166.03381032792348,161.05333358522446,156.07285684252543,856943700,-0.5036671032836182,0.43903810010603983,-0.942705203389658,2.3529411764705883,38.499589234540835
2024-10-31,144.07000732421875,148.67999267578125,143.3300018310547,147.8000030517578,44386600,29.338642684278,37.77969690487014,42.53443992293376,160.0715003967285,155.07620086669922,163.00254997253418,154.40474105663912,156.8807517398188,165.35587298680866,160.3315875341022,155.3073020813957,812557100,-1.5397406927772295,0.04328234152938598,-1.5830230343066154,2.894038806388762,26.147943033946536
2024-11-01,141.86000061035156,144.5399932861328,141.32000732421875,144.44000244140625,39027400,27.103720438275204,36.26345708739223,41.425945092929034,158.61950073242187,154.8794009399414,162.89849998474122,151.89579296738162,155.51522890986723,164.18396771143352,159.35825432671442,154.53254094199528,773529700,-2.5102291894379505,-0.46741996466408137,-2.042809224773869,2.061831043931235,2.4362703422635237
2024-11-04,140.7100067138672,143.63999938964844,139.72000122070312,141.6999969482422,29117400,25.873019031893364,35.465818706340215,40.846838513304796,157.10650100708008,154.59400115966798,162.73090003967286,149.65863571667876,154.16929961932178,162.73841179741754,158.0493655734592,153.36031934950086,744412300,-3.3337142291117914,-1.0406788175536235,-2.2930354115581677,3.5624531570436706,2.839441002454551
2024-11-05,141.66000366210938,143.0800018310547,140.8000030517578,141.94000244140625,27067300,29.06592844544396,36.704392173092785,41.55247981698274,155.54950103759765,154.42740112304688,162.5983000946045,148.05890930576487,153.0320908959388,161.28111024886843,156.6834925091456,152.08587476942273,771479600,-3.865120538066435,-1.605567161656186,-2.259553376410249,6.980938863250139,4.201741021408344
2024-11-06,145.10000610351562,145.6300048828125,141.52000427246094,144.9499969482422,32911500,40.24926344765614,41.11178331142945,44.07788638812255,154.25350112915038,154.31940124511718,162.48170013427733,147.46712866531504,152.31099227844578,159.96968151274183,155.3477783203125,150.72587512788317,804391100,-3.9630014054478693,-2.077054010414523,-1.8859473950333463,19.359504075508788,9.967632031934194
2024-11-07,149.82000732421875,150.1199951171875,145.66000366210938,146.67999267578125,30326400,52.56318931163671,46.60557257878791,47.34166615277976,153.53550186157227,154.38860137939454,162.33935020446776,147.93770439709579,152.08453910078876,158.8722207205636,154.2522226969401,149.63222467331659,834717500,-3.618001971625688,-2.385243602656756,-1.2327583689689319,36.34403937965513,20.894827439471346
2024-11-08,147.9499969482422,150.7100067138672,147.52999877929688,149.38999938964844,27560300,47.87263906982515,44.821483995863225,46.22425186691097,152.53850173950195,154.4378012084961,162.1774501800537,147.9401629073251,151.70867163237543,157.72158668154762,153.42682611374627,149.13206554594495,807157200,-3.4556470951007157,-2.599324301145548,-0.8563227939551679,29.614961194128192,28.43950154976403
2024-11-11,147.35000610351562,148.57000732421875,144.91000366210938,147.3800048828125,29868100,46.282480040933756,44.236366207583245,45.861155887591956,151.6425018310547,154.41360137939452,162.02795021057128,147.82213154656318,151.31242931156999,156.65079292418466,152.48365178183903,148.31651063949343,777289100,-3.336927904865888,-2.746845021889616,-0.5900828829762723,27.45594359902155,31.138314724268284
2024-11-12,143.6300048828125,147.4499969482422,141.5500030517578,147.0,33560300,37.11106558645007,40.689667076169876,43.63921698658471,150.99200210571288,154.54740142822266,161.85695022583008,146.98370621381304,150.61402709077385,155.69460236080107,151.42508055671814,147.15555875263516,743728800,-3.5026388599817153,-2.898003789508036,-0.6046350704736794,14.069825860880881,23.71357688467687
2024-11-13,139.3000030517578,144.49000549316406,139.07000732421875,142.86000061035156,35146600,29.065976482208043,36.97373389448948,41.209611344511195,150.15050201416017,154.51600158691406,161.6931502532959,145.446965581402,149.58547945086332,154.70158652653768,150.57349335201204,146.44540017748636,708582200,-3.9379665194872473,-3.1059963355038787,-0.8319701839833686,0.8087054542684121,14.111491638056942
2024-11-14,138.83999633789062,141.39999389648438,138.55999755859375,140.33999633789062,31681400,28.284294466302853,36.59141676359909,40.95635439252572,149.28000183105468,154.50400146484375,161.54890022277831,144.12557173269974,148.60861734968398,153.87476070343504,149.77142963712177,145.66809857080852,676900800,-4.270853779528181,-3.3389678243087393,-0.9318859552194421,0.9671806867457242,5.281904000631668
2024-11-15,134.89999389648438,137.35000610351562,133.64999389648438,136.57000732421875,44217500,22.15919938933152,33.40529236588954,38.82008128543076,148.22650146484375,154.5150012207031,161.37100021362303,142.28045616545666,147.36237885393857,152.78571331690227,148.70809621659538,144.63047911628843,632683300,-4.797294377113673,-3.630633134869726,-1.1666612422439466,3.6916715223503402,1.8225192211214873
2024-11-18,138.92999267578125,140.89999389648438,137.2100067138672,138.19000244140625,38705400,38.504725347211114,39.23357123910607,42.05219089662657,147.2780014038086,154.53060119628907,161.1773501586914,141.61036346752158,146.5957982922879,152.0114271375868,147.874762883262,143.73809862893725,671388700,-4.833596431265391,-3.8712257941488595,-0.9623706371165319,27.11863609788822,10.59249610232809
2024-11-19,139.38999938964844,139.75,137.13999938964844,137.41000366210938,23131400,40.2240527085516,39.88035772063056,42.415226533198805,146.5430015563965,154.46160125732422,161.00315017700194,141.16629065194695,145.94072566477521,151.09888736785405,147.0212709941561,142.9436546204582,694520100,-4.7702587992949645,-4.051032395178081,-0.7192264041168839,33.64596237181867,21.485423330685737
2024-11-20,137.60000610351562,140.77000427246094,135.47999572753906,138.9600067138672,28843100,35.57910976085138,38.17750653613021,41.36109062675046,145.7775016784668,154.2164013671875,160.85175018310548,140.4530337422607,145.18247843193342,150.34476071312315,146.2452392578125,142.14571780250185,665677000,-4.809064862037616,-4.202638888549988,-0.6064259734876281,23.153629773399103,27.97274274770199
2024-11-21,137.49000549316406,140.27999877929688,134.92999267578125,138.8699951171875,29311400,35.27868763228581,38.069927394351936,41.2951546019846,144.9800018310547,153.95080139160157,160.68450019836425,139.86042809244137,144.4831627102271,149.75872948056175,145.5439692905971,141.32920910063245,636365600,-4.79343929194053,-4.320798969228096,-0.47264032271243384,22.50884356175288,26.43614523565688
2024-11-22,138.35000610351562,139.1300048828125,137.0399932861328,137.35000610351562,21784700,40.02941428545723,39.50517582901782,42.05023170687418,144.08600234985352,153.6716015625,160.52950019836425,139.55834369465623,143.92560301870787,148.98555549742682,144.80650886656747,140.62746223570807,658150300,-4.6579669100763965,-4.388232557397757,-0.26973435267863977,27.549875005031105,24.404116113394355
2024-11-25,141.1300048828125,142.35000610351562,139.0500030517578,140.49000549316406,30923100,53.32063235843469,44.02142467070135,44.464252337374226,143.14650268554686,153.45260162353514,160.37275024414063,139.8726759322875,143.67145773362645,148.20238119458395,144.05000111413378,139.89762103368366,689073400,-4.276979051178216,-4.365981856153849,0.08900280497563262,43.84528350826666,31.301334025016875
2024-11-26,137.72000122070312,142.8000030517578,136.6199951171875,142.5500030517578,32092400,40.204799353182864,40.06983267673231,42.209420991415065,141.72000274658203,153.19060150146484,160.2018002319336,139.44214098997062,143.13041623245158,147.38841320219495,143.09603300548736,138.80365280877976,656981000,-4.2017668720823735,-4.333138859339554,0.13137198725718058,23.857000389071995,31.750719634123246
2024-11-27,136.24000549316406,137.94000244140625,132.9600067138672,137.1999969482422,30175300,35.63903600151677,38.4563426628466,41.26003368837231,141.10200271606445,152.94960174560546,160.02530029296875,138.80171389060934,142.5040152561527,145.85936603848896,141.7379380483476,137.61651005820622,626805700,-4.2130189052202525,-4.309114868515694,0.09609596329544168,18.478866362235916,28.727050086524855
2024-11-29,137.17999267578125,138.58999633789062,135.77999877929688,136.24000549316406,16085700,40.76588057479615,40.10594263486251,42.12439671353905,140.75750198364258,152.55840148925782,159.81770027160644,138.4773696476437,142.02001320339167,145.14666772267174,141.1304774208674,137.11428711906314,642891400,-4.098838256726708,-4.267059546157897,0.1682212894311892,27.033861607382867,23.123242786230254
2024-12-02,142.05999755859375,142.82000732421875,137.8000030517578,137.9199981689453,33102400,60.41181750862778,47.911754451208154,46.40486548507986,140.7675018310547,152.28060150146484,159.64420028686524,139.19389522983374,142.0236481447737,144.91825576055618,140.91777910505022,136.91730244954428,675993800,-3.5733819374065092,-4.12832402440762,0.5549420870011108,62.80191150949437,36.10487982637105
2024-12-03,141.97999572753906,143.4499969482422,141.0800018310547,142.5800018310547,22665300,60.02020263069337,47.80176712397226,46.34611736353547,140.83100128173828,151.98520141601563,159.484750289917,139.7511153293748,142.0196797432069,144.8585735502697,140.89857264927454,136.9385717482794,653328500,-3.1273592471126506,-3.9281310689486264,0.8007718218359758,78.23061551288329,56.0221295432535
2024-12-04,143.99000549316406,144.1199951171875,141.17999267578125,142.9600067138672,25942700,66.55645829060143,50.85435739683005,48.07286251284339,140.947501373291,151.69860137939452,159.37625030517577,140.59889336213269,142.1988002659303,144.89476400708395,140.9814295693049,137.06809513152592,679271200,-2.5819291894010803,-3.658890693039117,1.0769615036380369,98.83521721236947,79.95591474491569
2024-12-05,141.36000061035156,143.9499969482422,140.3800048828125,143.67999267578125,29576900,52.96123912062267,46.98272604500342,46.04573958727748,140.7605010986328,151.28540130615235,159.26160034179688,140.75111481177646,142.12254575178676,144.95857311430433,140.9838104248047,137.00904773530505,649694300,-2.3349752124508143,-3.3941075969214567,1.0591323844706424,75.26884072733637,84.11155781752971
2024-12-06,138.58999633789062,142.7899932861328,137.39999389648438,141.47999572753906,33576800,42.093957968653434,43.248145075151434,44.00264746807091,140.1990005493164,150.70740112304688,159.04525032043458,140.3188911169993,141.801404895978,144.80571540953622,140.77000039721293,136.73428538488966,616117500,-2.335852349538527,-3.182456547444871,0.8466041979063439,50.447988121102405,74.8506820202694
2024-12-09,130.8699951171875,135.77000427246094,130.0,135.7100067138672,57055600,24.963091961817383,34.917658101334226,38.965128507686,139.34500045776366,150.03780090332032,158.8170002746582,138.42911191703695,140.8076403706334,144.09095400855654,139.99285743350075,135.89476085844495,559061900,-2.9257607184292738,-3.1311173816417517,0.20535666321247792,6.161440637670635,43.959423162036465
2024-12-10,127.73999786376953,131.55999755859375,127.06999969482422,131.55999755859375,38907200,20.837288044947158,32.20878582328692,37.161833570753075,138.36450004577637,149.3110008239746,158.57565029144288,136.2912891063835,139.61967287000942,143.20381055559432,139.0433335077195,134.88285645984467,520154700,-3.604284028021681,-3.2257507109177377,-0.3785333171039431,3.9296090840383626,20.179679280937126
2024-12-11,130.14999389648438,131.2100067138672,126.22000122070312,128.52000427246094,45588100,31.324617500487292,36.306091582774975,39.4187045534537,137.69049949645995,148.7190007019043,158.3364002609253,135.06303006440368,138.75879296332533,142.42190563867962,138.1980951702784,133.97428470187717,565742800,-3.9025657519812853,-3.3611137191304477,-0.5414520328508377,21.95527383142357,10.68210785104418
2024-12-12,130.60000610351562,132.32000732421875,129.07000732421875,130.0,34267100,33.30445827828423,37.07092866294667,39.84049872858994,137.25549964904786,148.13540084838868,158.1067003250122,134.17042527222608,138.017085066979,141.6506363399445,137.55301605709013,133.4553957742358,600009900,-4.055890165896045,-3.5000690084835675,-0.5558211574124776,24.469309364807934,16.784730760089946
2024-12-13,126.91000366210938,131.3000030517578,124.7699966430664,131.3000030517578,67544700,25.944727915012265,33.51689263336269,37.59652756689925,136.65900001525878,147.41660079956054,157.77860034942626,132.71834095020276,137.00735039380902,141.0704778035482,136.91999998546785,132.76952216738746,532465200,-4.424154329777394,-3.684886072742333,-0.7392682570350613,11.059468670785883,19.161350622339118
2024-12-16,126.69000244140625,127.76000213623047,123.12000274658203,126.01000213623047,42090300,25.540919155911638,33.31183777013101,37.46499847656985,136.24850044250488,146.53240097045898,157.39885036468505,131.51267324844346,136.0694096708633,140.50174810015966,136.26555585104322,132.02936360192675,490374900,-4.679812625868436,-3.8838713833675538,-0.7959412425008825,17.000004722960234,17.50959425285134
2024-12-17,125.0199966430664,127.08000183105469,123.1500015258789,124.44999694824219,43314900,22.369478376785523,31.72516354436236,36.4529420880591,135.55300064086913,145.61340087890625,156.99715034484862,130.21413792736806,135.06491757742722,140.0261920747303,135.7790480114165,131.53190394810267,447060000,-4.9600033474498275,-4.099097776184009,-0.8609055712658185,9.04759327029029,12.36902222134546
2024-12-18,121.41000366210938,127.75,120.43000030517578,125.43000030517578,49724400,16.91966654080572,28.558528180412466,34.355596401606775,134.65400085449218,144.58560089111327,156.57855033874512,128.45331107431633,133.82356176694378,139.44587537977432,135.02587357778398,130.60587177579367,397335600,-5.410978385945214,-4.36147389813625,-1.0495044878089637,4.136781644361927,10.061459879204142
2024-12-19,118.87999725341797,123.37999725341797,118.44999694824219,122.16000366210938,46160700,14.042491247150622,26.557807960437415,32.965891235544746,133.7180004119873,143.54280075073243,156.11980030059814,126.53864831013667,132.46505590207778,138.6742879473974,134.14380996946304,129.61333199152872,351174900,-5.9044667092666145,-4.670072460362323,-1.2343942489042918,1.6751084372728198,4.953161117308336
2024-12-20,119.20999908447266,121.86000061035156,117.9000015258789,118.0,53591200,16.271060266949547,27.27349421053212,33.33362364982624,132.80400009155272,142.64340087890625,155.65895027160644,125.07291846500387,131.26005073684095,137.7398429749504,133.27269878084698,128.80555458674354,404766100,-6.197490557718993,-4.975556079833657,-1.2219344778853358,4.996178027396574,3.6026893696770976
2024-12-23,124.5999984741211,126.33999633789062,120.47000122070312,120.70999908447266,47777900,44.48252291867953,37.91537008607539,39.04358311833126,132.11649971008302,141.7776008605957,155.24500026702881,124.9783344668273,130.65459144023006,137.10920751662482,132.61730194091797,128.12539636521112,452544000,-5.926469512657377,-5.165738766398402,-0.7607307462589752,25.55300757381994,10.741431346163102
2024-12-24,126.29000091552734,127.51000213623047,124.66000366210938,127.51000213623047,24829600,50.7288225642926,40.83849888305073,40.708238353901116,131.37449951171874,140.99800079345704,154.8845002746582,125.24066775656732,130.2578104834389,136.57301645430306,132.0449210272895,127.51682560027592,477373600,-5.511777963364068,-5.234946605791535,-0.27683135757253297,32.207296982654476,20.91882752795699
2024-12-26,125.05999755859375,127.30000305175781,125.05000305175781,125.5199966430664,24998200,46.19001846043884,39.38505277092073,39.87957242354031,130.7414993286133,140.36640075683593,154.496000289917,125.20453371697262,129.7852820357257,135.80682566809276,131.32873038640096,126.8506351047092,452375400,-5.22218481830717,-5.232394248294662,0.010209429987492413,28.766566504647987,28.842290353707458
2024-12-27,125.19000244140625,126.18000030517578,122.26000213623047,124.37000274658203,32924000,46.79380506177946,39.629615996356684,40.0145003909116,130.1889991760254,139.7476007080078,154.14800033569335,125.20162746185936,129.367529345333,135.0085713220021,130.63809555295916,126.26761978391616,485299400,-4.925412764510497,-5.17099795153783,0.24558518702733245,40.794626721149726,33.92283006948406
2024-12-30,122.44000244140625,124.0999984741211,122.3499984741211,123.55999755859375,30501600,36.420431999956286,36.29380358848253,38.12242423727141,129.45199966430664,139.07140075683594,153.82490036010742,124.64930245776875,128.73775417224874,134.24761890229723,130.03095245361328,125.81428600492931,454797800,-4.856142206527238,-5.108026802535711,0.25188459600847324,31.484043619802346,33.681745615200015
2024-12-31,120.79000091552734,123.55000305175781,120.13999938964844,123.0999984741211,30203400,31.407439395991958,34.42161606292173,37.02426709397471,128.38849983215331,138.3678007507324,153.4735503768921,123.87744214932049,128.01523114891043,133.52904801141648,129.28380984351747,125.03857167561848,424594400,-4.878153803259721,-5.062052202680514,0.18389839942079256,20.04159658508015,30.773422308677397
2025-01-02,120.62999725341797,123.13999938964844,119.44000244140625,122.29000091552734,34256200,30.912319489896575,34.23718031002831,36.91645816282819,127.32099990844726,137.6224008178711,153.12345039367676,123.22795317013998,127.34384624932021,132.52222212534102,128.33984144907149,124.15746077280197,390338200,-4.852571684819424,-5.020156099108296,0.16758441428887227,18.932001593601047,23.485880599494504
2025-01-03,125.37000274658203,125.55999755859375,121.41999816894531,121.6500015258789,36785300,55.72474046018508,43.83765477944927,42.134880249744896,126.38999977111817,137.0480009460449,152.84320041656494,123.6563630854284,127.16440593088946,131.74682556636748,127.48015897236172,123.21349237835595,427123500,-4.399108655990503,-4.895946610484738,0.49683795449423496,55.746271418526334,31.57328986573583
2025-01-06,129.5500030517578,130.72999572753906,127.36000061035156,129.07000732421875,48020200,67.91777335920966,50.67602337655386,46.235253230682794,125.79949989318848,136.58080093383788,152.59230045318603,124.83509107869428,127.38127839642294,131.10619039384144,126.81904795813183,122.53190552242218,475143700,-3.6602517440337152,-4.648807637194533,0.988555893160818,90.80285885375878,55.160377288628716
2025-01-07,127.33000183105469,131.7100067138672,126.8499984741211,130.50999450683594,39220400,57.77714526081638,47.37663765981678,44.484995080167984,125.23650016784669,136.05860092163087,152.3355504989624,125.33407322916636,127.37661689048036,130.53587377639045,126.18730199904671,121.83873022170295,435923300,-3.21675708994664,-4.362397527744955,1.1456404377983151,68.28382883865854,71.61098637031454
2025-01-08,121.83999633789062,125.30000305175781,120.12000274658203,124.51000213623047,46723100,40.03737974193883,40.37571833152076,40.51933156789804,124.78500022888184,135.3708009338379,152.04650051116943,124.63525785091123,126.87328774933584,129.70809633769687,125.36952451675658,121.03095269581627,389200200,-3.270580724063038,-4.144034167008572,0.8734534429455341,28.530002403175505,62.53889669853093
2025-01-10,116.04000091552734,118.70999908447266,114.44999694824219,118.18000030517578,59415600,28.819433529761213,34.56457469210952,36.88737921841688,124.20000038146972,134.49320098876953,151.733550491333,122.91620646383446,125.88844349171688,128.88317556229848,124.61650860498824,120.34984164767795,329784600,-3.738156360279362,-4.06285860566273,0.3247022453833681,9.212068758221706,35.34196666668523
2025-01-13,117.31999969482422,117.4800033569336,114.41000366210938,115.27999877929688,39128900,33.736280237307355,36.72885558951047,38.16614571040144,123.55850067138672,133.51460098266602,151.4308005142212,121.79696511003242,125.10949405563574,128.22571551610554,124.02666751922123,119.82761952233693,368913500,-3.9597823109860713,-4.042243346727399,0.08246103574132757,16.820783349047826,18.18761817014833
2025-01-14,116.08999633789062,118.66000366210938,114.5,118.0,37005300,31.247330444632624,35.5133045282962,37.404761580499525,122.83300018310547,132.8644007873535,151.11330051422118,120.65557135560407,124.2895397176589,127.57777889191158,123.41825479174416,119.25873069157676,331908200,-4.186415077922106,-4.07107769296634,-0.11533738495576618,9.710938609404176,11.914596905557888
2025-01-15,119.95999908447266,120.41999816894531,117.45999908447266,117.55000305175781,38185800,46.22611507838104,42.01559915479373,41.25931987918439,122.48549995422363,132.3822006225586,150.81065048217772,120.5164569013778,123.89594511464196,127.02190544491722,122.87619091215588,118.73047637939453,370094000,-4.007549760803656,-4.058372106533803,0.05082234573014777,32.08089273602388,19.537538231491947
2025-01-16,118.44000244140625,121.08999633789062,118.25,120.23999786376953,29414100,41.92148109198098,40.29695945882856,40.24179011225785,122.07299995422363,131.91380065917969,150.4861505126953,120.10116600938349,123.39995032616598,126.4461906069801,122.47619083949498,118.50619107200986,340679900,-3.942996327057429,-4.035296950638529,0.09230062358109947,23.294786522522585,21.695539289316866
2025-01-17,121.45999908447266,122.73999786376953,120.55000305175781,120.77999877929688,35765900,52.47338435396617,45.10181951312114,43.153816827726445,121.89500007629394,131.5288005065918,150.19995052337646,120.37293262440133,123.22359112237567,126.12603154258125,122.27269865974547,118.41936577690974,376445800,-3.6065744307773713,-3.9495524466662975,0.3429780158889262,40.7514114377393,32.04236356542857
2025-01-21,122.27999877929688,123.75,121.12000274658203,122.38999938964844,31578800,55.12960205300935,46.36403159763785,43.92942992307139,121.93849983215333,131.14120040893556,149.90750049591065,120.75434585538045,123.1378100002776,125.93555523100353,122.14412725539435,118.35269927978516,408024600,-3.236482377628633,-3.806938432858765,0.5704560552301321,45.49129323065552,36.512497063639124
2025-01-22,123.75,125.6500015258789,121.91000366210938,123.08000183105469,35023800,59.94536208089783,48.64362520690209,45.327477950713394,122.18199996948242,130.71420028686524,149.69710048675537,121.35347668430437,123.19346363661599,125.79238056001209,122.17142886207218,118.55047716413226,443048400,-2.7923761716283195,-3.604025980612676,0.8116498089843565,53.988408614422816,46.74370442760587
2025-01-23,123.04000091552734,123.70999908447266,120.62999725341797,121.43000030517578,24921100,56.43482596101265,47.591528326391206,44.76389193726494,122.37350006103516,130.1786001586914,149.46020050048827,121.69078153054897,123.17951248015339,125.81015850248791,122.27730196998233,118.74444543747674,418127300,-2.4692458668666006,-3.377069957863461,0.9078240909968605,49.88436838767549,49.78802341091793
2025-01-24,122.83999633789062,125.25,122.2300033569336,124.55000305175781,31570300,55.33931919746444,47.281296743488575,44.60057680425984,122.28549995422364,129.67640014648438,149.2249005126953,121.92062449201731,123.14864737631132,125.945555187407,122.45746067592076,118.96936616443452,386557000,-2.2038963252623063,-3.14243523134323,0.9385389060809239,48.72827276712358,50.867016589740615
2025-01-27,115.01000213623047,118.08000183105469,112.80000305175781,117.80000305175781,61067900,28.943928313911357,37.088344426567964,38.805972069807986,121.72150001525878,129.02960006713866,148.94605052947998,120.53850002085994,122.40877053630396,125.51238093300469,122.05238148522756,118.59238203745038,325489100,-2.595500679690389,-3.0330483210126618,0.437547641322273,11.686931023185931,36.76652405932832
2025-01-28,114.16999816894531,116.1500015258789,112.94999694824219,115.18000030517578,40554800,27.269478043658395,36.18704658069571,38.248626899073976,121.17700004577637,128.44039993286134,148.68120052337648,119.26479965047702,121.65979123018045,124.97047630188956,121.49380989680215,118.0171434917147,284934300,-2.9397437162514706,-3.0143874000604236,0.07464368380895303,7.244816773529275,22.553340187946247
2025-01-29,117.3499984741211,118.5199966430664,114.95999908447266,115.7699966430664,40199100,42.40580673106197,41.93936809007086,41.56996293191434,120.78499984741211,128.0013998413086,148.41545051574707,118.88183941520585,121.2679918887205,124.61095222594247,121.07190498473152,117.5328577435206,325133400,-2.922273208115783,-2.995964561671496,0.07369135355571288,35.408528892253344,18.1134255629895
2025-01-30,118.86000061035156,120.44000244140625,117.08999633789062,118.52999877929688,29788400,48.511635094748264,44.49783223839984,43.08950973195164,120.60599975585937,127.6017999267578,148.19335052490234,118.877471654235,121.04908359068695,124.31015886579242,120.79825410388764,117.28634934198288,354921800,-2.7548272184171054,-2.947737093020618,0.1929098746035125,47.15951967463746,29.937621780140017
2025-01-31,115.94999694824219,119.56999969482422,115.33000183105469,119.13999938964844,40463400,38.95992337542719,40.769350445044104,40.94419326638479,120.36399955749512,127.22279998779297,147.97150047302247,118.29197671303643,120.5855302595556,124.1423809717572,120.51190488300625,116.88142879425534,314458400,-2.8243803423437868,-2.923065742885252,0.09868540054146502,24.513574089741876,35.693874218877546
2025-02-03,114.2699966430664,115.16000366210938,112.9800033569336,113.87999725341797,34586100,34.283464991124745,38.750646493032896,39.74972418368907,120.04599952697754,126.72960006713868,147.72555042266845,117.48758069904244,120.01139083987475,123.73349192785838,120.16158742753288,116.58968292720733,279872300,-2.9807039783990064,-2.934593389988003,-0.04611058841100357,11.439640201273544,27.70424465521761
2025-02-04,119.5,119.8499984741211,114.79000091552734,115.44999694824219,69412100,54.62842007582471,47.470675808423294,44.9742439344193,119.75249938964843,126.3318000793457,147.55295040130616,117.89006455923396,119.9649007635225,123.65428561256046,120.01761917840867,116.38095274425689,349284400,-2.652003380129628,-2.878075388016328,0.2260720078867,52.14006026331805,29.364424851444472
2025-02-05,112.01000213623047,112.08999633789062,106.5,107.61000061035156,110385200,35.65734182456106,38.92398259319846,39.80623432460542,118.87549934387206,125.82,147.33760040283204,116.71405207463327,119.2417281610414,123.06063467358787,119.35492076571026,115.64920685783265,238899200,-2.961744867710678,-2.894809283955198,-0.06693558375547992,28.772854815621653,30.7841850934044
2025-02-06,110.16000366210938,112.55999755859375,109.0199966430664,110.93000030517578,50426600,32.32963471118387,37.14509489193851,38.659121195731956,118.01699943542481,125.2733999633789,147.15520042419433,115.4032423921285,118.41611684295665,122.18142857627265,118.46761915418836,114.75380973210412,188472600,-3.3182459699595057,-2.9794966211560596,-0.3387493488034461,19.112289140882435,33.3417347399407
2025-02-07,107.55999755859375,109.91999816894531,106.79000091552734,109.12999725341797,46082500,27.933196179110183,34.74198530622917,37.08873895628752,117.30299949645996,124.65759979248047,146.94980041503905,113.83459342542156,117.42919690801457,121.12095169793992,117.48952375139508,113.85809580485027,142390100,-3.767149075763001,-3.137027112077448,-0.6301219636855531,5.535234851868245,17.806792936124097
2025-02-10,110.4800033569336,111.4000015258789,108.1500015258789,108.44000244140625,34905400,39.095203364420726,39.47765982276053,39.95266397848782,117.02499961853027,124.04459976196289,146.74085041046143,113.16367541172397,116.79745203973448,120.43809460836744,116.89857143825955,113.35904826815167,177295500,-3.842988379009114,-3.2782193654637815,-0.5647690135453325,20.783305690890423,15.143609894547021
2025-02-11,111.0999984741211,113.06999969482422,108.94000244140625,108.9800033569336,35033800,41.40745553601164,40.46554307612416,40.55338125361461,116.71399955749511,123.51219970703124,146.5376503753662,112.7509400242034,116.2795017155878,120.17650713239398,116.64317467099144,113.10984220958892,212329300,-3.809153597229624,-3.38440621181695,-0.4247473854126742,24.5333251953125,16.950621912690377
2025-02-12,111.72000122070312,111.83999633789062,109.05999755859375,109.5199966430664,25319700,43.96053464586764,41.49398659341748,41.16869323388725,116.49549980163575,123.02179962158203,146.32745040893553,112.54475226350336,115.86500167059828,119.89936404758029,116.37984115358383,112.86031825958736,237649000,-3.6897767987037753,-3.4454803291943152,-0.24429646950946005,27.840006510416668,24.38554579887318
2025-02-13,111.80999755859375,114.5999984741211,110.4000015258789,112.0,40911800,44.38266304849588,41.65155069400556,41.26095705967235,116.0879997253418,122.51439971923828,146.09950042724608,112.39780132252145,115.49636493314333,119.70380813356431,116.18238079737102,112.66095346117778,278560800,-3.5470200344577307,-3.4657882702469984,-0.0812317642107323,38.09179790974329,30.155043205157472
2025-02-14,113.0999984741211,114.62999725341797,111.69999694824219,112.6500015258789,32477200,50.76228453915115,43.9804270230814,42.6097079210308,115.82099952697754,121.93519973754883,145.8640004348755,112.53824075284138,115.27851343686858,119.41015733991351,115.89015851702008,112.37015969412667,311038000,-3.291845630069531,-3.4309997422115055,0.13915411214197437,47.3457483372958,37.759184252485234
2025-02-18,114.27999877929688,115.55000305175781,113.44999694824219,114.05000305175781,31720300,56.2684914605959,46.09969142945166,43.842833514964035,115.46199951171874,121.38119979858398,145.64350040435792,112.88659235813248,115.18773937708934,119.14476097954643,115.65999978686135,112.17523859417626,342758300,-2.960277674878782,-3.336855328744961,0.37657765386617914,55.81059839837473,47.0827148818046
2025-02-19,114.69000244140625,116.11000061035156,113.13999938964844,114.25,28807700,58.21673767692056,46.85204537901228,44.27775240778876,115.08249969482422,120.79519973754883,145.49560039520264,113.24727437478724,115.14249056475451,118.85158672030009,115.32968236529639,111.80777801029265,371566000,-2.6340600084513284,-3.1962962646862345,0.5622362562349061,58.751800624362396,53.96938245334429
2025-02-20,114.16999816894531,116.55000305175781,113.11000061035156,115.01000213623047,27219600,54.52010348403546,45.97552600502699,43.827686655555006,114.60349960327149,120.25139968872071,145.3356503677368,113.43181913361886,115.05408216513548,118.51999967060391,114.9595236399817,111.39904760935949,344346400,-2.3899404110939173,-3.0350250939677714,0.6450846828738541,57.45317637161956,57.33852513145221
2025-02-21,110.83999633789062,115.76000213623047,110.43000030517578,114.8499984741211,41353700,36.64102773558705,40.72164189581758,41.035208652771594,113.99349937438964,119.6963996887207,145.1368503189087,112.91345457447322,114.67098345356777,118.0515870593843,114.41539655412946,110.77920604887463,302992700,-2.4370840018399775,-2.9154368755422126,0.4783528737022351,32.50933958010322,49.571438858695046
2025-02-24,108.11000061035156,111.5999984741211,107.9800033569336,111.48999786376953,29072200,27.703431976388245,36.989685198974605,38.910354850231876,113.25699958801269,119.24119979858398,144.89850032806396,111.9527637816489,114.07453046782085,117.44730110773963,113.7853966364785,110.12349216521731,273920500,-2.664024263432296,-2.8651543531202295,0.20113008968793356,12.05993104398132,34.00748233190135
2025-02-25,103.95999908447266,108.63999938964844,103.62000274658203,107.88999938964844,39169200,19.172461067624468,32.16406421548932,35.951769369035986,112.70449943542481,118.76559982299804,144.6461503601074,110.35421084221366,113.15502761478919,116.6838090684679,112.92666650196864,109.16952393546937,234751300,-3.142521464596882,-2.92062777541556,-0.22189368918132235,2.629515312188562,15.732928645424352
2025-02-26,104.73999786376953,105.80000305175781,103.98999786376953,104.94999694824219,29178200,24.421616112062864,33.909257581818125,36.894605545100084,112.23299942016601,118.25739990234375,144.40175037384034,109.23136824652485,112.39002491015103,116.02079336983817,112.42888859340123,108.83698381696429,263929500,-3.419378098903323,-3.0203778401131127,-0.39900025879021017,8.66198832755769,7.7838115612425085
2025-02-27,99.51000213623047,105.76000213623047,99.5,105.08000183105469,47263700,16.040059568265548,28.596822796117095,33.44353495112979,111.34099960327148,117.63559982299805,144.13735038757324,107.28709502446598,111.21911374888552,115.5553965492854,111.81777760339162,108.08015865749783,216665800,-4.014528931979541,-3.219208058486399,-0.7953208734931421,0.058663545103808966,3.7833890616166705
2025-02-28,99.86000061035156,101.80000305175781,98.69000244140625,99.55999755859375,45194600,18.29202030488881,29.394020997030765,33.876266253962726,110.39099960327148,117.0945997619629,143.87705039978027,105.8016761416431,110.18646709992788,114.73269847082713,111.01650795104013,107.30031743125309,261860400,-4.4071454735540385,-3.456795541499927,-0.9503499320541113,6.5509413715651705,5.090531081408874
2025-03-03,98.2300033569336,102.33999633789062,97.08999633789062,101.5199966430664,38958000,15.90754026522886,27.83536220048464,32.8367898507242,109.50499992370605,116.52539978027343,143.61540042877198,104.2873415847012,109.09951585056476,113.89095209515285,110.08428567553322,106.27761925591365,222902400,-4.794555416957095,-3.724347516591361,-1.0702079003657343,5.8582046543211135,4.155936523663348
2025-03-04,100.75,103.18000030517578,95.88999938964844,96.0,54156900,32.28392793884488,33.68961382319458,36.01035238797422,108.82900009155273,116.0399998474121,143.35335041046142,103.57987326776097,108.34046895505887,113.22619035508896,109.27428569490948,105.32238103472996,277059300,-4.842417544484604,-3.94796152217001,-0.8944560223145941,23.523716112717082,11.977620712867774
2025-03-05,101.66999816894531,101.83999633789062,98.87000274658203,100.36000061035156,27855500,37.607031893417485,35.73919349390215,37.14393957586265,107.9375,115.64519973754882,143.06335041046142,103.19789824799784,107.73406251995763,112.62841215587798,108.63888876778739,104.6493653796968,304914800,-4.751341949503569,-4.108637607636722,-0.642704341866847,27.976755831352744,19.119558866130294
2025-03-06,98.8499984741211,101.08000183105469,98.2699966430664,99.05000305175781,28985000,29.172060123309905,32.430312395312455,35.14858400667062,107.27949981689453,115.24459976196289,142.7445004272461,102.3283182932225,106.92642033397249,111.63333311535064,107.7509522210984,103.86857132684617,275929800,-4.8507973199801455,-4.257069550105407,-0.5937277698747385,14.327195352347976,21.942555765472587
2025-03-07,100.30999755859375,100.6500015258789,96.38999938964844,98.87999725341797,33254400,37.83464952344889,35.74709775896791,36.98095262187847,106.78699951171875,114.86659973144532,142.42370040893556,101.92465414629676,106.3249273543926,111.04222228035094,107.22317444332062,103.40412660629029,309184200,-4.7569712893132134,-4.357049897946968,-0.39992139136624516,21.393985408877867,21.23264553085951
2025-03-10,96.62999725341797,101.29000091552734,95.83000183105469,98.56999969482422,38733200,27.617942183132755,31.544062473331152,34.41833578530408,106.24049949645996,114.30719970703124,142.07520038604736,100.86572276772101,105.44357007248581,110.53063492547898,106.62015860421317,102.70968228294736,270451000,-4.9228116453082436,-4.470202247419223,-0.4526093978890202,3.8609815406957475,13.194054100640514
2025-03-11,96.76000213623047,98.16000366210938,94.7300033569336,96.79000091552734,34078300,28.4371646095816,31.84891619946592,34.585750992746426,105.5544994354248,113.71659973144531,141.73570037841796,100.04457864142292,104.6541548055535,109.99539717416916,106.07063499329581,102.1458728124225,304529300,-4.986272370660529,-4.573416272067485,-0.4128560985930445,9.303385919745901,11.51945095643982
2025-03-12,100.79000091552734,101.72000122070312,98.16999816894531,99.05000305175781,34241300,49.63962837083363,40.66934081085119,39.583967661080784,105.03899955749512,113.23119979858399,141.4120503616333,100.19366309624381,104.3028680882784,109.54380992102244,105.6047618805416,101.66571384006076,338770600,-4.657687311312742,-4.590270479916537,-0.06741683139620491,28.815967238949895,13.993444899797163
2025-03-13,98.11000061035156,100.06999969482422,97.2699966430664,99.72000122070312,28575200,40.14741393122006,37.21947952124025,37.58724259579375,104.35849952697754,112.6895997619629,141.10045040130615,99.77693059906537,103.7398801357396,108.88269902789405,105.00698404463509,101.13126906137619,310195400,-4.56095901495668,-4.584408186924566,0.02344917196788643,20.035555611835107,19.38496959017695
2025-03-14,100.97000122070312,101.22000122070312,99.58000183105469,99.63999938964844,24715300,51.92096103930628,42.79615868234315,40.91254153767583,103.81649971008301,112.26019973754883,140.77350040435792,100.01554472339292,103.48807296164537,108.33873094831195,104.51730165027436,100.69587235223679,334910700,-4.205049799436495,-4.5085365094269525,0.3034867099904579,44.85981052110809,31.237111123964343
2025-03-17,104.58999633789062,106.1500015258789,102.5999984741211,102.5999984741211,43689500,62.98130465872483,48.97440688237401,44.80399619085896,103.39099960327148,111.9361996459961,140.4384003829956,100.93043504629247,103.5882478140313,107.93523915608723,104.14476194835845,100.35428474062965,378600200,-3.5895082132625618,-4.324730850194074,0.7352226369315122,86.33970719688517,50.41169110994277
2025-03-18,103.51000213623047,104.55000305175781,102.97000122070312,103.8499984741211,27152800,58.18895920878707,47.33195475058524,43.90217325259718,102.85249977111816,111.59379974365234,140.1302503967285,101.44634846428008,103.58113457059486,107.42016008165149,103.6939685155475,99.9677769494435,351447400,-3.1524935938768266,-4.090283398930625,0.9377898050537983,76.88266363450518,69.36072711749947
2025-03-19,106.2300033569336,107.9000015258789,101.95999908447266,104.41999816894531,32287500,66.00636990502424,51.7232618846245,46.725596288302356,102.42949981689453,111.21099975585938,139.8276504135132,102.40307944281079,103.82194082389839,107.17142983088418,103.26238129630921,99.35333276173424,383734900,-2.557197215283466,-3.7836661622011936,1.2264689469177275,87.31967804761624,83.51401629300217
2025-03-20,107.13999938964844,108.26000213623047,105.12000274658203,105.12000274658203,26871800,68.3798598021477,53.13120618367695,47.6472024420187,102.07799987792968,110.76279968261719,139.528850440979,103.35046343217833,104.12358251169385,106.80777897910468,102.89063529362754,98.97349160815041,410606700,-1.9890627939435177,-3.424745488549658,1.4356826946061405,91.72207799238076,85.30813989150072
2025-03-21,106.44000244140625,107.25,104.33000183105469,105.33000183105469,30767900,64.23957339196261,51.87786029355302,46.99343132717062,101.85800018310547,110.34499969482422,139.24330043792725,103.96837123402392,104.33416614166771,106.3733343699622,102.48095279269748,98.58857121543278,379838800,-1.577116063192861,-3.055219603478299,1.4781035402854381,86.54841198057521,88.53005600685738
2025-03-24,113.8499984741211,114.8499984741211,109.4000015258789,109.7300033569336,53342000,79.7865450091068,62.07638786347446,53.981368692749506,102.14500007629394,110.18519973754883,139.01260040283202,105.94469668204336,105.19924180825437,106.39603254530164,102.49793691483757,98.59984128437344,433180800,-0.6452821483061797,-2.573232112443875,1.9279499641376954,95.02981986737288,91.1001032801096
2025-03-25,114.80999755859375,114.94999694824219,112.70999908447266,113.2699966430664,29077500,81.06626098170334,63.165529845276154,54.78864979812815,102.6875,110.16059967041015,138.75580039978027,107.71775685735344,106.07294687646704,106.56492142450242,102.73253994896298,98.90015847342355,462258300,0.1687219244923739,-2.024841305056625,2.193563229548999,99.30761902066767,93.62861695620524
2025-03-26,110.19000244140625,115.9000015258789,108.68000030517578,114.11000061035156,39824000,59.36242069383655,54.98183521880139,50.34515547732747,102.96000022888184,110.0179997253418,138.47285041809081,108.21220597416401,106.44722465509788,106.96412804013207,103.02698444184803,99.08984084356399,422434300,0.4360050271715181,-1.5326720386109967,1.9686770657825148,73.0278716185778,89.12177016887277
2025-03-27,106.6500015258789,107.62000274658203,105.55000305175781,106.11000061035156,32773700,47.63579714792417,49.67148728355355,47.27385661985812,103.31700019836425,109.82919982910157,138.1667504501343,107.899765084507,106.46565891607797,107.06047712053571,103.11095283144996,99.1614285423642,389660600,0.3580529117678424,-1.154527048535229,1.5125799603030714,56.30608974936518,76.21386012953687
2025-03-28,103.22000122070312,106.51000213623047,102.4800033569336,105.52999877929688,31069100,38.73819816839915,45.12385436242207,44.52254183478535,103.48500022888183,109.49439987182618,137.88115047454835,106.96381231174622,106.17059912558935,107.07238176133899,103.22904810829766,99.38571445525639,358591500,0.01928068405273109,-0.9197655020176371,0.9390461860703682,40.10391402028403,56.479291796075664
2025-03-31,102.73999786376953,102.81999969482422,98.80000305175781,100.23999786376953,30865300,37.56005788540199,44.50971372123525,44.14664194905457,103.71049995422364,109.18039978027343,137.60005043029784,106.1190494221509,105.85872628360573,107.17936561221168,103.2926988147554,99.40603201729911,327726200,-0.28464974145155963,-0.7927423499044216,0.508092608452862,29.361244160218064,41.92374930995574
2025-04-01,102.77999877929688,102.83000183105469,100.93000030517578,102.16000366210938,23523200,37.749382966936174,44.5774090674918,44.187695715596405,103.81199989318847,108.80679977416992,137.31275039672852,105.4512392935801,105.57884196503221,107.16079433380611,103.43365127321275,99.70650821261935,351249400,-0.5163370417738093,-0.7374612882782993,0.22112424650448992,29.575956479291296,33.01370488659778
2025-04-02,102.95999908447266,104.19000244140625,100.76000213623047,101.5199966430664,20794000,38.7521977473566,44.90313827631493,44.38002392224168,103.87649993896484,108.42039978027344,137.02805042266846,104.95299125175862,105.3407653395268,107.1053975423177,103.56206403459821,100.01873052687873,372043400,-0.6776152493994374,-0.7254920805025269,0.04787683110308949,24.327464350423924,27.754888329977742
2025-04-03,93.80000305175781,99.44999694824219,93.63999938964844,97.79000091552734,50472500,19.534917189285252,33.96376513525831,37.50426171228516,103.62400016784667,107.82139984130859,136.69890041351317,102.72239361175846,104.2916051315478,106.99476284450955,103.3161910526336,99.6376192607577,321570900,-1.5269626426058949,-0.8857861929232005,-0.6411764496826944,0.718794459812528,18.20740509650923
2025-04-04,85.76000213623047,91.08000183105469,83.66999816894531,90.0999984741211,65847000,12.832322913215833,27.606473079631712,32.836053303730765,102.89650039672851,107.07579986572266,136.3357004547119,99.32991531665287,102.60691395015532,106.6155565049913,102.71793716672867,98.82031782846603,255723900,-2.816372067666066,-1.2719033678717735,-1.5444686997942925,6.484653272105653,10.510304027447349
2025-04-07,83.63999938964844,89.0,77.75,80.68000030517578,70515400,11.575608076565004,26.213184347191145,31.746736546645437,102.24700050354004,106.29179992675782,135.9807504272461,96.19193213125199,100.88264899010923,106.20301673525856,101.97254035586403,97.7420639764695,185208500,-3.9636147472249803,-1.810245643742415,-2.1533691034825653,15.439054139101355,7.54750062367316
2025-04-08,78.20999908447266,88.93000030517578,76.4800033569336,86.1500015258789,69910200,8.89742398770619,23.009915846772245,29.156676479667794,101.31950035095215,105.55579986572266,135.56290042877197,92.59554552189613,98.82149899868772,105.74015953427269,101.17682611374627,96.61349269321987,115298300,-5.250444623107384,-2.498285439615409,-2.752159183491975,4.388624576096343,8.770777329101099
2025-04-09,96.83999633789062,97.91000366210938,78.87000274658203,79.22000122070312,97827400,53.34190280700225,46.95877110173864,45.19471581295033,101.12200012207032,105.20919982910156,135.24095043182373,93.44443568509503,98.6413623931607,106.22904835050068,100.9223815675766,95.61571478465247,213125700,-4.712656914502077,-2.941159734592743,-1.7714971799093338,51.648893776449825,23.825524163882488
2025-04-10,88.69999694824219,92.94999694824219,85.05999755859375,91.0,65210600,42.476841046179146,40.96308501682405,40.959074121460105,100.65149993896485,104.63619979858399,134.88320041656493,92.49554793772447,97.73760189816812,105.8965083530971,100.38317507789249,94.86984180268789,147915100,-4.886952456911416,-3.3303182790564776,-1.5566341778549386,30.999477825788905,29.012332059445004
2025-04-11,93.4000015258789,94.76000213623047,90.5,90.51000213623047,57892600,49.59104834547259,45.3054359673241,44.12036307646016,100.27299995422364,104.12699981689452,134.54895042419435,92.67643865535535,97.34327459159638,105.69952428908576,100.11666724795387,94.53381020682198,205807700,-4.592887887569816,-3.5828322007591455,-1.0100556868106705,42.922371777974156,41.856914460070946
2025-04-14,94.5,97.37000274658203,93.44999694824219,97.11000061035156,36003000,51.28319362321088,46.30094767502241,44.84298436433369,99.7685001373291,103.69799987792969,134.23375045776368,93.0411509242843,97.08479508326944,105.54698483906097,99.85555606418185,94.16412728930275,241810700,-4.222405649978342,-3.710746890602985,-0.5116587593753565,45.71282973133769,39.87822644503357
2025-04-15,95.29000091552734,96.8499984741211,94.62000274658203,94.66000366210938,28116500,52.65293875888301,47.046396647145144,45.37338269793647,99.35750007629395,103.31839996337891,133.9128504562378,93.49092092253292,96.92163197711106,105.06222267756385,99.43365139431424,93.80508011106461,269927200,-3.821003189658299,-3.7327981504140477,-0.08820503924425127,60.40461762130468,49.679939710205495
2025-04-16,88.29000091552734,90.47000122070312,85.30000305175781,87.61000061035156,62109000,40.53469772179514,41.54329687384731,41.662146202447325,98.46049995422364,102.69419998168945,133.5432504272461,92.4507369211318,96.13693824423981,104.4876193091983,98.68809581938244,92.88857232956659,207818200,-4.021374445080966,-3.7905134093474313,-0.23086103573353434,39.32733279608302,48.48159338290844
2025-04-17,87.5,89.02999877929688,86.5199966430664,88.83999633789062,34801400,39.309447715159166,40.96097177319196,41.26392650947679,97.4784999847412,102.20399993896484,133.19230041503906,91.46058953690545,95.351762040218,103.48238106379434,97.846190921844,92.21000077989366,173016800,-4.195552858458953,-3.8715212991697356,-0.32403155928921734,39.76902564836777,46.50032535525181
2025-04-21,85.55999755859375,86.13999938964844,83.75,86.0199966430664,33855400,36.09435848848259,39.496820164178,40.27559443325015,96.43449974060059,101.71199981689453,132.79855041503907,90.28047114124311,94.46160163279762,102.41380951896545,96.81333366272942,91.21285780649337,139161400,-4.438962888671156,-3.9850096170700198,-0.4539532716011365,32.767933964848616,37.28809746976645
2025-04-22,86.26000213623047,87.16999816894531,85.16999816894531,86.12000274658203,35236700,38.28011142726435,40.32569029282945,40.810382406809424,95.05499992370605,101.28599990844727,132.41035045623778,89.47637734024059,93.71600167856424,101.42682538713727,95.87015896751767,90.31349254789806,174398100,-4.523241460123714,-4.092655985680759,-0.4305854744429549,35.29411440788215,35.943691340366165
2025-04-23,90.38999938964844,93.73999786376953,90.12000274658203,91.87999725341797,41102600,50.31221670219726,45.10408360316476,43.90838501172457,93.8340000152588,100.88419982910156,132.00280048370362,89.65910175012216,93.41363783411734,100.32619040352958,94.85666692824591,89.38714345296223,215500700,-4.208266298338117,-4.115778048212231,-0.09248825012588568,60.55724820915109,42.873098860627266
2025-04-24,94.47000122070312,94.75,90.37000274658203,91.58999633789062,33681900,59.63966923764473,49.41355432265338,46.78502716154107,93.04799995422363,100.55159988403321,131.5817004776001,90.62128164423837,93.5096708692615,99.4300000629728,93.8585718548487,88.28714364672463,249182600,-3.5880632044522827,-4.010235079460242,0.42217187500795905,83.94772565366964,59.9330294235676
2025-04-25,96.6500015258789,97.0999984741211,92.8499984741211,93.27999877929688,28575300,63.97564710171056,51.59986245670038,48.26705529032232,92.54799995422363,100.25019989013671,131.1794504547119,91.82702562056649,93.79515547440853,98.52396816677518,93.0939685882084,87.66396900964162,277757900,-2.887356332140797,-3.7856593299963532,0.8983029978555561,94.12038208918666,79.54178531733578
2025-04-28,96.38999938964844,97.48999786376953,94.2699966430664,95.58000183105469,30456700,63.00687442007479,51.31500563079961,48.10002569566132,92.2064998626709,99.94179992675781,130.74160041809083,92.73962037438288,94.03105037579397,98.07603151836094,92.59126996237134,87.10650840638175,247301200,-2.326206031856543,-3.4937686703683917,1.1675626385118485,92.9071196882166,90.3250758103576
2025-04-29,96.05999755859375,97.18000030517578,95.33000183105469,95.76000213623047,20700600,61.586466251273016,50.9306955199322,47.88016739243788,91.87249984741212,99.60099990844726,130.31220039367676,93.40369581122505,94.21550011968485,97.59698377336774,92.21603175571987,86.83507973807198,226600600,-1.8863738226369975,-3.172289700822113,1.2859158781851154,90.28358185630694,92.43702787790339
2025-04-30,97.3499984741211,97.55000305175781,91.87000274658203,92.80999755859375,29730700,65.26019828663448,52.43046559080961,48.83591149996815,91.60099983215332,99.26239990234374,129.8909003829956,94.19295634380427,94.50045451554269,97.3968252757239,91.93682546464224,86.47682565356058,256331300,-1.4173727444014048,-2.821306309537971,1.4039335651365663,98.55069178690331,93.91379777714228
2025-05-01,96.6500015258789,100.0999984741211,96.44999694824219,99.2699966430664,29591500,61.43439882614754,51.510438035340755,48.33311220412933,91.28549995422364,98.9015998840332,129.47500038146973,94.6843653802192,94.69586788011871,97.26841251433841,91.72507936992344,86.18174622550843,226739800,-1.089609573627584,-2.474966962355894,1.38535738872831,78.89909926473162,89.24445763598061
2025-05-02,98.80000305175781,99.87999725341797,98.30000305175781,98.4000015258789,29957900,68.28673468218943,54.170487213399056,49.98655771111366,91.53549995422364,98.59419998168946,129.08125038146972,95.50749291452694,95.06897107754045,97.00682491726346,91.5515873015873,86.09634968591115,256697700,-0.6488877702602878,-2.1097511239367726,1.4608633536764848,92.0489569193482,89.83291599032769
2025-05-05,100.58999633789062,102.05000305175781,98.76000213623047,99.0,41268900,73.06760899339325,56.31896865217965,51.341904647284466,92.27699966430664,98.38919998168946,128.78705039978027,96.52399359919968,95.57088246484501,97.11714257134332,91.78190479581318,86.44666702028306,297966600,-0.15340669043474975,-1.7184822372363682,1.5650755468016184,92.02182256616102,87.65662625008025
2025-05-06,98.62000274658203,100.06999969482422,97.44000244140625,98.41000366210938,54264300,60.93561419085675,53.35444404646367,49.789447555755174,93.02599983215332,98.19940002441406,128.50130039215088,96.94319542867615,95.8480752177302,97.45492008754185,92.34730166480655,87.23968324207124,243702300,0.07938847525505821,-1.3589080947380832,1.4382965699931414,81.25683205912738,88.4425371815455
2025-05-07,100.36000061035156,103.41999816894531,96.87999725341797,100.75,86474400,66.78152469276914,55.57858028328389,51.15331383702284,94.13349990844726,98.12740005493164,128.24520038604737,97.62655646501125,96.25825025342306,98.02857087150451,93.1452381194584,88.26190536741225,330176700,0.3996763865063997,-1.0071911984891866,1.4068675849955863,84.44332565610084,85.90732676046305
2025-05-08,101.69999694824219,105.44000244140625,101.55999755859375,101.91999816894531,54231400,70.81734731695126,57.26839802859089,52.19869954013,94.37649993896484,98.0666000366211,127.97435039520263,98.44124456165744,96.75295449840661,98.6534917922247,94.17825390043713,89.70301600864956,384408100,0.7529537868170308,-0.6551622014279431,1.4081159882449739,82.75700750487522,82.81905507336779
2025-05-09,102.83999633789062,103.54000091552734,101.5999984741211,102.58999633789062,31704300,74.03753083494757,58.70754076900491,53.091590287893865,95.08349990844727,98.13319992065429,127.7185503768921,99.32099491690408,97.3063219383597,98.38460286458333,94.72365061442058,91.06269836425781,416112400,1.1120975271256128,-0.301710255717232,1.4138077828428448,87.17313490136742,84.79115602078114
2025-05-12,108.12000274658203,110.66999816894531,106.9800033569336,110.41999816894531,50543400,83.90714297811516,64.64639793517347,56.98239821317606,95.81949996948242,98.29839996337891,127.53600036621094,101.08079648283967,98.28938383001628,99.12206316751147,95.66111113533141,92.20015910315135,466655800,1.80200156678292,0.11903210878279841,1.6829694580001215,87.59126038739512,85.84046759787923
2025-05-13,112.45999908447266,113.12999725341797,109.0,109.5999984741211,55659500,88.29580253192655,68.63904569986867,59.844556066394844,96.71749992370606,98.5829998779297,127.40670032501221,103.35663700316628,99.57762158042141,100.00365012032645,96.54888879685174,93.09412747337704,522315300,2.6681995784626054,0.6288656027187598,2.039333975743846,97.0562463503931,90.60688054638518
2025-05-14,117.72000122070312,122.5199966430664,116.58999633789062,119.83000183105469,86743700,91.61963692608262,72.66790007111894,62.96662436968925,97.83899993896485,98.92239990234376,127.2953503036499,106.22930984667366,101.22692882044701,101.23444342234777,97.68396807473803,94.13349272712829,609059000,3.7360392215182117,1.2503003264786503,2.485738895039561,84.33932666161525,89.66227779980113
2025-05-15,114.98999786376953,117.5,114.01000213623047,117.0199966430664,43843200,77.85020551533616,67.79955778746253,60.41776969941323,99.17399978637695,99.18879989624024,127.17155029296875,107.98144745009284,102.4781169152945,102.24269745841858,98.63222200908359,95.02174655974856,565215800,4.312311731375985,1.8627026074581172,2.4496091239178677,75.4322992535389,85.60929075518239
2025-05-16,117.16999816894531,118.23999786376953,116.01000213623047,118.06999969482422,43419700,80.63851358601153,69.55364758080624,61.711666545757055,100.65749969482422,99.55519989013672,127.06520027160644,109.81915759386334,103.81374248380823,103.48936389741444,100.01888856433686,96.5484132312593,608635500,4.888567292146092,2.4678755443957123,2.42069174775038,82.54486284013664,80.77216291843024
2025-05-19,114.73999786376953,115.52999877929688,114.05999755859375,115.0199966430664,37737400,69.01710402560376,65.28456129545569,59.447100461756335,102.116499710083,99.84379989624023,126.9165002822876,110.80332564784459,104.80703842744107,104.72999875507656,101.30904727511935,97.88809579516216,570898100,5.090493222340584,2.9923990799846867,2.098094142355897,74.61663840595655,77.53126683321068
2025-05-20,113.51000213623047,114.51000213623047,112.08000183105469,114.3499984741211,29030800,63.46180743031858,63.17100054224226,58.31470470187719,103.478999710083,100.18139999389649,126.82135032653808,111.34466094552177,105.59821694642193,106.07555449955046,102.65269821409196,99.22984192863342,541867300,5.092566662634127,3.4124325965145745,1.6801340661195523,65.43922281431891,74.20024135347069
2025-05-21,112.05999755859375,116.0999984741211,111.08999633789062,113.8499984741211,43594600,56.97431790754891,60.67709787127683,56.97706678410166,104.56249961853027,100.48739990234375,126.71915031433106,111.48772826813617,106.18565154752845,107.49904656788661,103.9328568473695,100.36666712685238,498272700,4.920486324333169,3.7140433420782935,1.2064429822548752,59.204370774300244,66.4200773315252
2025-05-22,110.70999908447266,112.63999938964844,110.61000061035156,111.9000015258789,29252000,51.134209251851956,58.36675784495256,55.73272459856677,105.37449951171875,100.68579986572266,126.59860027313232,111.33218243140348,106.59695586906884,108.37111021980408,104.88063461061508,101.39015900142608,469020700,4.6218994422662405,3.895614562115883,0.7262848801503576,53.939165991705266,59.52758652677479
2025-05-23,110.30999755859375,111.0199966430664,107.66999816894531,108.08999633789062,30867300,49.33609940376735,57.66613387538141,55.35822152023385,106.0574993133545,100.9297998046875,126.49925029754638,111.12774545684154,106.9345051135711,109.10634818909661,105.66492014082652,102.22349209255643,438153400,4.303383678556628,3.977168385404032,0.3262152931525959,52.37909760090648,55.17421145563731
2025-05-27,114.55999755859375,115.4000015258789,112.2699966430664,113.18000030517578,37885000,65.01947458220441,62.778534250895966,58.458892104187576,106.96599922180175,101.20159973144531,126.42870029449463,111.81419587719198,107.62773169948225,109.93603091769748,106.54793597024586,103.15984102279423,476038400,4.3438242206239295,4.050499552448012,0.2933246681759174,68.95476102200563,58.42434153820577
2025-05-28,112.86000061035156,114.94999694824219,112.66000366210938,114.91999816894531,27483700,56.608218519888474,59.6742071343237,56.80885192184813,107.80599937438964,101.36699981689453,126.3114002609253,112.02335682382389,108.10339250956127,110.72222113230873,107.37841227697947,104.03460342165023,448554700,4.190393843516333,4.078478410661677,0.11191543285465588,53.91223065524344,58.4153630927185
2025-05-29,113.02999877929688,115.54000091552734,112.12999725341797,115.48999786376953,30501400,57.271521840683874,59.88781312673006,56.9359269750662,108.58999938964844,101.55739974975586,126.20520023345948,112.2246852149185,108.55126580680997,111.62396736750527,108.20587255084327,104.78777773418125,479056100,4.035992190102704,4.069981166549882,-0.03398897644717813,54.63671752200745,59.16790306641882
2025-05-30,110.7300033569336,112.11000061035156,108.62000274658203,111.58000183105469,36088500,45.88398502055764,55.59691116162789,54.661183309833234,109.29399948120117,101.64739974975586,126.07500022888183,111.92574884332151,108.7493328568212,112.22904665507966,108.91523766896083,105.60142868284194,442967600,3.685552602423698,3.9930954537246452,-0.3075428513009473,24.131284556900873,44.22674424471723
2025-06-02,114.62999725341797,114.86000061035156,111.01000213623047,111.05999755859375,34078400,61.471870269454485,60.734328066382574,57.65992980289224,110.08549919128419,101.79719970703125,125.94250019073486,112.46659852534081,109.28393871105726,112.98936401851593,109.66603136819508,106.34269871787421,477046000,3.6801016966691122,3.9304967023135386,-0.2503950056444264,46.86868551940769,41.87889586610532
2025-06-03,117.30999755859375,117.68000030517578,113.27999877929688,114.5,37161500,68.8668449097866,63.83118739932778,59.580526996952266,110.92149925231934,102.014599609375,125.82530017852783,113.43527833199141,110.01358042446967,113.93777695913165,110.48015824575272,107.02253953237381,514207500,3.847681761272355,3.913933714105302,-0.06625195283294705,64.91582747599566,45.305265850768045
2025-06-04,118.58000183105469,119.30000305175781,115.7300033569336,117.41000366210938,31025000,71.93053276934143,65.23064610361982,60.468907516420416,111.91949920654297,102.10919967651367,125.68140018463134,114.46422303180407,110.79234600688648,114.77984049963574,111.3088885110522,107.83793652246871,545232500,4.036439340616241,3.9384348394074897,0.09800450120875093,93.8091064624815,68.53120648596159
2025-06-05,115.69000244140625,119.23999786376953,114.70999908447266,118.94999694824219,34091000,56.69548914408402,59.5811231859422,57.46419167811885,112.68599929809571,102.12679977416992,125.51705020904541,114.7093789137245,111.23758750093373,115.7196817549448,112.15825350322422,108.59682525150359,511141500,3.907785762402412,3.932305024006474,-0.024519261604062148,68.9595950584111,75.89484299896272
2025-06-06,116.19000244140625,118.37999725341797,115.87999725341797,117.69000244140625,27042100,58.519501964790756,60.22299617204777,57.84308548746553,113.4104995727539,102.24679977416992,125.32160022735596,115.00550361926085,111.68780704097668,116.31761823381696,112.94857097807385,109.57952372233073,538183600,3.802341668218901,3.9063123528489596,-0.10397068463005876,73.25881939269257,78.67584030452836
2025-06-09,121.7300033569336,122.37000274658203,119.04000091552734,119.18000030517578,55437700,73.41054817381999,66.55965251514274,61.78610653343651,114.35499992370606,102.54839981079101,125.14825027465821,116.3504035667954,112.60073397879094,117.15555475628564,113.81269812205483,110.46984148782398,593621300,4.118334639903864,3.9487168102599406,0.16961782964392347,95.646264011223,79.28822615410887
2025-06-10,123.23999786376953,124.08999633789062,120.80000305175781,121.11000061035156,41691900,76.20452272579327,68.05348464143464,62.778146033947564,115.11099967956542,102.94879974365234,124.97540027618408,117.72832242619023,113.56793978651626,118.17460196358817,114.76746005103702,111.36031813848587,635313200,4.439430294733384,4.046859507154629,0.3925707875787552,94.82339483003919,87.90949274465156
2025-06-11,121.13999938964844,124.47000122070312,119.87999725341797,124.44000244140625,32261900,64.8348841517439,63.785882934810026,60.49478603571762,115.54499969482421,103.31679977416992,124.82260028839111,118.41065781888189,114.25630884134645,118.84793563116165,115.39793613978794,111.94793664841424,603051300,4.472887920442204,4.1320651898121445,0.34082273063005974,80.17856413004482,90.21607432376898
2025-06-12,118.5,122.25,118.02999877929688,120.62000274658203,44718400,52.923089581859095,58.794300257927034,57.734880750663024,115.58399963378906,103.63119979858398,124.64020030975342,118.42852625510552,114.6420989466786,119.23618982708642,115.7819044325087,112.32761903793094,558332900,4.237529836333948,4.1531581191165055,0.08437171721744274,64.46428490333831,79.82208128780742
2025-06-13,116.16000366210938,117.87999725341797,115.05999755859375,116.05000305175781,39702700,44.27167695702638,54.70773475433212,55.39308873059103,115.64249992370605,103.89519989013672,124.47105030059815,117.9748217365063,114.78009028444502,118.96539621504527,115.6592060876271,112.35301596020894,518630200,3.8181751641514694,4.086161528123498,-0.267986363972029,47.570988273836086,64.0712791024064
2025-06-16,126.38999938964844,128.13999938964844,117.77999877929688,118.63999938964844,100968500,69.99978095313848,65.8748842432799,62.36927494502639,116.1034999847412,104.54699981689453,124.35050029754639,119.65785726713473,115.83553656673624,119.70222170390781,116.06888858855716,112.43555547320652,619598700,4.262177001371725,4.121364622773144,0.1408123785985813,91.0348345237979,67.69003590032408
2025-06-17,127.0999984741211,130.6999969482422,126.58000183105469,127.93000030517578,86623900,71.11057683434454,66.49237289608769,62.79150150492871,116.72150001525878,105.37379974365234,124.25420028686523,121.146285508532,116.85957855831667,120.31539626348587,116.59206317719959,112.86873009091332,706222600,4.61810797457774,4.220713293134064,0.39739468144367596,83.6956548029781,74.10049253353732
2025-06-18,126.79000091552734,129.2100067138672,125.7699966430664,128.00999450683594,49627100,69.7573165645455,65.93141224996094,62.47154506941933,117.38549995422363,106.23679977416992,124.16070026397705,122.27502858993108,117.762344227154,121.0034920828683,117.18634905133929,113.36920601981026,656595500,4.819614111594035,4.340493456826058,0.4791206547679767,82.29167998413307,85.67405643696968
2025-06-20,128.24000549316406,132.80999755859375,127.55000305175781,129.0,79931000,72.67598032198342,67.3201995671294,63.38392971834713,118.19450035095215,107.23739990234375,124.0591003036499,123.46802397057769,118.71485888770037,121.90809498136007,117.95619032118054,114.00428566100105,736526500,5.038234793665083,4.480041724193863,0.55819306947122,79.03672924288043,81.67468800999717
2025-06-23,129.5800018310547,133.25,126.81999969482422,130.47000122070312,65152900,75.31757978611108,68.5943150744856,64.22425109598309,119.13800048828125,107.89220001220703,124.02230030059815,124.6904195426731,119.70259915527804,122.77571408710781,118.75619046650235,114.73666684589688,801679400,5.258997317470829,4.635832842849257,0.6231644746215723,81.62244394286473,80.98361772329271
2025-06-24,138.42999267578125,138.7899932861328,132.92999267578125,133.42999267578125,78572000,86.02513685748531,75.41248642964523,69.1178227854482,120.54400024414062,108.88679992675782,124.01010028839111,127.43833416929473,121.40508947532378,124.1674598814949,119.96555522131541,115.7636505611359,880251400,6.07800999105784,4.924268272490973,1.1537417185668666,98.50498049402876,86.38805122659129
2025-06-25,143.39999389648438,144.17999267578125,139.4600067138672,140.94000244140625,74607200,89.18644071720239,78.26610291938856,71.41353039731665,121.98600006103516,109.88679977416992,124.02990024566651,130.63066611473266,123.40462624088383,125.78888787163628,121.52174571203807,117.25460355243985,954858600,7.046888849895112,5.348792387971802,1.6980964619233099,97.35324415025691,92.49355619571678
2025-06-26,143.67999267578125,146.0,141.91000366210938,145.97000122070312,58180100,89.3493240836477,78.41807211206628,71.53814720717307,123.52699966430664,110.87039962768554,124.07655017852784,133.2405314269424,125.24784137132905,127.25301445855037,122.94015842013889,118.62730238172742,1013038700,7.748011632234096,5.828636236824261,1.9193753954098351,92.50159295038083,96.11993919822214
2025-06-27,143.80999755859375,147.75,141.6300048828125,144.17999267578125,61937900,89.4379662566657,78.4932656691799,71.59824657994423,125.06599960327148,111.84079956054687,124.10485019683838,135.35442465327267,126.93531011562584,128.90714154924666,124.41190447126117,119.91666739327567,1074976600,8.219398684464949,6.3067887263524,1.912609958112549,87.94737795303523,92.60073835122431
2025-06-30,141.89999389648438,146.0,141.00999450683594,144.0,42972500,77.99391655281572,74.39237638675948,69.34905218689994,126.62449913024902,112.91299942016602,124.10015018463135,136.663538501915,128.2957359138857,130.38253832620288,125.8120630657862,121.24158780536953,1032004100,8.342685698956586,6.713968120873238,1.6287175780833483,82.1046018151843,87.51785757286676
2025-07-01,136.11000061035156,140.22999572753906,135.1199951171875,138.77000427246094,55257200,53.221435274565216,63.55287315880855,63.06996897778607,127.6984992980957,113.88519943237304,124.03140018463135,136.55283092360233,129.0061236135644,131.72952234177362,127.08190409342448,122.43428584507534,976746900,7.882324941627971,6.947639485024185,0.9346854566037859,64.39278519323442,78.14825498715129
2025-07-02,138.52000427246094,139.77999877929688,135.22000122070312,135.52999877929688,39228000,59.62653239831986,65.7874279006293,64.46986991278223,128.75899963378907,114.94439956665039,123.97015018463135,136.94626559337405,129.87102185528227,132.92237950885107,128.24095178028892,123.5595240517268,1015974900,7.62406737612136,7.0829250632436205,0.5411423128777395,71.76508094765988,72.7541559853595
2025-07-03,137.91000366210938,139.5,137.32000732421875,139.11000061035156,28646000,57.24577006950271,64.70606873573374,63.82960820009174,129.7254997253418,115.97739959716797,123.89815021514893,137.13901320712114,130.60183838317562,133.87158566429503,129.2958726428804,124.72015962146577,987328900,7.286183851595325,7.1235768209139625,0.16260703068136273,69.89906514834959,68.68564376308127
2025-07-07,134.8000030517578,137.44000244140625,133.5,136.55999755859375,37395000,46.00714416966862,59.34981303408881,60.620701740795646,130.68099975585938,116.86559967041016,123.81175022125244,136.67121117604847,130.98348971668307,134.71666511656744,130.12333291674418,125.53000071692088,949933900,6.690335641507318,7.0369285850326335,-0.3465929435253159,56.79013539947274,66.15142716516071
2025-07-08,137.82000732421875,139.14999389648438,135.91000366210938,137.32000732421875,36124600,56.05941115763839,62.58839157153007,62.532917921777695,131.7625,117.73259979248047,123.74675022125244,136.90097040568253,131.60499131736813,135.65904574924048,131.12714252774677,126.59523930625309,986058500,6.38817187879701,6.907177243785509,-0.5190053649884989,54.82260619105487,60.503935579625704
2025-07-09,138.41000366210938,140.64999389648438,137.58999633789062,138.69000244140625,37013100,57.89706250696146,63.20513641225262,62.900860264416295,132.59650001525878,118.56779983520508,123.69735027313233,137.2027770569679,132.2236288032537,136.73650590200273,132.17793613009982,127.61936635819694,1023071600,6.125699443470552,6.750881683722518,-0.6251822402519664,57.50684753674379,56.3731963757571
2025-07-10,144.16000366210938,145.82000732421875,141.85000610351562,143.0,61101500,71.72590292025569,68.63242912339027,66.27529999945442,133.6425003051758,119.52319992065429,123.63445026397704,138.5942223779962,133.3087537904224,137.857299683586,133.26825375027124,128.67920781695653,1084173100,6.308939564585472,6.662493259895109,-0.3535536953096372,82.84760494244783,65.0590195567488
2025-07-11,146.4199981689453,147.39999389648438,141.60000610351562,142.60000610351562,50049200,75.51846574667144,70.47574281912378,67.4903518208719,134.90650024414063,120.53039993286133,123.58680027008057,140.159377536186,134.50068509756085,139.044918484158,134.33634900289866,129.62777952163938,1134222300,6.560891476949195,6.642172903305927,-0.08128142635673274,93.6454762940171,77.99997625773621
2025-07-14,146.24000549316406,147.5800018310547,141.89999389648438,145.08999633789062,44718600,74.56260678156104,70.12231013398214,67.28849653091196,136.29350051879882,121.5082000732422,123.5342502975464,141.37550312758162,135.56789604261567,140.21158539302763,135.45111096094527,130.69063652886285,1089503700,6.669163314756474,6.647570985596037,0.02159232916043763,89.81110822821041,88.76806315489175
2025-07-15,155.61000061035156,158.67999267578125,153.55999755859375,153.75,93370100,85.79464436403002,76.67898574016218,71.86773109140488,138.26600036621093,122.68740005493164,123.52070026397705,144.2224026241356,137.38990554877347,141.98571196056548,137.18238067626953,132.37904939197358,1182873800,7.42545381452635,6.8031475513821,0.6223062631442495,87.80781192052338,90.42146548091694
2025-07-16,160.0800018310547,160.36000061035156,152.85000610351562,155.30999755859375,59492800,88.66089542377131,79.04186864823255,73.70368079607795,139.95050048828125,123.91300003051758,123.51100025177001,147.39392246551944,139.4526415744354,144.18031504797557,139.15365067739336,134.12698630681115,1242366600,8.289949844037153,7.100508009913111,1.1894418341240423,98.95756227500246,92.19216080791205
2025-07-17,160.41000366210938,161.9600067138672,158.67999267578125,161.80999755859375,50605100,88.86002523335269,79.20934608549892,73.8354709015383,141.61600074768066,125.10940017700196,123.47560024261475,149.99713870483743,141.35785630967848,145.56920466347347,140.87968251061818,136.1901603577629,1292971700,8.899114117566654,7.46022923144382,1.4388848861228345,94.55375022451217,93.77304147334598
2025-07-18,156.99000549316406,160.8300018310547,155.80999755859375,159.58999633789062,48859800,72.93186526388607,72.723416496888,70.03267317504188,143.1260009765625,126.27680023193359,123.438800239563,151.39571206250275,142.7789607809044,147.02872903006417,142.29634929838636,137.56396956670852,1244111900,9.002144801383992,7.768612345431855,1.2335324559521368,82.536893716608,92.01606873870752
2025-07-21,157.0,160.33999633789062,156.9199981689453,157.6199951171875,39021100,72.94886966477887,72.73044388677862,70.03738792319584,144.5640007019043,127.40960021972656,123.40340023040771,152.5165696500022,144.07178252809493,148.4958711654421,143.76444438147166,139.03301759750124,1283133000,8.981075584961303,8.011104993337746,0.9699705916235573,82.57201144140835,86.55421846084282
2025-07-22,154.72000122070312,156.22999572753906,149.33999633789062,156.1999969482422,49028000,62.24455508210535,68.40107180161064,67.50446825825983,145.8210006713867,128.47000030517577,123.37825023651124,152.9572559641424,145.03980240924113,149.711426750062,144.90238068595764,140.09333462185327,1234105000,8.680339679900328,8.144951930650263,0.5353877492500647,74.56077376947225,79.88989297582951
2025-07-23,158.64999389648438,159.4499969482422,156.0,156.32000732421875,41510900,71.03564203450117,71.54523765639591,69.49265928500496,146.83200073242188,129.58620025634767,123.37260021209717,154.0958035506108,146.27709254444505,150.90999784923736,146.24285670689173,141.57571556454613,1275615900,8.659302820386102,8.247822108597433,0.41148071178866985,88.36959930944077,81.83412817344043
2025-07-24,162.1199951171875,163.92999267578125,158.36000061035156,159.1199951171875,48440100,76.76731624095389,74.00475339836369,71.12353736044892,147.76800079345702,130.66620010375976,123.36895015716553,155.70064186392614,147.71735641469436,152.07491823226687,147.42158702063185,142.7682558089968,1324056000,8.820948650960844,8.362447417070115,0.45850123389072905,94.05192903633429,85.66076737174906
2025-07-25,166.47000122070312,167.17999267578125,162.36000061035156,163.50999450683594,53432300,82.09684345770617,76.72119430211964,73.01421542261707,148.90750122070312,131.74640014648438,123.34680019378662,157.85451373528153,149.4221423061497,153.1744423518105,148.51634894476996,143.85825553772943,1377488300,9.194079647264687,8.52877386310903,0.665305784155656,97.72947967852595,93.38366934143365
2025-07-28,173.66000366210938,174.6999969482422,168.6699981689453,169.0800018310547,68267800,87.69541021144049,80.37212407066363,75.75707139350176,150.4000015258789,132.8652001953125,123.36025020599365,161.01561172064712,151.62558424760059,154.62301393539187,149.87253945971293,145.12206498403398,1445756100,9.9552043588142,8.814059962250065,1.141144396564135,97.1975390217517,96.32631591220395
2025-07-29,177.44000244140625,182.30999755859375,174.67999267578125,175.2100067138672,108154800,89.72291180045457,81.97285061242293,77.03973459340811,152.177001953125,134.11420028686524,123.3834502029419,164.30048986479895,153.97234953794657,156.3019031343006,151.47952343168714,146.65714372907365,1553910900,10.739615880355956,9.199171145871244,1.540444734484712,88.03734674677752,94.32145514901835
2025-07-30,179.50999450683594,180.3699951171875,173.8000030517578,175.61000061035156,64820300,90.72700151745767,82.80009093872614,77.7147704473881,154.3470016479492,135.36100021362304,123.42590015411378,167.34239079320636,156.29395362602742,158.04015653095547,153.14253937251985,148.24492221408423,1618731200,11.39692209897305,9.638721336491606,1.7582007624814437,93.12207408629033,92.78565328493983
2025-07-31,176.30999755859375,182.5,173.0,182.02000427246094,71765300,76.80629218877021,76.92345246234325,74.18960864603463,156.23650131225585,136.59240020751952,123.48655017852784,169.13591214628386,158.11359398353346,160.15952167813742,155.0528569297185,149.9461921812996,1546965900,11.526755737642674,10.01632821672182,1.510427520920853,84.75369085998672,88.63770389768483
2025-08-01,171.6999969482422,174.39999389648438,166.82000732421875,170.16000366210938,75396100,60.70437864890715,69.29342200128548,69.44527970742948,157.9260009765625,137.75620010375977,123.5056001663208,169.64872910667555,159.3487215257797,161.88110835968502,156.6306346106151,151.38016086154516,1471569800,11.129368873237297,10.238936348024916,0.8904325252123808,67.43063371823885,81.7687995548386
2025-08-04,176.77999877929688,177.86000061035156,173.55999755859375,174.61000061035156,52951000,69.23347881669889,72.52725193472465,71.54183646498396,160.02500076293944,139.05060012817384,123.56315013885498,171.07498304119983,160.93338309428123,163.78317212301585,158.4317454988994,153.08031887478296,1524520800,11.096437785103717,10.410436635440677,0.6860011496630403,82.75029979191726,78.31154145671424
2025-08-05,174.30999755859375,177.99000549316406,171.8000030517578,177.57000732421875,88808500,61.451244828523365,68.73678300412037,69.13061454274452,161.8495002746582,140.32260009765625,123.65150012969971,171.7219859446786,162.1494389546733,165.76904514857702,160.31047566731772,154.85190618605841,1435712300,10.7471448091583,10.477778270184201,0.2693665389740989,75.3015635195341,75.16083234323004
2025-08-06,163.1199951171875,166.17999267578125,157.8000030517578,165.0500030517578,133641800,38.14274461552517,54.77113334280471,59.61435804211152,163.08499984741212,141.3788000488281,123.68645008087158,170.0015877791804,162.23767133308368,167.191902039543,161.48857068258616,155.78523932562933,1302070500,9.458357869041464,10.273894189955655,-0.815536320914191,41.556083406114745,66.53598223918867
2025-08-07,172.39999389648438,175.75,166.6999969482422,166.83999633789062,95448300,55.09357876099047,61.7177294693489,63.92041835060143,164.49699935913085,142.53559997558594,123.767200050354,170.48126900264123,163.16151883884737,169.03587050664993,163.04730079287575,157.05873107910156,1397518800,9.081121760243832,10.03533970401329,-0.9542179437694589,69.5416013627993,62.133082762816024
2025-08-08,172.75999450683594,176.47999572753906,170.52000427246094,174.0399932861328,68866700,55.65921904299973,61.96180053497042,64.0757647252691,165.8139991760254,143.7335998535156,123.85115001678467,170.93701410348018,164.03410753593724,170.5263458736359,164.4430147201296,158.3596835666233,1466385500,8.710795834686905,9.770430930148013,-1.0596350954611076,70.62724843937946,60.5749777360978
2025-08-11,172.27999877929688,178.82000732421875,169.3800048828125,170.0399932861328,70651000,54.55965909274901,61.39971323840663,63.69349141702827,167.11599884033203,144.91859985351562,123.92305004119874,171.20561103864353,164.78373401260632,172.04983883812315,165.79317365373885,159.53650846935454,1395734500,8.283095853951892,9.472963914908789,-1.189868060956897,61.43395765772406,67.20093581996758
2025-08-12,174.9499969482422,175.16000366210938,168.5,173.32000732421875,52243500,59.85364480739169,63.38922685714776,64.91088589548312,168.08299865722657,146.20299972534178,124.02735004425048,171.95448822056326,165.70793973402778,173.41221957736548,167.108887929765,160.80555628216456,1447978000,8.066600328631466,9.191691197653325,-1.125090869021859,69.43318224865158,67.16479611525168
2025-08-13,184.4199981689453,186.64999389648438,179.3800048828125,179.91000366210938,108305100,73.16173915608955,69.41124362762939,68.79120997326928,169.29999847412108,147.59879974365234,124.18490001678467,174.4475902102397,167.4090359553839,174.82571144709513,168.41999913775732,162.01428682841953,1556283100,8.56049595085949,9.065452148294558,-0.5049561974350674,92.27037630777384,74.37917207138314
2025-08-14,180.9499969482422,185.44000244140625,179.55999755859375,179.8300018310547,66308800,63.854477140259576,65.18051541548257,65.99548424878098,170.32699813842774,148.87159973144531,124.32244998931884,175.7480715578402,168.6400324092801,175.90142604282923,169.57333228701637,163.24523853120348,1489974300,8.57308648684122,8.96697901600389,-0.39389252916267026,80.24263862363034,80.6487323933519
2025-08-15,177.50999450683594,180.13999938964844,176.25,180.05999755859375,51543100,55.46109949529479,61.19818191026231,63.32806010762264,171.35299758911134,150.05019958496095,124.42884998321533,176.10045614763936,169.446392599967,176.7693617078993,170.41222103058345,164.0550803532676,1438431200,8.210835726408817,8.815750358084877,-0.6049146316760599,68.31888287645984,80.277299269288
2025-08-18,176.13999938964844,178.8000030517578,174.36000061035156,176.75999450683594,35937500,52.18304376618093,59.63550326317777,62.27998648546784,172.30999755859375,151.2591995239258,124.50994998931884,176.1083647960412,170.05490230811984,177.62539333767361,171.2958717951699,164.96635025266616,1402493700,7.724162890779809,8.597432864623864,-0.8732699738440548,63.5701981210263,70.7105732070388
2025-08-19,166.5500030517578,173.1699981689453,166.10000610351562,173.10000610351562,64455000,34.870345072006145,50.00909533661678,55.55179587365334,172.9014976501465,152.2663995361328,124.51145000457764,174.19669244718455,169.73627510299602,178.3001551552424,171.79682437957277,165.29349360390313,1338038700,6.489827908380818,8.175911873375256,-1.6860839649944381,30.329299052791196,54.07279335009242
2025-08-20,165.1999969482422,166.64999389648438,158.25,164.10000610351562,60233200,33.019765011800615,48.814528522086405,54.68239563392406,173.22899780273437,153.13579940795898,124.59444995880126,172.3973533473961,169.32388617983656,178.8452342199901,172.26999894399492,165.69476366799978,1277805500,5.341105393589714,7.608950577418148,-2.2678451838284337,25.649900328606194,39.84979916747454
2025-08-21,163.7100067138672,165.8800048828125,162.25999450683594,165.86000061035156,37880500,30.85129244705584,47.46685625896124,53.712445464561576,173.30849838256836,153.94519958496093,124.69264995574952,170.65988402069033,168.8135335011121,179.13507637145025,172.55174521794396,165.96841406443764,1239925000,4.261382203548635,6.939436902644246,-2.678054699095611,20.48528782528073,25.48816240222602
2025-08-22,167.75999450683594,168.52999877929688,161.8000030517578,162.1699981689453,43998600,43.05026373435148,51.39486395271697,55.93362987058124,173.372998046875,154.87759948730468,124.82214992523194,170.07990611791948,168.71775722890516,179.40745762416296,172.76888820103235,166.13031877790178,1283923600,3.689958420436483,6.289541206202694,-2.599582785766211,34.523378217635354,26.886188790507404
2025-08-25,163.36000061035156,165.58999633789062,161.72000122070312,165.5500030517578,36134700,35.00035137543999,47.26039855390964,53.042624499546086,172.8579978942871,155.77479949951172,124.93539989471435,168.73592501640593,168.2306884454003,179.27745782761346,172.68412635439918,166.0907948811849,1247788900,2.8492142519488937,5.601475815351934,-2.7522615634030405,19.272094707129003,24.76025358334834
2025-08-26,166.6199951171875,169.77000427246094,164.91000366210938,168.64999389648438,52138600,44.266105419606085,50.4414294671668,54.8502209228277,172.31699752807617,156.78399932861328,125.06019985198975,168.31273903656225,168.08426177919912,178.97206115722656,172.4344438825335,165.8968266078404,1299927500,2.41809841961134,4.964800336203815,-2.5467019165924754,29.471820126776922,27.755764350513743
2025-08-27,167.1300048828125,167.67999267578125,164.64999389648438,166.0399932861328,37031000,45.71876010095947,50.93997532868336,55.13270522676093,171.697998046875,157.59879943847656,125.17034984588624,168.0761922058123,167.99751115225487,178.19793386307973,171.87936449807788,165.560795133076,1336958500,2.093457467663285,4.390531762495709,-2.2970742948324245,31.2676295466097,26.67051479350519
2025-08-28,168.5800018310547,170.99000549316406,166.64999389648438,168.5,36285200,50.15143142572978,52.405903564946506,55.951848984888265,171.31149826049804,158.42839950561523,125.2641498184204,168.1769541308608,168.0504648503276,177.65587143670945,171.44349161783853,165.23111179896762,1373243700,1.9309213505533194,3.8986096801072314,-1.967688329553912,36.373253701063064,32.37090112481655
2025-08-29,162.6300048828125,168.57000732421875,161.89999389648438,166.80999755859375,37516800,35.76850024183349,46.29316079652008,51.88787485092801,170.85799865722657,159.14519958496095,125.33754985809327,167.06756428125115,167.55769576237165,176.9066658625527,170.82904730902777,164.75142875550284,1335726900,1.306929805943014,3.380273705274388,-2.073343899331374,15.422555718769711,27.687812988814144
2025-09-02,162.32000732421875,162.38999938964844,156.6199951171875,158.4199981689453,38656100,35.138458175301736,45.99216118243896,51.683402647814496,170.13499908447267,159.82679962158204,125.41239986419677,166.11805288984468,167.0815422679941,176.31904771592883,170.32761879572794,164.33618987552705,1297070800,0.778424604711546,2.8599038851618195,-2.0814792804502735,18.981060402043447,23.59228994062539
2025-09-03,162.1300048828125,164.75,160.5800018310547,161.80999755859375,30752800,34.689047539760054,45.795617713533645,51.55322683157414,169.5259994506836,160.4777996826172,125.50489986419677,165.32044328843824,166.63140250570487,175.66619049556672,169.68095228407117,163.69571407257564,1266318000,0.34032575252669517,2.355988258634795,-2.0156625061080997,19.11869661807716,17.84077091296342
2025-09-04,161.7899932861328,162.0500030517578,157.7899932861328,159.94000244140625,32103500,33.76178682102709,45.421545082567086,51.311439737736514,169.45949935913086,160.94499969482422,125.61734981536866,164.61435328797717,166.19127439483466,174.90015883672805,169.00682503836495,163.11349124000185,1234214500,-0.033915877296578856,1.8780074314485202,-1.911923308745099,21.98128073896122,20.027012586360588
2025-09-05,151.13999938964844,157.13999938964844,150.17999267578125,157.1199951171875,78256000,16.84112275189611,35.6098778696002,44.480128410712474,168.39649963378906,161.0997998046875,125.67884983062744,161.91948250831143,164.82297666709047,174.37793743799605,168.5522218734499,162.72650630890377,1155958500,-1.1763107883899693,1.2671437874808225,-2.443454575870792,3.354319936491045,14.818099097843124
2025-09-08,151.41000366210938,152.63999938964844,149.22000122070312,151.8000030517578,41849000,18.09003307153371,35.98740857216963,44.67535319885154,167.32900009155273,161.25440002441405,125.76139987945557,159.81758673907103,163.60361548481947,173.1323818630642,167.5747617691282,162.0171416751922,1197807500,-2.0364054828862947,0.606433933407399,-2.6428394162936937,9.14406146330213,11.493220712918111
2025-09-09,155.82000732421875,156.66000366210938,151.92999267578125,151.99000549316406,42802500,36.71756705623876,41.97186410109897,47.80903777499575,166.50600051879883,161.49460021972655,125.84584995269775,159.01807085610056,162.89601474294668,172.1952400813027,166.69619048587862,161.1971408904545,1240610000,-2.3352667835013676,0.018093790025645706,-2.3533605735270133,30.316972017615242,14.271784472469454
2025-09-10,159.5399932861328,164.52999877929688,158.0,163.5399932861328,52465300,48.559162979729855,46.514253202729044,50.2920017063138,165.73550033569336,161.84740020751954,125.94659992218017,159.12245534210703,162.59092188323632,171.44698563833086,166.08650764586434,160.72602965339783,1293075300,-2.2460536313690227,-0.43473569425328795,-1.8113179371157346,47.404639596164344,28.955224359027216
2025-09-11,155.6699981689453,160.2100067138672,154.99000549316406,158.6199951171875,48817700,39.36370437908776,42.763863101281615,47.81777905096156,164.29800033569336,162.2386001586914,126.03694988250733,158.4319639074747,161.96174700011895,170.62063647073413,165.32873002309648,160.0368235754588,1244257600,-2.4592787935324623,-0.8396443141091228,-1.6196344794233395,29.62790850896357,35.783173374247696
2025-09-12,158.57000732421875,160.41000366210938,154.9199981689453,157.0,42232800,48.186658147253105,46.26055375964665,49.7543457961427,163.1790008544922,162.63960021972656,126.1423498916626,158.45957259082354,161.65340702958258,169.32079617939297,164.11365085177954,158.90650552416605,1286490400,-2.366969813683937,-1.1451094140240858,-1.2218603996598514,42.94903200980712,39.99386003831166
2025-09-15,161.16000366210938,162.3000030517578,157.60000610351562,160.00999450683594,36808700,55.17651091900744,49.24296552592235,51.43709541587018,162.36150131225585,163.10460021972656,126.25639987945557,158.9996588050807,161.6085521779941,168.23460557725696,163.08365110367063,157.9326966300843,1323299100,-2.061064553928901,-1.3283004420050488,-0.7327641119238522,54.84611896245862,42.474353160409756
2025-09-16,160.4600067138672,161.9499969482422,159.22000122070312,161.3699951171875,27946500,52.86358726733204,48.46018295628951,50.95491537173671,161.5775016784668,163.61780029296875,126.35304988861084,159.291728386838,161.50413895398256,167.3496849423363,162.25396873837425,157.1582525344122,1295352600,-1.8537474881238438,-1.433389851228808,-0.4203576368950359,51.63069952807806,49.80861683344791
2025-09-17,159.16000366210938,161.6300048828125,155.75999450683594,159.27999877929688,41823800,48.347041290622755,46.96696783543994,50.04408206386911,161.20800170898437,164.04460021972656,126.46024990081787,159.26538344189228,161.29103574563044,166.58047897096662,161.4166671510727,156.25285533117872,1253528800,-1.7738982072130796,-1.5014915224256622,-0.27240668478741736,45.65916624086453,50.71199491046705
2025-09-18,157.9199981689453,158.77000427246094,149.85000610351562,150.9600067138672,84549500,44.04019365150238,45.52597923144508,49.16765316176927,160.84400177001953,164.4348001098633,126.56864986419677,158.9963063873029,160.9845777841136,166.04508245558966,160.79317510695685,155.54126775832404,1168979300,-1.7900406822253103,-1.5592013543855918,-0.2308393278397185,44.96121035673224,47.41702537522493
2025-09-19,157.38999938964844,159.83999633789062,155.89999389648438,157.3800048828125,55448100,42.11591333991717,44.892003037532554,48.78587203875998,160.5280014038086,164.69940002441408,126.66969989776611,158.67504498777203,160.65779793007133,165.56333681136843,160.52381000821552,155.4842832050626,1113531200,-1.8245677013699435,-1.6122746237824623,-0.21229307758748117,52.60784810773315,47.742741568443286
2025-09-22,159.7899932861328,162.67999267578125,157.4199981689453,157.4199981689453,46505500,53.22233524966695,48.39640234653671,50.60175121330216,160.12950134277344,164.9667999267578,126.75834987640381,158.89803464744418,160.57890659880417,165.4515896751767,160.33396838960192,155.21634710402716,1160036700,-1.639373485864894,-1.617694396198949,-0.021679089665945117,68.06177009827329,55.21027618757953
2025-09-23,160.89999389648438,163.38999938964844,159.2100067138672,160.52000427246094,39448300,57.724281505528914,49.980691353292414,51.43436664920983,160.0065010070801,165.25999969482422,126.85294986724854,159.29842649725222,160.6080963531387,165.09857371496778,160.10238114614336,155.10618857731893,1199485000,-1.3870489266136588,-1.571565302281891,0.1845163756682322,76.28997085780122,65.65319635460253
2025-09-24,160.8800048828125,165.10000610351562,158.42999267578125,162.97999572753906,38464100,57.60447858303277,49.95095066486653,51.4180503442923,159.71950149536133,165.36539978027344,126.93739986419678,159.6147421743643,160.63281531038177,165.1325429280599,160.00301615397134,154.8734893798828,1161020900,-1.1751464846827844,-1.4922815387620696,0.3171350540792852,73.42569317928495,72.59247804511979
2025-09-25,161.27000427246094,161.6300048828125,154.77999877929688,157.13999938964844,36809900,59.569088005449586,50.56897506142531,51.73038485270877,159.42650146484374,165.38919982910156,127.03694988250733,159.94579459398363,160.69074157966168,164.85238453698537,159.62809559655568,154.403806656126,1197830800,-0.964623007817039,-1.3867498325730636,0.4221268247560246,75.88160797607792,75.19909067105469
2025-09-26,159.4600067138672,162.11000061035156,157.0500030517578,160.52000427246094,30316900,47.34926777879118,47.62940581382006,50.165545404698,158.9705017089844,165.37019989013672,127.1412999343872,159.84863701796036,160.57885659186215,164.6182577950614,159.29730224609375,153.9763466971261,1167513900,-0.9330773766810978,-1.2960153413946705,0.36293796471357265,63.01639744492828,70.77456620009703
2025-09-29,161.36000061035156,164.3000030517578,159.89999389648438,160.1199951171875,39828800,58.16071005561716,50.858682380113656,51.76676122819646,158.90700149536133,165.45759979248047,127.29374996185302,160.15090973643862,160.64986968445209,164.29317825559588,158.96936568002852,153.6455531044612,1207342700,-0.7461623135168054,-1.1860447358190973,0.4398824223022919,75.47537381531762,71.45779307877459
2025-09-30,161.7899932861328,162.27999877929688,159.3300018310547,160.7899932861328,29669300,60.370677927211695,51.58626095258222,52.1306691650726,158.88050079345703,165.55339965820312,127.46399993896485,160.47872644637746,160.75351728460487,163.96206616598462,158.81539723229787,153.66872829861111,1237012000,-0.5569142036987671,-1.0602186293950313,0.5033044256962642,78.29499791880123,72.2622563930157
2025-10-01,164.00999450683594,164.17999267578125,160.49000549316406,160.92999267578125,39895200,70.1417023486452,55.26858949924939,54.00378447392407,158.9745002746582,165.73919952392578,127.6332999420166,161.18498005846916,161.04956066844403,163.9796842544798,158.93206375364275,153.88444325280568,1276907200,-0.2252021775037747,-0.8932153390167801,0.6680131615130054,92.85238297259221,82.207584902237
2025-10-02,169.72999572753906,171.05999755859375,166.1199951171875,168.67999267578125,55475200,83.05756533866186,63.0638869591028,58.3896616692436,159.37150039672852,165.9607995605469,127.82894989013671,162.89398319228314,161.83869112836177,164.32508099268352,159.2407936217293,154.15650625077504,1332382400,0.493548962363235,-0.6158624787407772,1.1094114411040121,93.72936177804891,88.29224755648077
2025-10-03,164.6699981689453,170.67999267578125,163.13999938964844,170.67999267578125,42699100,56.9202648671771,54.08476420235628,53.657854764982496,160.04800033569336,166.01179962158204,128.0177498626709,163.24918618761558,162.0960826775057,164.74888974144346,159.50841267903647,154.26793561662947,1289683300,0.6474020563044007,-0.3632095717317416,1.0106116280361424,69.87269229607098,85.48481234890401
2025-10-06,203.7100067138672,226.7100067138672,203.00999450683594,226.4499969482422,248859600,88.99215739597591,78.96724341019456,71.97611307263743,162.66300048828126,166.7565997314453,128.4028498840332,171.3413502928659,165.8791666808113,168.32333470904638,162.28571452791726,156.24809434678818,1538542900,3.8748671043568947,0.4844057634859857,3.390461340870909,70.07546211637377,77.89250539683121
2025-10-07,211.50999450683594,218.89999389648438,209.27999877929688,214.85000610351562,115748100,90.65937655672799,81.16360265442441,74.11344274414779,165.4474998474121,167.51359954833984,128.83529987335206,179.37507913565994,170.02742375590446,171.57762000674293,165.24476187569755,158.91190374465216,1654291000,6.981571030283192,1.783838816845427,5.197732213437765,80.2237677773527,73.39064072993246
2025-10-08,235.55999755859375,235.8699951171875,210.6999969482422,212.9499969482422,159983500,94.01393008099592,86.01341359835226,79.22176384815955,169.24850006103514,168.6759994506836,129.40604984283448,190.6120628202467,175.98493046523984,176.00682552277095,168.7006346687438,161.39444381471662,1814274500,11.254555021616,3.6779820577995417,7.576572963816458,99.6177117121796,83.30564720196867
2025-10-09,232.88999938964844,240.10000610351562,229.52999877929688,236.3000030517578,94290700,89.72122427114604,83.44475422408523,77.44792300224925,173.1095001220703,169.74359954833983,129.97609985351562,199.06765013412706,181.158118549277,179.69841342502173,172.19984121171257,164.7012689984034,1719983800,14.261086157797166,5.794602877799067,8.4664832799981,91.54945370964523,90.46364439972582
2025-10-10,214.89999389648438,234.22000122070312,213.1999969482422,232.77000427246094,118656600,65.52907171545803,68.58323196512788,66.89675196528307,175.9259994506836,170.51539947509767,130.45454982757568,202.23411888659854,184.22556176265948,183.48968312096974,175.23872980995785,166.98777649894595,1601327200,15.019010841586464,7.639484470556546,7.379526371029918,70.46412324922758,87.21042955701745
2025-10-13,216.4199981689453,224.19000244140625,214.89999389648438,220.1999969482422,63104000,66.44637618865812,69.08423737635233,67.290379133585,178.6889991760254,171.4097994995117,130.9136498260498,205.07129474306788,187.15232870868547,186.55333382742745,178.12142799014137,169.6895221528553,1664431200,15.562923560403021,9.224172288525843,6.338751271877179,72.2456564676729,78.08641114218189
2025-10-14,218.08999633789062,224.97999572753906,215.89999389648438,219.1999969482422,71216300,67.58368045816655,69.6567678669931,67.731111360298,181.57049865722655,172.2359994506836,131.3726498031616,207.67503506203246,189.9648439477041,189.58587331620473,180.94539581783232,172.30491831945994,1735647500,15.944929976823005,10.568323826185274,5.3766061506377305,74.20299123746408,72.30425698478815
2025-10-15,238.60000610351562,239.24000549316406,220.75999450683594,222.7100067138672,108481000,78.38245921723816,75.62667959381045,72.49036782325459,185.54249877929686,173.52179962158203,131.94034984588623,213.8600292703291,194.38622232550517,193.77984231615824,184.38936409117682,174.99888586619542,1844128500,17.698640284645563,11.994387117877332,5.704253166768231,98.19385918737994,81.54750229750563
2025-10-16,234.55999755859375,241.1999969482422,232.24000549316406,236.2899932861328,69726400,72.66096134238967,72.59680483830626,70.35357296439423,189.3744987487793,174.95059967041016,132.48719982147216,218.00002292798206,198.0383837103314,197.60079374767486,188.06317356654577,178.52555338541666,1774402100,18.548656051753227,13.30524090465251,5.243415147100716,91.88958130491636,88.09547724325346
2025-10-17,233.0800018310547,235.3800048828125,227.91000366210938,233.25999450683594,55804200,70.40186655479556,71.46721861903305,69.56819878506651,193.15899887084962,176.16419982910156,133.0403998184204,221.01601870859662,201.22398535766987,201.17984154110863,191.71126883370536,182.2426961263021,1718597900,18.885179787868623,14.421228681295734,4.463951106572889,90.08184243132706,93.38842764120777
2025-10-20,240.55999755859375,242.8800048828125,234.39999389648438,236.47000122070312,56741700,75.09753829484956,73.6949677775414,71.26321804242836,197.19749908447267,177.52019989013672,133.63924980163574,224.92481447859606,204.79998646684476,205.28031824505518,195.5955546545604,185.9107910640656,1775339600,19.530317077473626,15.443046360531312,4.087270716942314,97.1841153763739,93.05184637087241
2025-10-21,238.02999877929688,242.25999450683594,234.02000427246094,239.38999938964844,47122400,70.55438271302535,71.65705870634373,69.88675059961726,201.0539993286133,178.83519989013672,134.22624980926514,227.54585133873624,207.82089667706768,209.14317539760046,199.31650724865142,189.48983909970238,1728217200,19.6113755404684,16.27671219651873,3.3346633439496713,93.9177253957784,93.72789440115976
2025-10-22,230.22999572753906,240.1300048828125,224.8800048828125,236.85000610351562,59668800,57.65122136240439,65.63123158881137,65.79088357179052,204.5214988708496,179.94079986572265,134.7505497741699,228.0826802164968,209.8580874998378,213.03127107166108,202.67745971679688,192.32364836193267,1668548400,18.82916895845264,16.787203548905513,2.041965409547128,84.13593142232992,91.74592406482738
2025-10-23,234.99000549316406,235.89999389648438,228.5399932861328,230.16000366210938,39024400,62.652976669668384,67.43116982895171,67.02389905652645,208.20749893188477,180.95220001220704,135.27774978637694,229.46414527183026,212.14280731741292,216.4771433027964,206.09047541542657,195.70380752805679,1707572800,18.38146749847928,17.106056338820267,1.275411159659015,80.21069140628438,86.08811607479755
2025-10-24,252.9199981689453,253.38999938964844,241.9499969482422,243.36000061035156,71221100,75.65175874534764,73.13793477797753,71.12273185543248,212.88049850463867,182.3916000366211,135.9056997680664,234.15531585125328,215.8498246675522,220.99063497876367,210.38539583720856,199.78015669565352,1778793900,19.25154163932055,17.535153398920325,1.7163882404002244,98.93447922421286,87.76036735094237
2025-10-27,259.6700134277344,260.4200134277344,249.8000030517578,257.8800048828125,65613100,78.96000737738657,74.9196210950579,72.46953535969871,217.7959991455078,184.03480041503906,136.59484985351563,239.25825536654952,219.83347819120513,225.8787311372303,215.00872948056175,204.13872782389322,1844407000,20.25229562627257,18.078581844390776,2.173713781881794,98.49155319506109,92.54557460851943
2025-10-28,258.010009765625,264.5799865722656,257.0,259.1400146484375,47448700,75.91597507037974,73.62627824020538,71.6108454102114,222.60699996948242,185.6722006225586,137.3046998977661,243.00860624636465,223.30407197069783,230.69730147104414,219.67587231832835,208.65444316561258,1796958300,20.673144803958195,18.59749443630426,2.0756503676539353,87.21296587500917,94.87966609809435
2025-10-29,264.3299865722656,267.0799865722656,257.3999938964844,264.19000244140625,49335600,79.5226253844072,75.36961173946105,72.88943472159286,227.6229995727539,187.62780029296874,138.03974983215332,247.27288231154486,227.03370057084035,235.8655548095703,224.52364966982887,213.18174453008743,1846293900,21.27143624337029,19.132282797717465,2.1391534456528234,94.89606434746999,93.53352780584673
2025-10-30,254.83999633789062,263.8800048828125,252.30999755859375,259.9200134277344,45162500,62.62412497353816,68.09122440978805,68.0762795922825,231.87849960327148,189.42060028076173,138.7334998321533,248.78630511681405,229.56154564057218,240.72253999255952,229.0053957984561,217.28825160435267,1801131400,20.74073730975877,19.453973700125726,1.286763609633045,76.54275210342057,86.21726077529989
2025-10-31,256.1199951171875,262.1300048828125,253.41000366210938,259.6000061035156,34449200,63.86688671702365,68.53261995333237,68.37079129006867,236.45099945068358,191.26880004882813,139.4142998123169,250.25304311688876,231.97595013844628,245.10492112901474,233.20777699304003,221.31063285706534,1835580600,20.190694032944265,19.601317766689434,0.5893762662548312,78.58539854722474,83.34140499937175
2025-11-03,259.6499938964844,260.9100036621094,253.88999938964844,259.3299865722656,36351400,67.44876053535847,69.77439379576731,69.19028732001905,239.24799880981445,193.1066000366211,140.12034976959228,252.1324332728079,234.49177229826793,249.46047731429812,237.58809455992682,225.71571180555557,1871932000,19.811250410621,19.643304295475748,0.16794611514525215,83.95942584513841,79.69585883192788
2025-11-04,250.0500030517578,257.3800048828125,247.38999938964844,250.35000610351562,56491800,50.962185201905235,62.54569257226615,64.4430999936948,241.17499923706055,194.84040008544923,140.76329978942871,251.7159472285979,235.90615691222155,250.73444523887025,239.51491994706413,228.2953946552579,1815440200,18.522385050410975,19.41912044646279,-0.8967353960518167,59.644571303773695,74.06313189871226
2025-11-05,256.3299865722656,259.6499938964844,242.80999755859375,243.24000549316406,67366600,58.85668610009869,65.09337029975357,66.03675129344708,242.21349868774413,196.6345999145508,141.43354972839356,252.63875509733148,237.76286869949828,252.9687308659629,241.40539599221853,229.84206111847405,1882806800,17.802476287775164,19.095791614725265,-1.2933153269501005,74.5260552975863,72.71001748216612
2025-11-06,237.6999969482422,253.50999450683594,235.74000549316406,253.47000122070312,66049700,37.41450599068994,53.47308585193394,57.97760651975739,242.45399856567383,198.04599975585938,142.00329971313477,249.65100346751365,237.75715308574772,253.32777816530256,242.11682467990454,230.90587119450643,1816757100,15.549414964844658,18.386516284749145,-2.8371013199044874,30.379141298617522,54.849922633325825
2025-11-07,233.5399932861328,235.8699951171875,224.63999938964844,230.94000244140625,52162600,34.0869622039571,51.272053161229934,56.37159075810069,243.38599853515626,199.34519958496094,142.55579967498778,246.4288014312375,237.37377492214637,253.22476147848465,241.98237997388082,230.73999846927705,1764594500,13.27514252551606,17.36424153290253,-4.089099007386469,20.970774232772825,41.9586569429922
2025-11-10,243.97999572753906,248.89999389648438,240.5,242.13999938964844,43361600,48.01145943170366,56.15015516301312,59.32757192658552,244.76399841308594,200.97219940185548,143.16149967193604,245.93904029049781,237.97434044990933,253.75174507262216,243.11031644306482,232.4688878135076,1807956100,12.174842176347852,16.326361661591594,-4.1515194852437425,45.570221910462806,32.3067124806177
2025-11-11,237.52000427246094,248.4600067138672,234.63999938964844,241.66000366210938,61336800,41.50141841800979,52.638648313380386,56.83644591706464,245.73549880981446,202.4761993408203,143.77404968261717,244.25523308689043,237.93303716105038,255.00095161559088,244.14380875844805,233.28666590130516,1746619300,10.658711904356835,15.192831710144644,-4.5341198057878085,30.3487482863519,32.296581476529155
2025-11-12,258.8900146484375,263.510009765625,250.0,253.1300048828125,108942000,61.97096300661052,61.267866533146375,62.30971156476489,246.74999923706054,204.41139953613282,144.49764976501464,247.18218939919984,239.838216932631,257.0123811752077,245.9442855592758,234.87618994334383,1855561300,11.054123921771065,14.365090152469929,-3.310966230698863,80.70222809307865,52.2070660966311
2025-11-13,247.9600067138672,259.6300048828125,246.05999755859375,251.89999389648438,63178600,51.0148511262304,55.67998838936364,58.35317895152582,247.4199996948242,206.1347998046875,145.15069980621337,247.33775286213333,240.57656145819794,257.65238104926215,246.8180951315259,235.98380921378967,1792382700,10.366037274858968,13.565279576947738,-3.19924230208877,54.948195964041886,55.333057447824125
2025-11-14,246.80999755859375,253.44000244140625,235.0800018310547,240.11000061035156,47655600,49.90096893974964,55.11046216518822,57.948429142531374,248.10649948120118,208.0481997680664,145.7904497909546,247.23220180142542,241.14323746732484,258.53381008572046,247.2519046843998,235.9699992830791,1744727100,9.617067949081417,12.775637251374475,-3.158569302293058,52.23846575058776,62.629629935902734
2025-11-17,240.52000427246094,248.77000427246094,237.14999389648438,242.75,37942200,43.64610007174058,51.978803392495514,55.73775053427498,248.10449981689453,209.83039978027344,146.41329982757568,245.88976229563255,241.0865799041554,259.20873103066094,247.72920614575582,236.24968126085068,1706784900,8.418906557637342,11.90429111262705,-3.4853845549897073,37.41755343723742,48.20140505062233
2025-11-18,230.2899932861328,238.0,224.7100067138672,236.77999877929688,45619900,35.067424156616,47.273686136229436,52.342517252514256,247.71749954223634,211.31979949951173,146.993399810791,242.76980849373263,240.1050720297897,259.04349215068515,247.33492048959883,235.6263488285125,1661165000,6.568164915201834,10.837065873142008,-4.268900957940174,14.39855531485247,34.68485816755919
2025-11-19,223.5500030517578,235.27999877929688,219.7100067138672,230.25999450683594,52093400,30.351005826140494,44.420713821202966,50.23479612734994,247.38349990844728,212.59999969482422,147.5136498260498,238.92584740533766,238.60006575905953,258.82476225353423,246.7671428862072,234.70952351888022,1609071600,4.505639736019305,9.570780645717468,-5.065140909698163,8.767114315843674,20.194407689311166
2025-11-20,206.02000427246094,234.25,204.52999877929688,232.6999969482422,66342900,21.377396921176725,37.99765135867026,45.277254169206074,245.93499984741212,213.60699981689453,147.98369983673095,232.34467877876233,235.63824198755054,258.7131749713232,245.96650792681982,233.2198408823165,1542728700,1.4399504225162332,7.944614601077221,-6.504664178560988,2.526288937975026,8.563986189557033
2025-11-21,203.77999877929688,208.8300018310547,195.0,208.80999755859375,67421100,20.450265205673546,37.25632656596374,44.688103960502275,243.47799987792968,214.5111996459961,148.4517998123169,226.63174277886924,232.74203805952746,257.5638100760324,244.50904773530505,231.45428539457777,1475307600,-1.1570425025892064,6.124283180343936,-7.281325682933143,12.815643742182406,8.03634899866701
2025-11-24,215.0500030517578,217.1300048828125,205.85000610351562,207.16000366210938,46749600,36.95755899820307,43.2547980404151,48.231286137342636,241.24699935913085,215.58899963378906,148.9892498397827,224.31539483344696,231.1336712406393,255.80650862436445,242.75936550564234,229.71222238692025,1522057200,-2.2795062198676703,4.443525300301616,-6.723031520169286,29.265800895883,14.869244525346787
2025-11-25,206.1300048828125,206.5800018310547,194.27999877929688,201.47999572753906,69773500,30.872896988001628,39.995617417203235,45.80345214406841,238.65299911499022,216.50239959716797,149.4674998474121,220.6783168433201,228.86061066265506,253.30079360235305,240.17365083240327,227.04650806245348,1452283700,-3.8445188868265348,2.785916462875986,-6.630435349702521,17.116862953923004,19.732769197329446
2025-11-26,214.24000549316406,215.58999633789062,207.0,210.0500030517578,43270200,41.39916353617952,44.1183411715766,48.27816789197063,236.14850006103515,217.60399963378907,149.98319988250734,219.39065457328888,227.53146473815588,251.0828576466394,237.9076191735646,224.73238070048987,1495553900,-4.379904615534656,1.3527522471938576,-5.732656862728513,28.831436582913422,25.071366810906454
2025-11-28,217.52999877929688,218.3000030517578,214.02000427246094,216.13999938964844,18658000,45.44333180240796,45.746831484326314,49.260768132073544,234.28300018310546,218.7961996459961,150.51224987030028,219.01852341449052,226.62224056007778,248.62000141446555,235.70190550789,222.7838096013145,1514211900,-4.487003319012899,0.1848011339525063,-4.6718044529654055,33.58370115612364,26.510666897653334
2025-12-01,219.75999450683594,220.97999572753906,213.5,213.8800048828125,30768700,48.34297814265687,46.87687000564155,49.934758141049045,232.4650001525879,220.04359954833984,151.05199985504152,219.16681763295963,225.99840000978307,246.57142929803757,233.8480958484468,221.12476239885603,1544980600,-4.341887221603741,-0.7205365371587433,-3.621350684444998,36.804841375181894,33.073326371406296
2025-12-02,215.24000549316406,225.97999572753906,214.38999938964844,221.7899932861328,42002500,42.80889359675173,44.83825653284425,48.56767359149414,230.24450073242187,221.15259979248046,151.5626998901367,218.38145520500055,225.0203641446359,244.86603219168526,232.00603230794272,219.14603242420014,1502978100,-4.539281001401093,-1.4842854300072135,-3.0549955713938797,30.275896847692934,33.554813126332796
2025-12-03,217.60000610351562,218.1999969482422,211.77000427246094,216.25999450683594,28545200,46.63637997359879,46.1549405517189,49.32497074374066,228.62200088500975,222.28660003662108,152.0792999267578,218.2251653847036,224.3457861408977,242.82396831209695,229.99206421867248,217.160160125248,1531523300,-4.4539423927083135,-2.0782168225474336,-2.37572557016088,35.68478216708874,34.255173463321164
2025-12-04,215.97999572753906,219.1199951171875,214.13999938964844,216.8800048828125,24478200,44.19973770190845,45.35463537842368,48.809216480064,226.60450134277343,223.38859985351561,152.58574989318848,217.7761314532707,223.58525973968327,240.90952313135543,228.31619093153208,215.72285873170884,1507045100,-4.465556078081477,-2.5556846736542425,-1.9098714044272342,36.68018188805579,34.2136203009458
2025-12-05,217.97000122070312,223.63999938964844,216.24000549316406,217.1699981689453,33292400,48.189972827168326,46.57999210351468,49.48750804933893,225.61800155639648,224.52259979248046,153.10474990844727,217.8149054067572,223.07478169250325,238.8577774290055,226.7139691549634,214.5701608809214,1540337500,-4.265018714425366,-2.8975514818084673,-1.367467232616899,43.47586722922653,38.613610428123664
2025-12-08,221.11000061035156,223.7100067138672,218.36000061035156,219.08999633789062,30943200,54.36848202577228,48.54078767153165,50.56797987051848,224.99650192260742,225.75559967041016,153.65609992980956,218.47392444747607,222.89616523048946,237.25412762354293,225.70174710712732,214.14936659071182,1571280700,-3.808814062649617,-3.0798039979766973,-0.7290100646729196,61.367797534163,47.17461555048175
2025-12-09,221.6199951171875,224.83999633789062,217.91000366210938,221.0399932861328,25166100,55.404991577358594,48.869058864448554,50.7468713120884,223.87850189208984,226.9607995605469,154.22364990234374,219.10313858141836,222.7801497656438,236.5782545786055,225.23063611227366,213.88301764594183,1596446800,-3.3673001547284116,-3.1373032293270406,-0.22999692540137096,66.6829178972942,57.17552755356123
2025-12-10,221.4199981689453,222.61000061035156,218.6699981689453,222.0,23279400,54.81901702936297,48.73775493811825,50.671690048640365,223.07350158691406,228.1533996582031,154.8109498977661,219.56651049892378,222.6564996204894,235.24396938747827,224.10873146662638,212.9734935457744,1573167400,-2.9989650813766673,-3.1096355997369662,0.11067051836029895,67.90092209351954,65.31721250832555
2025-12-11,221.42999267578125,221.5,210.19000244140625,217.80999755859375,30694600,54.84765415498892,48.74516635512476,50.67550778669278,221.20050048828125,229.30179962158203,155.39439987182618,219.93920693429527,222.5449989891523,234.05301629929315,223.03730265299478,212.02158900669642,1603862000,-2.6754099483605955,-3.0227904694616923,0.34738052110109674,85.64667668837073,73.4101722263948
2025-12-12,210.77999877929688,222.49000549316406,209.05999755859375,218.3699951171875,37073900,30.294516131093687,41.80863589055006,46.65312178218396,219.34150009155275,230.1227996826172,155.9507498550415,218.1073653032956,221.47545351552907,231.98460315522692,220.97269911993118,209.9607950846354,1566788100,-3.2409954974451978,-3.0664314750583936,-0.17456402238680413,52.05047819701746,68.53269232630255
2025-12-15,207.5800018310547,215.36000061035156,206.5800018310547,212.27999877929688,27222200,26.084256639706723,39.96824243289576,45.51817413430913,217.38000030517577,230.9809997558594,156.48934986114503,216.00189260884744,220.2122306351223,229.78618997240824,219.00238158210877,208.2185731918093,1539565900,-3.9024540688391482,-3.233635993814545,-0.6688180750246033,41.95584962822944,59.88433483787252
2025-12-16,209.1699981689453,210.22000122070312,205.11000061035156,206.9199981689453,23467600,31.740592193604456,41.34972677143501,46.198073539136914,215.8125,231.09019958496094,157.04404983520507,214.63551372086704,219.2083913200153,227.39603121318513,217.24317520383806,207.09031919449095,1563033500,-4.249381115554343,-3.436785018162505,-0.8125960973918378,19.453754233273088,37.82002735283997
2025-12-17,198.11000061035156,211.5,197.52999877929688,210.0399932861328,31595400,19.36865280165665,35.269643018338314,42.35432608574732,214.20350036621093,230.82219970703125,157.53084983825684,211.33041109876396,217.29035580095496,225.6142846970331,215.34952436174666,205.0847640264602,1531438100,-5.355043067192781,-3.82043662796856,-1.5346064392242211,2.038670978101892,21.149424946534783
2025-12-18,201.05999755859375,206.36000061035156,200.5,203.82000732421875,29720100,28.312309665154316,37.89283364299936,43.66142521881924,213.07900009155273,230.13219970703125,158.0277998352051,209.27632839072993,215.814868688013,223.90999930245536,213.9990481422061,204.08809698195685,1561158200,-5.924948907309641,-4.241339083836777,-1.6836098234728647,12.40772990492352,11.300051705432809
2025-12-19,213.42999267578125,215.17999267578125,204.1999969482422,204.60000610351562,58445500,53.991392530587504,47.5003456953637,48.75525319439857,213.44949951171876,229.74299957275392,158.60069980621338,210.1070612477402,215.59806177781013,222.9655546158079,213.2731747097439,203.5807948036799,1619603700,-5.317155309365631,-4.456502328942548,-0.8606529804230831,55.88750650979164,23.44463579760566
2025-12-22,214.9499969482422,220.1699981689453,213.30999755859375,220.0,24950700,56.29961018248153,48.55348339868311,49.34362648439681,214.00799942016602,229.74399963378906,159.17389980316162,211.0756483878406,215.53914679330396,221.93460204109311,213.33079359266495,204.7269851442367,1644554400,-4.659115479448303,-4.497024959043699,-0.16209052040460392,63.78615791367469,44.027131442796595
2025-12-23,214.89999389648438,217.02999877929688,212.27999877929688,212.86000061035156,20272300,56.1883302780911,48.519002627720894,49.32414957424672,214.00049896240233,229.71359954833986,159.76524978637696,211.84051748956938,215.48104198450218,222.08317323714965,213.91174582829552,205.7403184194413,1624282100,-4.094450722480104,-4.416510111730981,0.3220593892508763,63.6030636030636,61.09224267550996
2025-12-24,215.0399932861328,216.5399932861328,213.97000122070312,214.97999572753906,7956800,56.4773566676522,48.62900166780059,49.38263172612176,214.44599838256835,229.65259948730468,160.35664974212648,212.48041264888207,215.44094664828677,221.78777567545572,214.03111049107142,206.27444530668714,1632238900,-3.594221110040422,-4.252052311392869,0.6578312013524465,64.1156941492512,63.83497188866314
2025-12-26,214.99000549316406,216.8300018310547,213.02999877929688,215.42999267578125,15792600,56.31816685589827,48.58908051009381,49.361367359293126,214.48349838256837,229.18039947509766,160.92764976501465,212.98233121773848,215.39995199782106,221.9839661613343,214.63206288171196,207.28015960208953,1616446300,-3.165331167994964,-4.034708082713288,0.8693769147183241,63.9326557111792,63.88380448783132
2025-12-29,215.61000061035156,216.0500030517578,209.24000549316406,211.5800018310547,20326900,58.07689961441723,49.14669740839165,49.64253899782056,214.3874984741211,228.8013995361328,161.51514976501466,213.5078650962611,215.4190473262329,221.96380760556175,214.69666617257255,207.42952473958334,1636773200,-2.7437758346168266,-3.7765216330939957,1.032745798477169,66.20286871964724,64.75040619335918
2025-12-30,215.33999633789062,216.82000732421875,214.3300018310547,215.8699951171875,16409600,56.8800958944518,48.89796157195193,49.51735911562771,214.16649856567383,228.44659942626953,162.0869997406006,213.87429134458702,215.41186087274724,221.82523648701013,214.6433328295511,207.46142917209198,1620363600,-2.4037681412021925,-3.5019709347156356,1.098202793513443,71.01274425164102,67.0494228941558
2025-12-31,214.16000366210938,217.63999938964844,213.8000030517578,215.82000732421875,17591600,51.33253428829062,47.76032216412524,48.95336196934301,214.11249847412108,227.91859954833984,162.6348497772217,213.9314338080915,215.29805567178016,221.51476057748948,214.50619022429933,207.4976198711093,1602772000,-2.2041174479487324,-3.242400237362255,1.0382827894135227,66.62660420509127,67.94740572545982
2026-01-02,223.47000122070312,227.14999389648438,218.89999389648438,218.89999389648438,36446200,74.69726507026849,56.38270895146198,53.33730277186464,214.40599822998047,227.62739959716797,163.23464977264405,215.83914729061382,216.04095981259132,221.57650659954737,214.7269836910187,207.8774607824901,1639218200,-1.2798999491535312,-2.8499001797205104,1.5700002305669791,87.57598486690543,75.07177777454588
2026-01-05,221.0800018310547,234.02000427246094,220.47999572753906,230.25,31941100,65.07329397955922,53.92218607147278,52.135631839374305,214.66099853515624,227.44439971923828,163.80889976501464,216.88731819870202,216.49905454154253,222.35968187120224,215.17158677842886,207.98349168565537,1607277100,-0.7318673877428239,-2.426293621324973,1.6944262335821492,64.53822829971787,72.91360579057148
2026-01-06,214.35000610351562,222.9199981689453,211.25,222.7100067138672,40033200,45.33589098470932,47.620239371136556,48.89282002318447,214.47999877929686,227.0315997314453,164.344949798584,216.37985577966475,216.3036865017219,222.66682506742933,215.16015842982702,207.6534917922247,1567243900,-0.8310225342732735,-2.107239403914633,1.2762168696413596,46.09483363155361,66.06968226605893
2026-01-07,210.02000427246094,212.1300048828125,207.1699981689453,212.1300048828125,29715500,36.73374253959505,44.05293581899359,46.92941154974487,213.92549896240234,226.1735998535156,164.86284980773925,215.10788547822398,215.73244266269816,222.09777807810946,214.70730130634612,207.31682453458268,1537528400,-1.2446510995960978,-1.9347217430509263,0.6900706434548285,34.22856566986241,48.28720920037794
2026-01-08,204.67999267578125,210.94000244140625,203.3300018310547,210.89999389648438,27505000,28.68026714748214,40.06663419407899,44.61922590584197,213.07849884033203,225.07379943847656,165.31699977874757,213.02230691773545,214.72767448206935,221.50333319769965,214.00523763989648,206.50714208209325,1510023400,-1.9805188368394795,-1.9438811618086371,-0.036637675030842365,12.470143624699388,30.931180975371774
2026-01-09,203.1699981689453,207.3000030517578,203.07000732421875,205.72000122070312,24217300,26.694389172399468,38.99217334980442,43.97921471925633,212.16599884033204,223.97699920654296,165.75879978179933,211.05184516797743,213.67697663542168,220.56793673076325,213.19841245620972,205.8288881816561,1485806100,-2.654938775830857,-2.086092684613081,-0.5688460912177757,0.3230722280644409,15.67392717420872
2026-01-12,207.69000244140625,209.8800048828125,199.8000030517578,201.17999267578125,27287300,41.29548887561639,43.84653834978956,46.38586756818693,211.47899932861327,222.8441995239258,166.2462997817993,210.37947662266322,213.13270625414756,220.1407940576947,212.4788888598245,204.81698366195437,1513093400,-2.7925046119858337,-2.2273750700876316,-0.5651295418982021,23.05668938689278,11.94996841321884
2026-01-13,220.97000122070312,223.11000061035156,214.97999572753906,215.10000610351562,56894900,65.51348138031513,55.14047646313602,52.63584432064862,211.9884994506836,222.16679962158204,166.81789978027345,212.4975815422712,213.84518761474354,220.08365158807663,212.57317461286272,205.0626976376488,1569988300,-1.8090875768700698,-2.1437175714441192,0.3346299945740494,61.86439922198907,28.41472027898207
2026-01-14,223.60000610351562,224.08999633789062,215.11000061035156,217.5399932861328,40466500,68.5926774591741,56.985602009048044,53.752077738779754,212.78949966430665,221.51639984130858,167.4197998046875,214.7180664545201,214.73198929554098,220.19666689918154,212.8980952671596,205.59952363513764,1610454800,-0.8081868028442329,-1.876611417724142,1.068424614879909,69.54997721437483,51.49035527441887
2026-01-15,227.9199981689453,238.35000610351562,227.22000122070312,227.89999389648438,55270200,73.29293627946078,59.90299088216892,55.550945733983276,213.72699966430665,220.88179992675782,168.04569980621338,217.35845279740516,215.9308991931232,221.32396879650298,213.91349211193267,206.50301542736236,1665725000,0.32981957294066433,-1.435325219591181,1.7651447925318453,72.94420983425908,68.11952875687429
2026-01-16,231.8300018310547,234.49000549316406,228.86000061035156,234.3000030517578,42545600,77.02701706500244,62.389384123505465,57.12881818845866,215.4129997253418,220.51739990234375,168.69094982147217,220.25276260413506,217.37627216020786,222.47063579256576,215.03539699978296,207.60015820700022,1708270600,1.5295705062402192,-0.8423460744249011,2.37191658066512,83.08689038569703,75.1936924781103
2026-01-20,231.9199981689453,239.5,225.41000366210938,226.0800018310547,44327700,77.1153921736501,62.44710509286397,57.165407718858404,216.95599975585938,220.02920013427735,169.33574981689452,222.58620971709712,218.69842907009308,223.9000006781684,216.4590478321863,209.0180949862041,1752598300,2.4592945008082268,-0.18201795937827558,2.6413124601865023,80.90679492762452,78.97929838252685
2026-01-21,249.8000030517578,252.89999389648438,235.77999877929688,235.99000549316406,62385600,88.0631653431144,71.72988775707114,63.61537149620877,218.7745002746582,220.27120025634767,170.11574981689452,228.02896838402927,221.52584488660804,226.5085718064081,218.53142874581474,210.55428568522134,1814983900,4.586009763548162,0.771587585207012,3.8144221783411503,94.16197480374062,86.05188670568737
2026-01-22,253.72999572753906,256.0799865722656,246.6300048828125,251.75,37945000,89.40059009889796,73.2925869067205,64.83222092845168,220.71350021362304,220.6750003051758,170.95559978485107,233.16917385273126,224.4534949630563,228.3980950249566,220.49380977570067,212.58952452644468,1852928900,6.513481139961755,1.9199662961579607,4.593514843803794,95.82446422737446,90.29774465291318
2026-01-23,259.67999267578125,266.9599914550781,256.25,261.17999267578125,47525900,91.19326437513944,75.50065285297116,66.6002610974974,222.9525001525879,220.9890002441406,171.83579975128174,238.47133761734128,227.6559038460313,230.71571350097656,222.62809535435267,214.5404772077288,1900454800,8.424024212624602,3.220777879451289,5.203246333173313,89.16021435921368,93.0488844634429
2026-01-26,251.30999755859375,258.2900085449219,250.3000030517578,256.75,30672500,70.93979832528768,67.09685623784455,62.01506410260356,224.76600036621093,221.26480010986327,172.70129974365236,241.03906960559178,229.8062760017188,232.7063489641462,224.46444484165735,216.22254071916853,1869782300,9.157196249235824,4.408061553408196,4.749134695827628,76.69744401607035,87.22737420088613
2026-01-27,252.02999877929688,255.5500030517578,247.9600067138672,252.16000366210938,25691600,71.59109720207506,67.43267092023262,62.248800318184955,226.61800003051758,221.12759979248048,173.47724975585936,243.2372554403328,231.82661443604405,234.69127013191346,226.2103181869265,217.72936624193946,1895473900,9.684699267044465,5.463389096135449,4.221310170909016,77.7695127251643,81.20905703348275
2026-01-28,252.74000549316406,257.3999938964844,250.2100067138672,254.1300048828125,27061200,72.3250679263165,67.7818727286728,62.48677643491936,228.4745002746582,221.2231997680664,174.29744979858398,245.13780545089907,233.72783180487315,236.686031281002,228.04365152025977,219.4012717595176,1922535100,10.04425687621108,6.379562652150575,3.6646942240605043,78.82669979554218,77.7645521789256
2026-01-29,252.17999267578125,260.5299987792969,240.91000366210938,254.66000366210938,31685200,70.59868300539424,67.17009941623691,62.16364459635862,230.31650009155274,221.33059967041015,175.0913497543335,246.5462428958755,235.40530097495568,239.08523729112412,229.8328576466394,220.58047800215468,1890849900,10.166823702790168,7.137014862278495,3.0298088405116737,77.99285090620091,78.19635447563577
2026-01-30,236.72999572753906,245.24000549316406,234.5500030517578,236.92999267578125,40035700,39.435259418284254,52.96663052472596,54.095262622668514,231.44499969482422,221.2547994995117,175.8024997329712,244.58299346220824,235.5257277706451,240.5873006184896,230.94444492885046,221.3015892392113,1850814200,8.914512215460547,7.492514332914905,1.421997882545642,54.988086737006455,70.60254581291649
2026-02-02,246.27000427246094,249.97000122070312,235.0,235.77000427246094,36308100,54.36230545878659,58.76480798877649,57.64412501855534,232.58499984741212,221.57439971923827,176.55739974975586,244.9203956242588,236.50248017990106,242.4766659206814,232.30380999852744,222.13095407637343,1887122300,8.5927929316438,7.712570052660684,0.8802228789831155,60.19625070562365,64.39239611627697
2026-02-03,242.11000061035156,252.64999389648438,237.0399932861328,251.5500030517578,53097100,48.152233372868345,55.548991748766746,55.681694885567175,233.63649978637696,221.94559967041016,177.32649974823,244.35831662147734,237.01225476448747,243.81571354941718,233.29238140772262,222.769049266028,1834025200,7.910957953537718,7.752247632836092,0.15871032070162627,52.07329752642773,55.75254498968591
2026-02-04,200.19000244140625,218.5800018310547,199.14999389648438,215.0,107173300,20.220457715169147,34.85180245181398,40.98307919639143,232.9284996032715,221.82899963378907,177.88994976043702,235.52465378546313,233.664777280571,243.18095155746218,232.37714325435576,221.5733349512494,1726851900,3.942557954894397,6.990309697247754,-3.0477517423533564,1.5337097513139075,37.9344193277884
2026-02-05,192.5,204.0399932861328,190.72000122070312,201.86000061035156,62196400,17.930810839410682,32.46231586804919,39.008244396871724,232.05249938964843,221.60339965820313,178.42464977264405,226.91972302837053,229.92252480051908,242.28714158799912,231.40476214696494,220.52238270593065,1664655500,0.1750357332252861,5.6272549044432605,-5.452219171217974,2.334731121849372,18.647246133196976
2026-02-06,208.44000244140625,209.27000427246094,196.42999267578125,197.1300048828125,54504500,35.96634370237453,41.42679266874803,44.77496904816718,232.2404998779297,221.47119964599608,179.0355497741699,223.2237789109777,227.9695682224179,242.42142740885416,231.16380964006697,219.90619187127976,1719160000,-1.5071542540469238,4.200373072745224,-5.707527326792148,23.24239702317479,9.036945965445994
2026-02-09,216.0,217.60000610351562,204.14999389648438,206.89999389648438,38810800,43.08488444684928,45.14563631698386,47.24803201436081,232.88199996948242,221.66859954833984,179.6635997772217,221.77902312878217,226.88142565674355,242.99793594602556,231.46222238692025,219.92650882781496,1757970800,-2.2048570969045613,2.919327038815267,-5.124184135719828,33.158449655596435,19.57852593354017
2026-02-10,213.57000732421875,219.38999938964844,213.1300048828125,215.13999938964844,25326700,41.31339677641191,44.17478800302155,46.54756984814593,233.17600021362304,221.65519958496094,180.25909980773926,220.1372199678695,225.6712967174231,243.61126926967077,231.97888910202752,220.3465089343843,1732644100,-2.9202093713208512,1.7514197567880432,-4.671629128108894,29.971155601241197,28.79066742667078
2026-02-11,213.5800018310547,219.64999389648438,209.2100067138672,217.8800048828125,33384700,41.32530375855273,44.180104991331675,46.550977084723634,232.80650024414064,221.5761996459961,180.84374980926515,218.82577634050656,224.57208809138962,244.0263478112599,232.3768254840185,220.72730315677703,1766028800,-3.446594533109419,0.7118168988085507,-4.15841143191797,29.98426487211756,31.037956709651706
2026-02-12,205.94000244140625,218.4600067138672,205.13999938964844,215.8300018310547,32181000,34.84095984733543,40.96795203912804,44.294545381282454,231.92350006103516,221.2997998046875,181.39149982452392,216.24862156068653,222.8782621232093,243.804919530475,231.9082542298332,220.01158892919145,1733847800,-4.429185770344674,-0.3163836350220942,-4.112802135322579,21.80203660360895,27.25248569232254
2026-02-13,207.32000732421875,210.0500030517578,203.8800048828125,204.02000427246094,26123900,36.98418639006718,41.79119894999284,44.799818682513425,230.89350051879882,221.14139984130858,181.94779987335204,214.462898713393,221.46387532330107,243.01158650716147,231.2487306140718,219.48587472098214,1759971700,-5.038461298662526,-1.2607991677501804,-3.7776621309123453,23.77883782273837,25.188379766154934
2026-02-17,203.0800018310547,205.3000030517578,194.8300018310547,202.14999389648438,33712100,32.984135232980236,39.94785570564621,43.53151469474993,229.45600051879882,220.85099975585936,182.4764498901367,212.18631933692535,219.7926140967332,241.54714190770707,229.8157147604322,218.08428761315727,1726259600,-5.79662961462077,-2.1679652571242984,-3.628664357496471,17.705201321597844,21.09535858264836
2026-02-18,200.1199951171875,203.1999969482422,195.0,198.41000366210938,35664100,30.24385980971195,38.66565013895972,42.65026243917263,227.86600036621093,220.53379974365234,182.99379985809327,209.7730544929778,218.00419418950176,240.13206191289993,228.27825419108072,216.42444646926154,1690595500,-6.560703564530542,-3.046512918605547,-3.5141906459249945,13.465111338235847,18.316383494190656
2026-02-19,203.3699951171875,204.10000610351562,198.2899932861328,200.11000061035156,25842300,37.12612283583833,40.90832260903273,43.952670886276145,225.54449996948242,220.24179962158203,183.5166498184204,208.49244261781973,216.673812455655,238.29222131153898,226.83269851926772,215.37317572699652,1716437800,-6.825311889223002,-3.8022727127290383,-3.0230391764939637,20.426280304456366,17.19886432142999
2026-02-20,200.14999389648438,204.8699951171875,198.55999755859375,200.1199951171875,36317300,33.228390181416486,39.372257034344955,42.94253164114598,222.8654998779297,219.8225994873047,184.01444980621338,206.82395287355268,215.17164713209402,235.63618953644286,224.6914285326761,213.7466675289093,1680120500,-7.211710965898874,-4.484160363363006,-2.7275506025358682,15.226859019909112,16.37275022086708
2026-02-23,196.60000610351562,199.3800048828125,194.14999389648438,198.08999633789062,28187900,29.17600806550307,37.69189980550934,41.83436484983255,219.7115005493164,219.32219970703125,184.50434982299805,204.77916351954528,213.483316129496,232.79539756169393,222.0515875437903,211.30777752588668,1651932600,-7.7154504542903055,-5.130418381548465,-2.58503207274184,9.494599674176893,15.04924633284743
2026-02-24,213.83999633789062,216.7100067138672,206.5,211.6300048828125,81367000,58.59965301849929,49.06165206367239,48.572342155655406,217.83800048828124,219.17059967041016,185.07174980163575,206.59133008321436,213.5157416029864,230.45666842990454,219.73666720920136,209.0166659884983,1733299600,-6.6469229070766005,-5.433719286654093,-1.2132036204225072,79.9170444883742,34.87950106082004
2026-02-25,210.86000061035156,216.6999969482422,210.3300018310547,214.82000732421875,44588100,53.95052389835964,47.449875348779656,47.57639031480744,215.77950057983398,218.95919982910155,185.61754981994628,207.44506418864182,213.27431060365595,228.44285825699097,217.8000003875248,207.15714251805863,1688711500,-5.971729497558101,-5.541321328834895,-0.430408168723206,69.61633075873068,53.00932497376056
2026-02-26,203.67999267578125,209.7899932861328,201.4600067138672,208.8000030517578,35020500,43.884117464097855,43.72282792465982,45.239790611844924,213.32649993896484,218.81719970703125,186.12174980163573,206.69204988606973,212.40209988294006,226.24619087340338,215.56809537372894,204.88999987405447,1653691000,-5.947442080350584,-5.622545479138033,-0.3248966012125507,37.37254423253677,62.301973159880525
2026-02-27,200.2100067138672,201.88999938964844,197.74000549316406,200.11000061035156,31312400,39.59913958584329,42.00561302831289,44.14438183286744,210.72800064086914,218.6697998046875,186.58219982147216,205.39564125162923,211.29372777666072,223.55365159776474,213.02031768314424,202.48698376852366,1622378600,-6.137444356362295,-5.725525254582886,-0.41191910177940905,23.764756146599264,43.58454371262221
2026-03-02,198.6199951171875,198.74000549316406,190.0,193.85000610351562,34120200,37.58138732100313,41.20698508561047,43.63820733394081,208.82250061035157,218.45879974365235,187.01299980163574,204.0405120247409,210.14157026216316,220.3965093219091,210.3812701512897,200.36603098067025,1588258400,-6.34320268452413,-5.849060740571135,-0.4941419439529948,29.072502164020953,30.0699341810523
2026-03-03,190.9499969482422,193.63999938964844,188.22000122070312,191.4600067138672,37785700,29.021346027506738,37.50289438245102,41.252717820697455,206.05650024414064,218.31559967041017,187.37914978027345,201.4224090094412,208.39688177907942,217.8644455198258,208.10015893360924,198.33587234739272,1550472700,-7.043973847592184,-6.088043361975345,-0.9559304856168396,8.68595725013545,20.50773852025186
2026-03-04,202.07000732421875,202.44000244140625,189.86000061035156,192.1199951171875,40912600,49.16562470113839,45.19469451502727,45.7478517674596,204.05450057983398,218.33579986572266,187.8145498275757,201.5519286723967,207.82171137409208,215.5780964200459,205.9276193285745,196.2771422371032,1591385300,-6.625671522595013,-6.195568994099279,-0.43010252849573405,45.800276414124674,27.85291194276033
2026-03-05,199.4499969482422,203.7899932861328,194.8800048828125,197.77000427246094,36000700,45.51351819639335,43.82607366264753,44.901561634575465,204.0175003051758,218.05619995117186,188.22594982147217,201.13154232756582,207.06064642628755,213.1371435740637,203.80571468292723,194.47428579179066,1555384600,-6.4314392293264575,-6.242743041144715,-0.18869618818174239,39.417316820923766,31.301183495061267
2026-03-06,192.42999267578125,200.24000549316406,191.25,195.27000427246094,33913800,36.73897495206033,40.30426504262201,42.689442193259595,204.01399993896484,217.60579986572264,188.61439979553222,199.39123239720894,205.73058699442333,212.1003180609809,203.26603214324464,194.43174622550845,1521470800,-6.765970517254544,-6.347388536366681,-0.418581980887863,14.77708193523612,33.33155839009483
2026-03-09,202.67999267578125,202.97000122070312,189.02000427246094,189.36000061035156,38877200,52.71242942736894,47.001122177801975,46.69794956823397,203.7259994506836,217.36139984130858,189.06024974822998,200.04898445292343,205.45326023818313,212.24793739924357,203.3836512489924,194.5193650987413,1560348000,-6.133298785377633,-6.304570586168872,0.1712718007912386,50.75461097593568,34.98300324403183
2026-03-10,203.22999572753906,206.58999633789062,202.1999969482422,202.50999450683594,29139200,53.468962364919015,47.34248327228686,46.90627277625885,203.08749923706054,217.1251998901367,189.51609973907472,200.68518670784658,205.25114528267002,211.81190490722656,203.3500002906436,194.88809567406065,1589487200,-5.523845774389372,-6.1484256238129715,0.6245798494235997,52.68512324589569,39.405605385689135
2026-03-11,204.8300018310547,209.2100067138672,203.6300048828125,205.11000061035156,23076400,55.93023304672132,48.384015674621374,47.52995997429854,202.65049896240234,216.92199981689453,189.98669975280762,201.51414973248822,205.21285951434135,211.118412562779,203.0312703450521,194.94412812732511,1612563600,-4.855768475193457,-5.889894194089069,1.034125718895612,58.30114920243519,53.913627808088826
2026-03-12,197.74000549316406,203.6199951171875,196.6699981689453,202.8300018310547,28886900,43.65220889059889,44.210984299342066,45.0769052645186,201.8584991455078,216.56459991455077,190.42384979248047,200.7593208846234,204.53350914877976,210.38841247558594,202.26841299874442,194.1484135219029,1583676700,-4.842593450353803,-5.680434045342016,0.8378405949882133,33.4152419687851,48.13383813903863
2026-03-13,193.38999938964844,199.67999267578125,192.27000427246094,198.11000061035156,27561900,37.578591208412455,41.82735517705206,43.63246835065187,201.23099899291992,216.12559997558594,190.81799980163575,199.28545658562842,203.52046280704056,209.33777751619857,201.362063695514,193.38634987482948,1556114800,-5.1240939211974705,-5.569166020513108,0.4450720993156372,18.14670822083839,36.6210331306862
2026-03-16,196.5800018310547,200.1699981689453,194.8000030517578,194.97999572753906,30285200,44.387758736121555,44.20312419147483,44.9840412546677,200.69399871826172,215.77399993896483,191.23659980773925,198.7443656347137,202.88951180922368,208.35618954613096,200.75904773530505,193.16190592447916,1586400000,-5.031775361191308,-5.461687888648748,0.42991252745744024,29.353939130923965,26.97196310684912
2026-03-17,196.30999755859375,199.2100067138672,195.25999450683594,196.67999267578125,22779700,43.90135240469504,44.03918267090786,44.88879822236753,200.35549850463866,215.23079986572264,191.65299980163573,198.25749201948972,202.2913741500755,207.76682487366693,200.275396680075,192.78396848648313,1563620300,-4.923642638064365,-5.354078838531872,0.43043620046750686,37.505791904562145,28.33547975210814
2026-03-18,199.4600067138672,202.86000061035156,195.75,196.0,28569100,51.36285809630066,46.53071339017079,46.27615502234495,200.32249908447267,214.7983999633789,192.09664981842042,198.4979949583652,202.0339771104202,207.52523755270335,200.19380938817582,192.86238122364833,1592189400,-4.531530598862588,-5.189569190598015,0.6580385917354272,53.54932135117669,40.136350795554236
2026-03-19,205.27000427246094,205.8800048828125,192.8300018310547,195.02999877929688,32245300,62.42459122859599,50.87513885192078,48.763287021218034,200.41749954223633,214.6167999267578,192.54984985351564,199.85239682118436,202.32816139787846,207.84603179447234,200.28365095834883,192.72127012222532,1624434700,-3.7092033486729576,-4.893496022213004,1.184292673540046,81.22915002242657,57.42808775938844
2026-03-20,201.3300018310547,206.3000030517578,198.25999450683594,204.88999938964844,37265100,52.67547253653952,48.025405498250194,47.213667145833135,200.47649993896485,214.44299987792968,192.96994987487793,200.14791782315842,202.2374196190763,207.95428563678075,200.28571452791726,192.6171434190538,1587169600,-3.3369619274835998,-4.582189203267124,1.2452272757835239,62.458300044853125,65.74559047281876
2026-03-23,202.67999267578125,209.11000061035156,201.7100067138672,206.39999389648438,31857800,55.53097683682257,49.07790974277437,47.8077915160448,200.78049926757814,214.4029998779297,193.39044982910156,200.654332793683,202.2776535333222,208.1636507548983,200.44317505851623,192.72269936213416,1619027400,-2.8996001548644017,-4.24567139358658,1.3460712387221783,67.6571904484073,70.44821350522896
2026-03-24,205.3699951171875,206.42999267578125,200.1300048828125,201.38999938964844,27258800,61.137914550631294,51.198573421421884,49.00349446081721,200.35699920654298,214.44699981689453,193.83884979248046,201.59746525838392,202.55877549549177,208.5606335836744,200.78920661078558,193.0177796378968,1646286200,-2.3093068316475183,-3.858398481198768,1.54909164955125,80.98062836879862,70.36537295401965
2026-03-25,220.27000427246094,221.3300018310547,211.50999450683594,211.50999450683594,48518300,78.8571899309698,60.90940462829605,54.976536139248395,200.82749938964844,214.69859985351562,194.35924980163574,205.33197306119934,204.16888720248897,208.79698278033544,201.04412720695373,193.29127163357205,1694804500,-0.631904701850118,-3.2130997253290383,2.5811950234789203,96.7192892643478,81.7857026938512
2026-03-26,203.77000427246094,221.0,203.42999267578125,217.97999572753906,49213000,49.10477441821139,49.2274977272537,48.41191118312774,200.8319999694824,214.3545999145508,194.76944980621337,205.01957930345168,204.13262511794096,209.17650713239397,200.89031764439173,192.60412815638952,1645591500,-0.6267388770590117,-2.695827555675033,2.0690886786160214,45.65150453277216,74.45047405530616
2026-03-27,201.99000549316406,203.27000427246094,197.69000244140625,201.77000427246094,29206600,46.818062892938194,48.154529229122716,47.76860749234185,200.92099990844727,213.92239990234376,195.16319984436035,204.41366454139418,203.9378415156885,208.85539705791174,200.70015922425284,192.54492139059397,1616384900,-0.7575434596644754,-2.308170736472922,1.5506272768084464,33.4480455516373,58.60627978291905
2026-03-30,196.0399932861328,208.42999267578125,192.8699951171875,204.9499969482422,41053300,39.44913161566293,44.651093569303946,45.64879969553424,200.79199981689453,213.2847998046875,195.53769981384278,202.73893029034193,203.2198553130016,209.35904754154268,200.66047620016428,191.96190485878594,1575331600,-1.326037557028343,-2.1117441005840063,0.7857065435556634,12.973122265652075,30.69089078335382
2026-03-31,203.42999267578125,204.0,196.41000366210938,198.0500030517578,42318700,50.95444624986765,49.55957313260185,48.60997703096021,201.41599960327147,212.71679962158203,195.96234977722168,202.8771427674298,203.23895870961792,209.56587243458586,200.92206343393477,192.2782544332837,1617650300,-1.166811755423737,-1.9227576315519526,0.7559458761282156,38.403266830351235,28.274811549213506
2026-04-01,210.2100067138672,213.8300018310547,205.83999633789062,207.58999633789062,40835800,59.439407299739464,53.623163629638334,51.16211121359051,201.8229995727539,212.28259979248048,196.43259979248046,204.34371555671729,203.87269034636785,210.5941268678695,201.82793656606523,193.06174626426093,1658486100,-0.4879093749982246,-1.635787980241207,1.1478786052429824,61.734356326884665,37.7035818076293
2026-04-02,217.5,217.77999877929688,200.6199951171875,204.0500030517578,38463500,66.84105899169832,57.58029147457672,53.74432055392445,202.7254997253418,211.6365997314453,196.88814979553223,206.97497244537385,205.11153667851622,211.47142828078498,202.48714265369233,193.5028570265997,1696949600,0.6310923461662412,-1.1824119149597174,1.8135042611259586,86.56139708401864,62.23300674708482
2026-04-06,220.17999267578125,226.30999755859375,217.72999572753906,219.27999877929688,30786400,69.31156975663994,58.96643862288531,54.66556401252982,204.1129997253418,210.96559967041014,197.35354976654054,209.61597649145534,206.4813963146312,212.5049208383712,203.53634885757688,194.5677768767826,1727736000,1.7143997503185062,-0.6030495819040727,2.317449332222579,81.69054460849215,76.66209933979844
2026-04-07,221.52999877929688,222.10000610351562,215.3800048828125,218.25999450683594,26483000,70.63412090164408,59.68115954844149,55.1361223149622,205.05550003051758,210.20259979248047,197.82724975585938,211.99878094902365,207.84945108414627,213.58873034280447,204.7282538035559,195.86777726430742,1754219000,2.6513003430223137,0.04782040308120461,2.603479939941109,85.72282141790994,84.6582543701402
2026-04-08,231.82000732421875,234.0,227.08999633789062,232.1199951171875,35496400,78.9368706190432,64.72467134759471,58.563437914608706,206.48500061035156,209.81279998779297,198.34514976501464,215.96302622406267,210.0285925605165,214.81285773383246,206.28761897011407,197.76238020639573,1789715400,4.175980402507406,0.873452402966445,3.302527999540961,94.7048997504556,87.37275525895252
2026-04-09,236.63999938964844,237.10000610351562,230.91000366210938,233.00999450683594,27126200,81.82527859999863,66.81847802892956,60.05769776163818,208.07550048828125,209.505,198.8804497528076,220.09842085717986,212.44781136316487,216.36888994489397,207.75793675013952,199.14698355538505,1816841600,5.707441577950135,1.840250237963183,3.867191339986952,98.95996699162164,93.12922938666236
2026-04-10,245.0399932861328,249.5800018310547,238.9600067138672,239.0,36477200,85.87581784263236,70.1443765073066,62.52020449072387,210.44049987792968,209.35099975585936,199.41349975585936,225.08673534297048,215.41073699252559,218.448730710953,209.59777783590647,200.74682496086,1853318800,7.512347236173838,2.9746696376053143,4.537677598568523,91.99434313624985,95.21973662610901
2026-04-13,246.8300018310547,247.3300018310547,242.02999877929688,245.02999877929688,22781800,86.63736129378913,70.81568630829324,63.028011199317504,213.1125,209.24399993896483,199.93064979553222,229.43538864058735,218.26703379602824,220.56317550416978,211.79079376705107,203.01841202993242,1876100600,8.983629020574483,4.176461514199149,4.807167506375334,95.15076763458124,95.36835925415089
2026-04-14,255.07000732421875,255.4600067138672,245.6999969482422,249.7899932861328,25733200,89.70395071799614,73.74257409030511,65.29118819566119,216.0370002746582,209.61080017089844,200.48759986877442,234.56231237731365,221.61275866222735,223.3876211983817,214.50333368210565,205.61904616582962,1901833800,10.691287506148456,5.47942671258901,5.211860793559445,99.37689835854076,95.50733637645726
2026-04-15,258.1199951171875,258.17999267578125,251.85000610351562,254.9600067138672,24695200,90.65637538631957,74.75192044809776,66.09433282050637,219.12750015258788,209.84779998779297,201.0591498565674,239.27384892528843,224.931598339951,226.2365095350477,217.30650813995848,208.37650674486918,1926529000,12.15066241130907,6.813673852333023,5.3369885589760475,99.90813418950151,98.14526672754114
2026-04-16,278.260009765625,279.3399963378906,261.510009765625,264.989990234375,64850800,94.60840511205926,80.17207532328783,70.76449021751554,223.06750030517577,210.57080017089845,201.74094993591308,247.07108109335576,229.77963574228497,230.52174668085007,220.93079412551154,211.33984157017298,1991379800,14.762189076352314,8.403376897136882,6.358812179215432,98.75102745805553,99.34535333536591
2026-04-17,278.3900146484375,281.04998779296875,274.1400146484375,281.0,35519900,94.62601200164627,80.20162124481669,70.79164031719269,226.7235008239746,212.13480041503905,202.45235000610353,253.33486780437212,234.19876109738973,234.25047568669396,224.6690482487754,215.08762081085686,2026899700,16.650397661253294,10.052781049960165,6.5976166112931285,96.98347316231768,98.54754493662487
2026-04-20,274.95001220703125,287.6099853515625,272.0,280.6000061035156,34833900,85.73587775599927,76.93478912189076,69.01855011133952,230.40450134277344,213.7838006591797,203.13450004577638,257.65789668490396,237.90342028917533,238.0323793925936,228.32904803563682,218.6257166786799,1992065800,17.665599091006555,11.575344658169445,6.09025443283711,86.11844771236909,93.95098277758075
2026-04-21,284.489990234375,286.20001220703125,276.6199951171875,277.3299865722656,38950900,89.13339418171705,79.43638134620994,71.11603771791503,234.49500122070313,215.30480041503907,203.8673999786377,263.0243153947982,242.1385630114662,241.93777659582716,232.16111149863593,222.38444640144468,2031016700,19.020691346230848,13.064413995781727,5.95627735044912,96.41338605880817,93.17176897783162
2026-04-22,303.4599914550781,304.25,286.1400146484375,291.2200012207031,49054200,93.07132414326949,83.31219561191233,74.67966483394923,239.39950103759764,217.05400024414064,204.7106999206543,271.1114506068542,247.71323832452183,246.89777628580728,236.61111159551712,226.3244469052269,2080070900,21.378889747887456,14.727309146202874,6.651580601684582,99.23766427897476,93.9231660167173
2026-04-23,305.3299865722656,310.2200012207031,299.760009765625,302.010009765625,45619700,93.35613040505726,83.63954873679688,74.99756883571311,243.6525001525879,218.88919982910156,205.54824981689453,277.9551577999365,252.95112452886215,251.9114273313492,241.42666722857763,230.94190712580604,2125690600,23.132020416677364,16.40825140029777,6.723769016379592,94.84393205687648,96.83166079821979
2026-04-24,347.80999755859375,352.989990234375,334.5400085449219,336.760009765625,81616700,96.86688708160192,88.94485586890107,80.74037007676708,250.85449981689453,221.57379974365233,206.59524978637694,291.92612575166794,261.5746584406559,258.3895212809245,247.49381001790366,236.5980987548828,2207307300,27.630661897781863,18.652733499794593,8.97792839798727,96.23574360352737,96.77244664645951
2026-04-27,334.6300048828125,349.2099914550781,328.80999755859375,346.32000732421875,50585300,80.94233719043186,80.2497626757556,75.14201925076667,257.48649978637695,224.14759979248046,207.54759979248047,300.46690157789686,268.21605357176105,264.6266634502108,253.59619092184397,242.56571839347717,2156722000,29.78896379177263,20.8799795581902,8.90898423358243,85.41700854516469,92.16556140185617
2026-04-28,323.2099914550781,327.5,310.0,311.8599853515625,43002500,69.1263934857958,73.54133072767893,70.70129944503513,263.8449996948242,226.46539947509766,208.43154975891113,305.0155195533331,273.2155024702444,270.8730122399708,259.27492075117806,247.67682926238527,2113719500,30.229467466142466,22.749877139780654,7.479590326361812,75.6061582119617,85.75297012021788
2026-04-29,337.1099853515625,340.1700134277344,318.8599853515625,326.5799865722656,44704400,74.55228088005519,76.15422253346553,72.7504900527428,270.5289993286133,229.1459991455078,209.38589965820313,311.434412712979,279.0240918230915,277.4769819955977,265.6050795297774,253.73317706395707,2158423900,31.33892749374553,24.46768721057363,6.8712402831719,86.07383392285017,82.3656668933255
2026-04-30,354.489990234375,354.9599914550781,332.6000061035156,341.3599853515625,42115300,79.86243278879815,78.9529728652652,75.03313541236064,277.74299850463865,232.23339904785155,210.38029960632323,320.0455282172582,285.8846280422991,285.13602895585313,272.560793679858,259.98555840386285,2200539200,33.23746291920031,26.221642352298968,7.015820566901343,99.5838118735627,87.08793466945815
2026-05-01,360.5400085449219,362.7900085449219,349.25,351.8699951171875,34173000,81.4770045200558,79.83999564130484,75.7717431713694,284.89499893188474,235.37679931640625,211.3825996398926,328.14442428279096,292.6714808152648,292.42729913620724,279.58777800060454,266.74825686500185,2234712200,34.8287674862047,27.943067379080116,6.885700107124581,98.07840142013976,94.5786824055175
