Date,Close,High,Low,Open,Volume,RSI_6,RSI_14,RSI_23,MA_20,MA_50,MA_100,MA_200,EMA_8,EMA_21,EMA_34,EMA_55,EMA_89,KC_upper,KC_middle,KC_lower,OBV,MACD,MACD_signal,MACD_hist,Stoch_K,Stoch_D,Ticker
2018-01-02,4.928265571594238,4.9319741433273965,4.808365773535016,4.840009108801232,355616000,,,,,,,,,,,,,5.013143532611264,,4.765926793026503,355616000,,,,,,NVDA
2018-01-03,5.252615451812744,5.283023390776195,5.037042459513838,5.045695010065558,914704000,,,,,,,,,,,,,5.225009115620606,,4.8554198145658685,1270320000,,,,,,NVDA
2018-01-04,5.280303478240967,5.390562431990464,5.258053928384344,5.333949761815287,583268000,,,,,,,,,,,,,5.2973888936841975,,4.962657023910292,1853588000,,,,,,NVDA
2018-01-05,5.32504940032959,5.362378902130493,5.2182514813558765,5.295136099778255,580124000,,,,,,,,,,,,,5.334546840774799,,5.011434228057062,2433712000,,,,,,NVDA
2018-01-08,5.488212585449219,5.562377429227488,5.403664210874558,5.448657939230332,881216000,,,,,,,,,,,,,5.396330397993842,,5.074355020478481,3314928000,,,,,,NVDA
2018-01-09,5.486728191375732,5.533204868930787,5.405146688959202,5.493650229669954,497000000,99.56465445549676,,,,,,,,,,,,5.4307894588382295,,5.119790584251565,2817928000,,,,,,NVDA
2018-01-10,5.5297441482543945,5.533205167588315,5.339881775248777,5.394269289285893,582664000,99.62189550259932,,,,,,,,,,,,5.463667215580868,,5.141861496695289,3400592000,,,,,,NVDA
2018-01-11,5.539633274078369,5.593773709416241,5.518124971293101,5.562376981636238,406032000,99.63513040375871,,,,,,,5.372195752768253,,,,,5.4839787373481395,,5.183486548792473,3806624000,,,,,,NVDA
2018-01-12,5.512440204620361,5.56213083346744,5.471896759438468,5.527767713884781,359916000,89.31862812461029,,,,,,,5.403361186513166,,,,,5.497505915406242,,5.210349731350322,3446708000,,,,,,NVDA
2018-01-16,5.441489219665527,5.624429605641397,5.356941303063626,5.538892893454774,702348000,67.4514509408092,,,,,,,5.411834082769246,,,,,5.52193282506908,,5.209994598903198,2744360000,,,,,,NVDA
2018-01-17,5.555455207824707,5.565343633291384,5.362131798241989,5.456073962053945,538408000,77.8866917825961,,,,,,,5.443749888337127,,,,,5.5378954817145045,,5.21736766973654,3282768000,,,,,,NVDA
2018-01-18,5.5485334396362305,5.602920961181686,5.505023139482716,5.536172317788228,408632000,76.10830617008271,,,,,,,5.46703512195915,,,,,5.547242275054894,,5.237108810458598,2874136000,,,,,,NVDA
2018-01-19,5.6887054443359375,5.712932584000922,5.611821290895013,5.638767736018307,609380000,84.63424311035531,,,,,,,5.516295193598436,,,,,5.564551669244252,,5.262719041446761,3483516000,,,,,,NVDA
2018-01-22,5.77720832824707,5.778938838020236,5.639014155824704,5.696615611786597,550944000,87.90458604461978,88.32533705888412,,,,,,5.574275890187022,,,,,5.586486915933437,,5.286224521236408,4034460000,,,,99.82170226678575,,NVDA
2018-01-23,5.906256675720215,5.929000387141968,5.812066947907038,5.830607924745259,475228000,91.18670279219857,90.32901101924229,,,,,,5.6480493980832875,,,,,5.614012773281742,,5.31817674633319,4509688000,,,,97.45013629933956,,NVDA
2018-01-24,5.829370975494385,5.945315597878204,5.773747112158568,5.909469055780841,579972000,76.3706033841832,81.36879653328883,,,,,,5.6883430819524206,,,,,5.639452373757677,,5.340660037778454,3929716000,,,,84.05304019975542,93.77495958862691,NVDA
2018-01-25,5.842968463897705,5.927022204115733,5.828135589602928,5.883758986090487,409884000,77.15824071271186,81.7142595084887,,,,,,5.722704277940261,,,,,5.658598040029868,,5.3657480044596815,4339600000,,,,85.9232313004192,89.1421359331714,NVDA
2018-01-26,6.015525817871094,6.01577289884531,5.87387061742999,5.886725901017889,516356000,84.84902066973558,85.41118077817652,,,,,,5.787775731258224,,,,,5.68369215222066,,5.391344642913781,4855956000,,,,99.96344367227346,89.9799050574827,NVDA
2018-01-29,6.102546215057373,6.133695865743513,5.948283276709119,6.000940289789049,455116000,87.41357577601995,86.85454382861573,,,,,,5.857724727658034,,,,,5.71333577797419,,5.4168578650482635,5311072000,,,,96.07595140233325,93.98754212500864,NVDA
2018-01-30,6.0004472732543945,6.091917715966181,5.8938968703990655,5.960645533605336,570832000,70.59069981184162,77.20344063884684,,5.602574968338013,,,,5.889440848901669,,,,,5.737341062347497,,5.435884960511155,4740240000,,,,83.21413110643167,93.08450872701279,NVDA
2018-01-31,6.076587677001953,6.162371919159621,6.0432133592736355,6.075845962626409,478576000,74.91155984049458,79.07114645916829,,5.659991073608398,,,,5.931029032923954,5.664071520571484,,,,5.7600017837451265,5.610777041923726,5.461552300102326,5218816000,,,,89.34926976410797,89.5464507576243,NVDA
2018-02-01,5.945563793182373,6.1037828642728975,5.885243022828691,5.896614878578263,519224000,57.47437706817187,68.64824601805186,,5.69463849067688,,,,5.934258979648047,5.689661727172474,,,,5.816363348932155,5.66261806084162,5.5088727727510856,4699592000,,,,73.08171285713736,81.88170457589233,NVDA
2018-02-02,5.773006916046143,5.883018795366627,5.714911284864153,5.859038734011418,718464000,42.01752640403144,57.83559368803799,62.97003916432091,5.719273662567138,,,,5.898425187736513,5.697238562524626,,,,5.841198831978099,5.691161802018987,5.5411247720598755,3981128000,,,,51.65753631259136,71.36283964461224,NVDA
2018-02-05,5.283023357391357,5.765837561240878,5.067944528466754,5.611821690864884,1165204000,21.925427937107713,39.03443515863617,45.72384093279772,5.717172360420227,,,,5.76166922543759,5.659582634785237,,,,5.871104216041389,5.694144113264753,5.517184010488117,2815924000,,,,19.652178915993712,48.130476028574144,NVDA
2018-02-06,5.576716423034668,5.5796828094628586,5.043222362588904,5.053111260406739,1114800000,41.90639742437581,49.608532172416716,53.67440210829339,5.7215975522994995,,,,5.720568602681385,5.652049342807913,,,,5.8944524841297765,5.698809856300792,5.503167228471806,3930724000,,,,47.66959494497675,39.65977005785394,NVDA
2018-02-07,5.656318664550781,5.808851532722298,5.604403376761869,5.675601822535591,802932000,46.37039920336992,52.036728376383046,55.5206249241487,5.730077075958252,,,,5.706290838652362,5.652437462966355,,,,5.906397312087019,5.708576830086248,5.510756348085477,4733656000,0.11423026971959693,,,54.782338818103895,40.70137089302479,NVDA
2018-02-08,5.37746000289917,5.815033378045082,5.377212450372198,5.781906606178712,1144000000,35.048770166616535,44.03212314094776,48.449104052728615,5.72246286869049,,,,5.633217319596097,5.627439512051156,,,,5.923443571216456,5.710872482182291,5.498301393148124,3589656000,0.07862292473202626,,,29.865323928147067,44.10575256374258,NVDA
2018-02-09,5.737407207489014,5.905761778186153,5.377459722190224,5.889940107602543,1674604000,52.87189877745915,53.89151517188484,56.00998520299057,5.732351565361023,,,,5.656370628016746,5.637436575272779,,,,5.949201247529838,5.720678793559654,5.492156339589469,5264260000,0.07854318159244134,,,62.02788901844556,48.89185058823218,NVDA
2018-02-12,5.637284755706787,5.821461485380056,5.563119901821331,5.818494627168599,1093172000,48.43546547299621,51.19019866477374,53.71879935950175,5.738593792915344,,,,5.652129323058977,5.637422773494052,,,,5.963779227282652,5.7265571140060105,5.48933500072937,4171088000,0.069598649570624,,,53.08159125203975,48.32493473287746,NVDA
2018-02-13,5.751002788543701,5.797232383971837,5.568556630662065,5.600942149859911,625524000,53.72737373758291,54.00989307559238,55.86269522415563,5.754069471359253,,,,5.674101204277805,5.6477482294076555,,,,5.97942445019525,5.735609876000477,5.491795301805702,4796612000,0.07086920232034277,,,63.242702621762966,59.45072763074942,NVDA
2018-02-14,5.968308448791504,5.997232959743334,5.69958379494978,5.710708570582896,744988000,62.542408031408655,58.89642744548525,59.60132961595902,5.774712133407593,,,,5.739480591947515,5.67689006753346,,,,6.0005791749851145,5.7553283692562545,5.510077563527396,5541600000,0.0883919478583195,,,82.65973754546592,66.32801047308955,NVDA
2018-02-15,6.093893527984619,6.140123133709007,5.970779771567889,6.05161957557638,698900000,66.91357994620034,61.44594655772757,61.568175580146224,5.801980137825012,,,,5.818239022177983,5.71479947302902,,,,6.026297593638743,5.7826595723340874,5.539021551029432,6240500000,0.11113146195779944,,,93.88121178506007,79.92788398409631,NVDA
2018-02-16,6.028134346008301,6.180419694907143,6.018987162653999,6.066700198854581,637656000,62.34227411587131,59.36938738724481,59.96986970438591,5.81895158290863,,,,5.864882427473609,5.743284461481682,,,,6.0542605745106695,5.807597090798672,5.560933607086675,5602844000,0.12243511846545907,,,86.60871384666369,87.71655439239656,NVDA
2018-02-20,6.157676696777344,6.226650022574946,6.046923102818032,6.0506316757035234,686240000,67.57826499538174,62.087535650086664,62.0014374379973,5.837975001335144,,,,5.929947820652217,5.780956482872197,5.65926571243134,,,6.080508786937518,5.8301017019564245,5.579694616975333,6289084000,0.1402298503380468,0.1078588420899815,0.0323710082480653,94.17173282916039,91.55388615362806,NVDA
2018-02-21,5.970531940460205,6.229121034663457,5.966823839825248,6.222198995329635,892292000,54.4528622192463,56.234597498897266,57.58733575084729,5.841188764572143,,,,5.938966513942881,5.798190615380197,5.677052354032989,,,6.101753755680136,5.845519408192249,5.589285060704363,5396792000,0.13764460443129245,0.1138159945582437,0.023828609873048745,78.19467208350197,86.32503958644202,NVDA
2018-02-22,5.990075588226318,6.076160400628997,5.924522568824073,6.004423214233998,534364000,55.535122966866695,56.69372466725507,57.91445541059738,5.849223995208741,,,,5.9503240860058675,5.815634703820754,5.694939395986894,,,6.108857687816963,5.850970750206696,5.593083812596428,5931156000,0.13560956481695818,0.1181747086099866,0.017434856206971577,79.84267525833684,84.06969339033306,NVDA
2018-02-23,6.083580493927002,6.083580493927002,5.99922728365795,6.049938197992208,415300000,60.87287906230356,58.91449743068554,59.47774217774832,5.861254596710205,,,,5.979936621099453,5.83999341201223,5.717147458726328,,,6.114513382414249,5.860779553158772,5.607045723903294,6346456000,0.1399288332112869,0.12252553353024667,0.017403299681040235,87.72740503353009,81.92158412512298,NVDA
2018-02-26,6.0996599197387695,6.134291626814092,6.037322375181566,6.12983904616464,469312000,61.81870170585203,59.30100481870574,59.7465550424928,5.865461301803589,,,,6.006541798574857,5.863599458169189,5.739005313641324,,,6.125106962977379,5.871464436716202,5.617821910455023,6815768000,0.14300093406121572,0.1266206136364405,0.01638032042477522,89.08329033725836,85.55112354304175,NVDA
2018-02-27,6.086795806884766,6.157296327600096,6.063790259578754,6.072942654144722,455436000,60.41660274768493,58.824223328909795,59.41688404150888,5.864673781394958,,,,6.024376022643725,5.88389003532515,5.758879056112377,,,6.129194652179527,5.877856707508538,5.6265187628375495,6360332000,0.1427520133705409,0.1298468935832606,0.01290511978728029,83.29336851358315,86.70135462812387,NVDA
2018-02-28,5.986363410949707,6.1372590225719925,5.974736784113579,6.097679799344355,523116000,49.82862705018222,55.09958323919159,56.8562629080297,5.8639695882797245,,,,6.01592877560061,5.893205796745565,5.771878162103082,,,6.126736918979486,5.87648899100259,5.626241063025695,5837216000,0.13291848536598483,0.13046121193980545,0.0024572734261793794,71.50426369799864,81.29364084961338,NVDA
2018-03-01,5.744189262390137,6.038065282747844,5.643014652370157,5.984138423890417,1040120000,33.062633830587615,47.3191514265386,51.284638124674906,5.847349667549134,,,,5.955542217109394,5.879658839076889,5.770295939262342,,,6.127214644254409,5.867584345572249,5.607954046890089,4797096000,0.10438067823668273,0.12524510519918092,-0.020864426962498184,43.06049069376257,65.95270763511478,NVDA
2018-03-02,5.85129976272583,5.8577316352340345,5.487912648839647,5.636582230098282,913428000,43.20513267792302,50.639071707230414,53.3963418239811,5.842636466026306,,,,5.932377227246379,5.877080741226792,5.774924729174541,,,6.121924999347894,5.850358489879619,5.578791980411344,5710524000,0.08937690141586963,0.11807146444251866,-0.028694563026649036,49.02630904294203,54.530354478234415,NVDA
2018-03-05,5.82928466796875,5.86886390141917,5.677646370047795,5.801084357975447,620776000,41.64864052948998,49.942416891587136,52.90357019529314,5.845450353622437,,,,5.909467769629129,5.8727356436578795,5.778031011391352,,,6.11175417917223,5.841488732088377,5.571223285004523,5089748000,0.07484707553386016,0.10942658666078697,-0.03457951112692681,46.056146376391574,46.04764870436539,NVDA
2018-03-06,5.990321159362793,6.009616302335347,5.871583487515694,5.914625881764728,636808000,55.66765004865382,54.83687195686537,56.008233363565516,5.880815243721008,,,,5.927435189569943,5.8834252359946895,5.79016187698972,,,6.118267827837126,5.8494345091191216,5.580601190401116,5726556000,0.07545656652914534,0.10263258263445865,-0.02717601610531331,67.78235650487794,54.28827064140385,NVDA
2018-03-07,5.9824066162109375,6.034601887566719,5.886179531894835,5.887416176470867,581208000,54.889897276770995,54.554545456221895,55.81916600643737,5.901099753379822,,,,5.939651062156831,5.892423543287075,5.801147290659504,,,6.120457836682632,5.877789788302827,5.635121739923024,5145348000,0.07444282450445794,0.09699463100845852,-0.022551806504000585,66.71456729698076,60.18435672608342,NVDA
2018-03-08,5.966079235076904,6.009863806615915,5.921799722692148,6.009863806615915,411912000,53.054897219387755,53.93760114787629,55.415712554333986,5.916587781906128,,,,5.945523989472403,5.899119515267968,5.810571973197641,,,6.126059933197679,5.904744092577407,5.683428251957137,4733436000,0.0714977617507273,0.09189525715691228,-0.020397495406184976,64.51176152112782,66.33622844099551,NVDA
2018-03-09,6.06873893737793,6.081601739121654,5.997496227771388,6.013574965861866,505524000,62.51100090403411,57.21391657773824,57.43790157952948,5.951151728630066,,,,5.972905089006964,5.91453946273251,5.8253243711508,,,6.137444622029513,5.921859383533535,5.706274145037558,5238960000,0.07656496505599719,0.08882919873672927,-0.012264233680732081,78.3620773384435,69.86280205218402,NVDA
2018-03-12,6.178323745727539,6.258471616899563,6.101886279979087,6.110049738096921,605060000,70.19999976764747,60.44794094883597,59.488469131819336,5.973197555541992,,,,6.018553679389314,5.938519852095694,5.845495763983757,,,6.155306035347489,5.953112967839721,5.7509199003319535,5844020000,0.08840426899478526,0.08874421278834047,-0.000339943793555203,89.59873617799597,77.49085834585576,NVDA
2018-03-13,6.1276116371154785,6.29557633587513,6.086300829106872,6.221117704568923,619772000,63.022040727906536,58.253573626184306,58.13345551487701,5.997713899612426,,,,6.04278878110624,5.9557100143702195,5.8616166710198545,,,6.163746994816522,5.976745667748167,5.789744340679813,5224248000,0.09262721049350198,0.08952081232937277,0.0031063981641292066,79.20363370846061,82.3881490749667,NVDA
2018-03-14,6.153091907501221,6.197865892724463,6.090754362170753,6.170654995786817,505496000,65.16937074464434,59.05779587063655,58.62846105687361,6.017818355560303,5.784444761276245,,,6.067300586971791,5.973653822836674,5.8782723988187895,,,6.179082802125621,5.999282906152743,5.819483010179865,5729744000,0.096912816308242,0.09099921312514662,0.005913603183095376,82.35844564253024,83.7202718429956,NVDA
2018-03-15,6.167934894561768,6.249072184426835,6.125881898571958,6.166698249895169,401952000,66.52810546218619,59.546687750050765,58.92422899909863,6.027799677848816,5.809238147735596,,,6.08966376643623,5.991315738448046,5.894824541432674,,,6.1966961477132125,6.021919369238186,5.847142590763161,6131696000,0.10035012107039609,0.09286939471419652,0.007480726356199577,84.19621392390832,81.91943109163306,NVDA
2018-03-16,6.1961350440979,6.215182485490429,6.146660765932487,6.1842611795924665,399456000,69.26187599848873,60.51146577657477,59.499333610973885,6.03291175365448,5.828108539581299,,,6.1133240503610455,6.0099356753253055,5.912042284442116,,,6.19995758828987,6.036091640540348,5.8722256927908285,6531152000,0.10414915956704007,0.09512534768476524,0.00902381188227483,87.68778473349133,84.74748143330997,NVDA
2018-03-19,5.961627006530762,6.1681810734862195,5.862678936377799,6.139239063752758,713772000,38.160350698628875,49.861874854865555,53.04280493272559,6.029586386680603,5.841735010147095,,,6.0796135961765385,6.005543978162165,5.914875697132896,,,6.203071348734871,6.032721649796433,5.862371950857993,5817380000,0.08723153534034278,0.09354658521588076,-0.006315049875537979,58.6524274020386,76.84547535314609,NVDA
2018-03-20,6.17387056350708,6.212707614865484,5.964595036483192,5.964595036483192,554696000,58.432486708695876,57.20310703418486,57.41523777335028,6.0303960800170895,5.858711433410645,,,6.100559588916659,6.020846395011702,5.929675403782849,,,6.209161382856676,6.034684062673993,5.860206742491307,6372076000,0.08991400483217671,0.09282006913913995,-0.0029060643069632464,84.93113231142421,77.09044814898472,NVDA
2018-03-21,6.148639678955078,6.23373507357065,6.1182128440574095,6.167439412804749,438688000,55.822025228759095,56.150569292021075,56.75840576960984,6.039301466941834,5.871919975280762,,,6.111244053369641,6.032463966279282,5.942187648078406,5.796021517441184,,6.207204616248452,6.035784662267847,5.864364708287242,5933388000,0.08897827356001109,0.09205171002331418,-0.003073436463303089,81.80719781281978,75.13025250876086,NVDA
2018-03-22,5.982653617858887,6.131818143198124,5.945300913799588,6.085312571074525,551196000,41.26766288035595,49.67497617363222,52.61832817554431,6.038930368423462,5.881838483810425,,,6.082668401033918,6.027935752786519,5.944499989208719,5.802686949598959,,6.201902329956209,6.034090945758445,5.866279561560681,5382192000,0.07399010004212236,0.08843938802707582,-0.014449287984953457,49.35951720721668,72.03261577715357,NVDA
2018-03-23,5.762988090515137,5.998731848995828,5.751856404293622,5.996258088521984,735620000,29.183894832652953,42.66284302680355,47.79490527494614,6.0229007482528685,5.88650336265564,,,6.011628332029744,6.003849601670938,5.934127880711943,5.8012691332031086,,6.198863133524733,6.026516624903289,5.854170116281846,4646572000,0.043880861058609,0.07952768263338246,-0.03564682157477346,2.0473198746156713,44.404678298217384,NVDA
2018-03-26,6.047711372375488,6.04894801674219,5.835467623702217,5.887415179892159,611424000,51.34397936549926,52.100954501184354,53.56319251972392,6.020303320884705,5.896664924621582,,,6.019646785439909,6.0078370353713515,5.9406183659498595,5.8100706417449794,,6.201293614312364,6.022798192225638,5.8443027701389125,5257996000,0.042503903016982925,0.07212292671010255,-0.029619023693119625,54.41311802223593,35.273318368022764,NVDA
2018-03-27,5.5786967277526855,6.184259396537966,5.438437864298383,6.1286009676048145,1409000000,31.721950026994406,40.32551813772168,45.000341664774254,5.9948983669281,5.897990055084229,,,5.921657883731637,5.9688242801332905,5.91993712948145,5.801807287673826,,6.215209120799281,6.0058159710645995,5.796422821329919,3848996000,0.0035264411282263097,0.05840362959372731,-0.054877188465501,16.36361779401758,24.27468523028973,NVDA
2018-03-28,5.475543975830078,5.67442952116933,5.367937981675976,5.544312918280471,945904000,28.815540387733975,38.276514129355974,43.404866952763435,5.9693573951721195,5.8986711502075195,,,5.822521459753513,5.923980616105726,5.8945432349870845,5.790155026536549,,6.196939049355277,5.977403734312405,5.757868419269534,2903092000,-0.03528035328132795,0.03966683301871626,-0.07494718630004421,11.599994078188,27.458909964813838,NVDA
2018-03-29,5.728850841522217,5.825572375141897,5.459464318760033,5.543817521864454,916628000,43.948711363530144,45.58804039661803,48.12648735904366,5.968590474128723,5.90213906288147,,,5.801705766813225,5.906241545689043,5.885075098217664,5.787965591357466,,6.189419775887964,5.960189898086831,5.730960020285702,3819720000,-0.04507566613068015,0.02271833318883698,-0.06779399931951713,38.90663405760355,22.290081976603044,NVDA
2018-04-02,5.468122959136963,5.804546877522229,5.380306574265453,5.658351059091432,922092000,34.80857370265994,40.2968445251421,44.161837899395756,5.949431633949279,5.900530853271484,,,5.727576253996277,5.866412583275218,5.861249261698767,5.776542640206734,,6.178551144650721,5.947931282426777,5.717311420202831,2897628000,-0.07303517916725077,0.0035676307176194296,-0.0766028098848702,10.800003795388415,20.43554397705999,NVDA
2018-04-03,5.574491500854492,5.6981766914158465,5.4755434427697205,5.635097451831041,667432000,40.8327157145288,43.193592108955976,46.05716967060097,5.9366919755935665,5.898246574401855,,,5.693557419964769,5.839874303055152,5.844863103936237,5.769326528087011,,6.164419563301449,5.940808545732183,5.717197528162917,3565060000,-0.08562323101994807,-0.01427054162989407,-0.071352689390054,23.44177748788622,24.382805113626063,NVDA
2018-04-04,5.596507549285889,5.60689705983273,5.2937259773642715,5.318710343939517,789168000,42.160228461688455,43.801376990027826,46.450485105997096,5.9170012950897215,5.894632558822632,,,5.671990782036129,5.8177500527124915,5.830671357956217,5.763154421701256,,6.156279822036979,5.926861492510708,5.697443162984439,4354228000,-0.09275363551947269,-0.029967160407809796,-0.0627864751116629,31.69338713895043,21.978389474075026,NVDA
2018-04-05,5.476284980773926,5.667996909469089,5.40479505841176,5.654886405356222,701240000,36.75622257960893,41.208563070559755,44.59422977712779,5.891695213317871,5.886033124923706,,,5.628500603977862,5.7867077734453485,5.810420707831515,5.75290908452528,,6.1412490777219615,5.9058703178986605,5.670491558075359,3652988000,-0.10687351760957586,-0.04534843184816301,-0.06152508576141286,19.420982642233227,24.85204908968996,NVDA
2018-04-06,5.299910068511963,5.481727444188991,5.270720356862263,5.373626522925142,662988000,29.98904532099378,37.68421680294228,42.018814774686334,5.858386754989624,5.875443906784057,,,5.55548048498544,5.742453436633222,5.781248671298969,5.73673054823909,,6.114851046433951,5.87649206129375,5.638133076153552,2990000000,-0.1307879650388486,-0.062436338486300126,-0.06835162655254848,3.0310763836996224,18.048482054961095,NVDA
2018-04-09,5.328607559204102,5.490882626804671,5.308570233414309,5.362992040560817,499524000,32.41841394772963,38.604286959577074,42.582870869155954,5.821380186080932,5.865156688690186,,,5.505064279256253,5.704831084139665,5.755383464893548,5.722154727202126,,6.091248865218678,5.848401865341976,5.605554865465272,3489524000,-0.14574463581809383,-0.07909799795265887,-0.06664663786543495,6.011040261118604,9.487699762350486,NVDA
2018-04-10,5.637819290161133,5.664782480783083,5.501765277097366,5.558908066384906,761676000,53.349009051840866,47.58437115618658,48.25352514340309,5.794354963302612,5.857602558135986,,,5.534565392790671,5.69873910286889,5.748665512051696,5.719142747307805,,6.0736816465008525,5.827076946989128,5.5804722474774024,4251200000,-0.1311354547759951,-0.08950548931732613,-0.041629965458668955,38.11976358509086,15.72062674330303,NVDA
2018-04-11,5.596507549285889,5.664287074154486,5.563854667046801,5.622976266459697,460244000,50.825340731508554,46.60360805084437,47.596936469671455,5.767799758911133,5.847481784820556,,,5.548330316456275,5.689445325270436,5.739970771322222,5.714762918807022,,6.043800834730101,5.79987008425708,5.5559393337840595,3790956000,-0.12149061756467194,-0.0959025149667953,-0.02558810259787664,35.66209852829899,26.59763412483615,NVDA
2018-04-12,5.803309917449951,5.821120712529302,5.645240231697108,5.68951974894543,593920000,61.70687210654551,51.9433467220962,51.08057324365336,5.750310659408569,5.843539037704468,,,5.604992450010426,5.699796651832209,5.743590151100949,5.717925311615698,,6.022530945551858,5.780190434409126,5.537849923266394,4384876000,-0.09605255770151988,-0.09593252351374024,-0.00012003418777964403,58.29959503172979,44.02715238170655,NVDA
2018-04-13,5.726625442504883,5.875295031552975,5.678388283452525,5.8668843386730956,503036000,56.17554733875658,49.948687119032186,49.79724255357207,5.728245186805725,5.836539793014526,,,5.632022003898083,5.702235632802451,5.742620739181174,5.718236030576026,,6.008371933611447,5.761755459728395,5.515138985845342,3881840000,-0.08114511783054912,-0.09297504237710201,0.011829924546552892,49.9053752321807,47.955689597403165,NVDA
2018-04-16,5.726377964019775,5.759773027746127,5.632129704513514,5.733304305667763,350792000,56.156053227094965,49.94202181954081,49.79302183439955,5.704757332801819,5.832156076431274,,,5.652989995036237,5.704430390185844,5.741692580600523,5.718526813913304,,5.985971153148782,5.739142629866789,5.4923141065847965,3531048000,-0.06856051088394999,-0.08809213607847162,0.019531625194521632,49.878285149068844,52.69441847099311,NVDA
2018-04-17,5.876037120819092,5.897311087255618,5.722914953028464,5.778573394126844,447224000,64.97604879813085,53.94448853505546,52.346582691374806,5.700477838516235,5.834216680526733,,,5.702556022987983,5.720031002061593,5.7493694114701555,5.7241521820170815,,5.974160170761321,5.722290008685557,5.470419846609792,3978272000,-0.04598083753856219,-0.07966987637048974,0.033689038831927545,96.60480670960915,65.46282236361957,NVDA
2018-04-18,5.84709358215332,5.918336279541336,5.7580405642844745,5.825572385054346,391364000,62.07787040395663,53.060876023171424,51.8137624103219,5.684138989448547,5.845498085021973,,,5.734675480580281,5.731582145706295,5.754953649794907,5.728542946307662,,5.959800871460205,5.714845300901181,5.469889730342157,3586908000,-0.03007509840040079,-0.06975092077647195,0.03967582237607116,88.99923629219968,78.49410938362588,NVDA
2018-04-19,5.665770530700684,5.766202930323834,5.6103598119135745,5.732807875274167,471996000,46.4892684897756,47.78064570179652,48.57547063947879,5.659995532035827,5.847279167175293,,,5.7193632694959256,5.725599271614876,5.749857471560952,5.726301074321698,,5.934631850478716,5.694070063727885,5.453508276977054,3114912000,-0.031735117728258544,-0.062147760166829276,0.030412642438570732,61.00068883485255,82.20157727888713,NVDA
2018-04-20,5.657609462738037,5.741467744563186,5.626440922864354,5.657114521800595,386200000,45.86718642738508,47.55128481160667,48.433037291584014,5.643743324279785,5.847304983139038,,,5.7056402013275065,5.7194183798988005,5.744586156771071,5.723847802479425,,5.911194458576165,5.6706562626736385,5.4301180667711115,2728712000,-0.033325074272992694,-0.05638322298806196,0.023058148715069268,59.740517848184155,69.91348099174546,NVDA
2018-04-23,5.538128852844238,5.726624889874579,5.512155073064359,5.675419505711618,427508000,37.13683808267784,44.205637702340084,46.352738787666816,5.63250036239624,5.850518360137939,,,5.668415457220114,5.702937513802931,5.73278859654668,5.717214982849597,,5.892162615769206,5.6502933442756476,5.408424072782088,2301204000,-0.04372221054004655,-0.05385102049845888,0.010128809958412331,41.29121700339815,54.01080789547829,NVDA
2018-04-24,5.471833229064941,5.659834310078603,5.406527461266923,5.563854949887461,414596000,32.95967808941492,42.422100560765784,45.22589501838029,5.6037064552307125,5.845206880569458,,,5.624730517630075,5.681928033372205,5.71787686126201,5.708451348785859,,5.876986629561815,5.634811100729709,5.392635571897603,1886608000,-0.05665839600187095,-0.0544124955991413,-0.0022459004027296503,31.054343347629533,44.02869273307061,NVDA
2018-04-25,5.359528064727783,5.481234465120674,5.202200543534497,5.442149701423266,588492000,26.82591678603896,39.513715431295886,43.35913315270508,5.592748022079467,5.839651746749878,,,5.565796639207344,5.652618945313621,5.69739978717434,5.6959898029266425,,5.85012149696184,5.604824371532297,5.359527246102753,1298116000,-0.07510672084356518,-0.05855134064802608,-0.0165553801955391,21.968952711470866,31.438171020832858,NVDA
2018-04-26,5.571277618408203,5.579441078017389,5.455260900874839,5.5213088660460246,375824000,48.50753224572919,46.90501355838965,47.620882092069785,5.597534704208374,5.836057243347168,,,5.567014634585313,5.645224279231309,5.690192806101989,5.691535796336699,,5.811068505587561,5.595373349448351,5.379678193309142,1673940000,-0.07181291726818095,-0.061203655972057056,-0.010609261296123898,51.53730728921222,34.85353444943755,NVDA
2018-04-27,5.5987348556518555,5.696941230649428,5.5564346287037605,5.677151614921187,400848000,50.7769699736107,47.79582959390716,48.14975132416133,5.591028904914856,5.828665771484375,,,5.5740635726001,5.640997967996813,5.684966637504838,5.688221477026526,,5.808469210725442,5.600678099231361,5.39288698773728,2074788000,-0.06622360018805029,-0.0622076448152557,-0.0040159553727945885,55.37139011221913,42.95921670430075,NVDA
2018-04-30,5.563360691070557,5.664782525559266,5.544066017229242,5.615061018278359,327844000,47.53786628017363,46.70854094925212,47.50372194195061,5.5957907915115355,5.818055114746094,,,5.571685154482424,5.633940033730789,5.6780177262800215,5.683762163242385,,5.792947735396544,5.596841935714456,5.400736136032367,1746944000,-0.06391169138602226,-0.06254845412940901,-0.0013632372566132478,50.43180075747689,52.446832719636085,NVDA
2018-05-01,5.618770122528076,5.62149111702441,5.4965688300785995,5.555195952175189,253788000,53.15483021118259,48.67797227081629,48.632349324453884,5.598004722595215,5.809867830276489,,,5.582148480714791,5.632560950894178,5.674632148922767,5.681441018931159,,5.780025506980252,5.598172946170114,5.416320385359976,2000732000,-0.056951902876300586,-0.06142914387878733,0.004477241002486747,58.16908136945718,54.65742407971774,NVDA
2018-05-02,5.598239421844482,5.6598343129891235,5.5720179378167884,5.615308039139775,268248000,50.73935836699035,47.9705757466324,48.230678145990225,5.598091316223145,5.798679084777832,,,5.585724245410278,5.62944081188966,5.670266850232579,5.6784695333209205,,5.774905338999123,5.599472629306785,5.424039919614447,1732484000,-0.05248782927932627,-0.05964088095889512,0.007153051679568853,55.30220856150703,54.63436356281371,NVDA
2018-05-03,5.763482093811035,5.789703575257757,5.584880659696481,5.63014957624899,443144000,65.7649094330724,53.7910653677739,51.594722602440484,5.612451171875,5.794538087844849,,,5.625225989499334,5.641626382973421,5.675593435579919,5.6815056961955674,,5.779919485690566,5.6096462125176165,5.439372939344668,2175628000,-0.03521043220995601,-0.054754791209107305,0.019544358999151294,78.37641972822567,63.949236553063294,NVDA
2018-05-04,5.913637638092041,5.916853574525235,5.717473064813771,5.734788919728415,400660000,74.30967796234862,58.350624382421906,54.40915737760046,5.6431375503540036,5.793009328842163,,,5.68931746696438,5.6663546788932955,5.689195961437755,5.68979612269187,,5.792735728622925,5.625501566942637,5.458267405262348,2576288000,-0.009294531461281785,-0.04566273925954221,0.03636820779826042,99.34388954313405,77.67417261095558,NVDA
2018-05-07,6.151607990264893,6.208750783497423,6.008380391268545,6.018275435151204,687616000,82.57893187370404,64.35374369399534,58.41523502149578,5.684287571907044,5.794369878768921,,,5.792048694364494,5.710468616290713,5.715619505942163,5.706289403676622,,5.828997176403466,5.662269524013552,5.4955418716236375,3263904000,0.030099259685642643,-0.030510339470505243,0.060609599156147886,94.32290699820062,90.68107208985346,NVDA
2018-05-08,6.194156169891357,6.196877165520586,6.102876132191082,6.151855468982241,506616000,83.70433530674043,65.31632279799547,59.08722678158062,5.712104415893554,5.796259803771973,,,5.881405911148241,5.7544402120725895,5.742964458167831,5.72371321675572,,5.862345033038346,5.699822683508471,5.537300333978598,3770520000,0.06401448634149087,-0.011605374308106021,0.07561986064959689,98.55003624989422,97.40561093040964,NVDA
2018-05-09,6.327240943908691,6.329467470389005,6.186982043012475,6.214192942604048,596760000,86.884484265103,68.20813801926995,61.14064686811159,5.748641085624695,5.801068706512451,,,5.980480362872786,5.806513005875871,5.7763516859244515,5.745267778439755,5.664496411176503,5.893737542250108,5.732192896354005,5.570648250457903,4367280000,0.10047318451094256,0.010810337455703697,0.08966284705523886,99.80248453784353,97.55847592864613,NVDA
2018-05-10,6.434845447540283,6.443997841561665,6.362365639705321,6.380176430607122,994080000,88.97250810657471,70.35998129538099,62.72217417324805,5.780217862129211,5.810038347244262,,,6.081450381687786,5.863634136936272,5.813979900873927,5.7698955523362025,5.681615278651254,5.931200383878141,5.770550985851149,5.609901587824158,5361360000,0.1364765331156157,0.0359435765876861,0.1005329565279296,99.26297198134331,99.20516425636036,NVDA
2018-05-11,6.296319484710693,6.426436575539366,6.1976191111087475,6.25302984716598,1214456000,71.40985229646316,64.32393337701731,59.464947009924856,5.808702564239502,5.821080951690674,,,6.129199071248432,5.902969168552129,5.841542162807457,5.7886964070638625,5.695275372119241,5.959922848330168,5.796752641560394,5.633582434790621,4146904000,0.15207849258739348,0.05917055978762758,0.09290793279976589,88.10769220664379,95.72438290861021,NVDA
2018-05-14,6.316850662231445,6.3942780050058285,6.2931034084385375,6.334414221915159,523140000,72.37953418092054,64.80584222944415,59.78851451236396,5.8382261991500854,5.830391969680786,,,6.170899424800213,5.940594758886612,5.868702648488828,5.8075590590341335,5.709088156343956,5.982728036640739,5.824116503753497,5.665504970866254,4670044000,0.16420697650468696,0.08017784313103946,0.08402913337364751,89.76103591687489,92.37723336828732,NVDA
2018-05-15,6.074428081512451,6.255998259899748,5.9739956552292846,6.2532767926755914,963528000,48.886383955271036,55.30622979744524,54.425590217331404,5.848145747184754,5.83529483795166,,,6.149461348514044,5.952761424579871,5.8804583875187495,5.817090095551216,5.7172068213477,6.0089061183022565,5.842944143441783,5.6769821685813096,3706516000,0.15249949192094103,0.09464217288901977,0.05785731903192126,62.62203374413297,80.16358728921722,NVDA
2018-05-16,6.085559368133545,6.147649204681876,5.998979630934426,6.035837863261541,553828000,49.78446820465255,55.62786165954292,54.620986547937875,5.860069036483765,5.837199602127075,,,6.135260908429489,5.964833964902931,5.892178443553881,5.826678283857728,5.725392433498497,6.01936239387698,5.854625493325064,5.689888592773148,4260344000,0.14247704120064686,0.1042091465513452,0.038267894649301665,62.16724745772396,71.51677237291061,NVDA
2018-05-17,6.1276116371154785,6.221364939063378,6.071211032157134,6.087290238906246,519784000,53.48922231694758,56.89003356644731,55.37661291824533,5.883161091804505,5.840103702545166,,,6.1335610703597085,5.979631935104072,5.905631768900259,5.837425903616933,5.7343306380233185,6.033113056691345,5.8688590993942205,5.704605142097096,4780128000,0.13635562074084717,0.11063844138924558,0.025717179351601588,66.60581419699942,63.79836513295212,NVDA
2018-05-18,6.083829402923584,6.242888530873096,6.078881880206906,6.1795620330222025,483716000,48.97497567673585,55.13169435772633,54.39080749399877,5.904472088813781,5.8424587059021,,,6.122509588707237,5.989104432178573,5.915814490844449,5.846226028592171,5.7420972772433245,6.055140947768065,5.890498250839704,5.7258555539113445,4296412000,0.1265131259636929,0.11381337830413506,0.01269974765955785,61.98465169709247,63.585904450605284,NVDA
2018-05-21,6.041774749755859,6.185002331994662,5.949010847406737,6.181291926883611,640624000,44.6331359915053,53.42364351692539,53.435558781563785,5.929654383659363,5.841919422149658,,,6.104568513384708,5.993892642867418,5.923012219925101,5.8532099114908736,5.748756776632492,6.079159420588048,5.90875650161735,5.738353582646653,3655788000,0.11400523748429592,0.11385175014016724,0.0001534873441286777,53.87243558270261,60.8209671589315,NVDA
2018-05-22,6.003680229187012,6.0803649275649825,5.943074268457857,6.055133322035146,518264000,40.71002474156623,51.85640534075988,52.56135809263661,5.956246733665466,5.838426551818848,,,6.082148894674109,5.994782423441926,5.927621820454353,5.858583851408593,5.754421742244815,6.095328835450229,5.928601114465392,5.761873393480557,3137524000,0.09986752563899959,0.11105490523993372,-0.011187379600934133,48.74766543270583,54.86825090416698,NVDA
2018-05-23,6.127194404602051,6.128432286032591,5.946749816485776,5.9474924509214135,442956000,55.819240848492456,56.32969198126406,55.05384442887642,5.99463005065918,5.838418207168579,,,6.092159007991429,6.006819876274664,5.939025968119935,5.868177085451216,5.762705579186087,6.118333730194916,5.955016693936979,5.791699657679042,3580480000,0.09750586196836863,0.1083450965856207,-0.010839234617252072,56.39468231521221,53.00492777687356,NVDA
2018-05-24,6.13090705871582,6.173233916435809,6.070264088250113,6.123481658641981,437372000,56.2216510441226,56.46064712280941,55.12793269982662,6.022611522674561,5.837974510192871,5.811209635734558,,6.100769685930183,6.018100529223859,5.949990601868271,5.877560298782095,5.770887834286747,6.146956741461859,5.992023709651563,5.8370906778412674,4017852000,0.09484054389967511,0.1056441860484316,-0.010803642148756482,37.49729506521707,47.54654760437838,NVDA
2018-05-25,6.170262813568115,6.18659935319307,6.107887192516503,6.143530337101226,292112000,60.767235350094154,57.9017942653894,55.932940142594305,6.051187920570373,5.838021068572998,5.823629608154297,,6.116212603183057,6.031933464164245,5.962577585393976,5.888013960024453,5.779762833826333,6.174295879756768,6.0215279915877105,5.868760103418651,4309964000,0.09481101823407645,0.10347755248556058,-0.008666534251484129,45.35393367546253,46.41530368529728,NVDA
2018-05-29,6.153183937072754,6.221253248895542,6.106402219022261,6.152193915246618,352684000,57.6500520606006,57.01975596434708,55.48136795648659,6.080679082870484,5.837162046432495,5.832635293006897,,6.1244284551585455,6.042956234428655,5.973469376918478,5.897484316347606,5.788061080565142,6.198927022197536,6.047380827936686,5.895834633675837,3957280000,0.09234500064761964,0.1012510421179724,-0.00890604147035276,41.9444561798163,41.59856164016531,NVDA
2018-05-30,6.262094020843506,6.2707573014894,6.16209474018039,6.1868471729315395,390996000,69.5879645185192,61.09025184420267,57.755142174105515,6.1128452777862545,5.84317138671875,5.842453198432922,,6.1550208030885365,6.062877851375459,5.989962213714193,5.910506091508174,5.7985951459046605,6.228872656921205,6.077900460137546,5.926928263353889,4348276000,0.09804855479780539,0.10061054465393901,-0.002561989856133623,63.68631254643255,50.328234133903806,NVDA
2018-05-31,6.242292881011963,6.316797575177459,6.219520961320823,6.23016428672442,493868000,65.5562221555005,59.97806519774468,57.19984225322938,6.145047950744629,5.844539833068848,5.851625633239746,,6.174414598182631,6.079188308615142,6.004381108988351,5.922355619704738,5.808455095573712,6.259965424042024,6.110309687881661,5.960653951721296,3854408000,0.09982021080016068,0.10045247788318336,-0.0006322670830226779,61.903588296066445,55.84478567410511,NVDA
2018-06-01,6.3766984939575195,6.382886957500765,6.2784318492506115,6.287095131674975,421968000,76.59940045741422,64.67867924354942,59.93353883686838,6.175708770751953,5.849101009368897,5.8605104923248295,,6.219366575021495,6.106234689100812,6.0256563881294465,5.938582150928052,5.821082726648908,6.295804183205389,6.145356126422272,5.994908069639155,4276376000,0.11079252339253287,0.10252048698505327,0.008272036407479602,96.1038640364983,73.89792162633245,NVDA
2018-06-04,6.555656433105469,6.577685714080431,6.378677190441144,6.410855019964954,642024000,84.52616643016836,69.76982391373028,63.204935650946844,6.207809710502625,5.860561065673828,5.871199774742126,,6.294097654595712,6.147091211283054,6.055942104985219,5.960620518148674,5.837406586792387,6.333209101191037,6.183037920213728,6.032866739236421,4918400000,0.13240231873576658,0.10849685333519594,0.023905465400570633,96.52869781550335,84.84538338268938,NVDA
2018-06-05,6.561103343963623,6.598727009887207,6.5140737615591435,6.558875440541781,391712000,84.71527328603615,69.91197694926095,63.30028536205109,6.228284478187561,5.876523370742798,5.8815133666992185,,6.353432252233025,6.184728677890378,6.0848084614982705,5.982066333356351,5.853488736951748,6.361490975061334,6.216782997007046,6.072075018952756,5310112000,0.1482587231473742,0.1164492272976316,0.0318094958497426,94.26164743221196,95.63140309473788,NVDA
2018-06-06,6.563084125518799,6.5663020512297825,6.454668922405703,6.47100546632841,371356000,84.79635531828099,69.9672840723234,63.33640607547309,6.246730875968933,5.886830825805664,5.891747875213623,,6.400021557407642,6.21912462767478,6.112138499442301,6.002816968790724,5.8692575233643485,6.376556120202748,6.236073726120115,6.0955913320374835,5681468000,0.15915028498255257,0.1249894388346158,0.03416084614793677,94.56375576334737,95.11803367035424,NVDA
2018-06-07,6.507390975952148,6.571251875158037,6.417044511671145,6.559370667837532,369448000,71.9232658334561,66.27828491805707,61.55554052782241,6.255738377571106,5.905404710769654,5.901697382926941,,6.42388142819531,6.245330659336359,6.134724355242863,6.02083746904649,5.8834382667551886,6.395324324736882,6.251974962551517,6.108625600366151,5312020000,0.16142712309331575,0.1322769756863558,0.029150147406959953,86.06944985299046,91.63161768284995,NVDA
2018-06-08,6.492043495178223,6.5346172643111355,6.415806152914098,6.434617983035637,360456000,68.48516451624295,65.25719973143619,61.06090938348882,6.258598279953003,5.925734701156617,5.912202925682068,,6.4390285541915135,6.267759098958346,6.1551425918105975,6.037666255694052,5.896962827386812,6.403701364532989,6.2614793507276,6.119257336922211,4951564000,0.16014704482099784,0.1378509895132842,0.02229605530771364,83.72865573986472,88.12062045206751,NVDA
2018-06-11,6.450954437255859,6.521003316281931,6.438083210085904,6.479419569477482,265372000,59.36777742257731,62.48184605053471,59.717797075915854,6.266330027580262,5.940176773071289,5.921157917976379,,6.441678750428035,6.284413220621756,6.172046125836041,6.052426547892689,5.909273752050568,6.406442566879584,6.264159224296115,6.121875881712645,4686192000,0.15404133733952285,0.14108905907853195,0.012952278260990907,77.46176240959548,82.4199560008169,NVDA
2018-06-12,6.499469757080078,6.511598351668126,6.4271929644497385,6.477440471285103,319160000,65.81588397136431,64.40669063522986,60.78263937027591,6.275460982322693,5.960803709030151,5.930667281150818,,6.454521196350711,6.303963814845241,6.190756047621415,6.068392376792239,5.922389218829002,6.407786212438354,6.272379635436419,6.136973058434485,5005352000,0.15137237451420837,0.14314572216566723,0.008226652348541141,84.77596243983724,81.98879352976583,NVDA
2018-06-13,6.495013236999512,6.575953296705752,6.485854709811067,6.500953839484804,338208000,64.68437186079497,64.08146237577633,60.62872730860391,6.296490240097046,5.979214143753052,5.938730359077454,,6.463519427606001,6.321331944131993,6.208142172728734,6.083628836085356,5.935114197010569,6.416030040038715,6.281150892068808,6.146271744098902,4667144000,0.14720075959319878,0.14395672965117357,0.0032440299420252172,80.37444659950667,80.87072381631314,NVDA
2018-06-14,6.606645584106445,6.663328452656958,6.525210286683891,6.540062027275103,430016000,76.71667787890594,68.38764995671629,63.07715668678871,6.322544550895691,5.999416904449463,5.947024731636048,,6.495325240161655,6.347269547766034,6.230913796236032,6.102308005657537,5.950037116723811,6.432841294177026,6.304813786145091,6.176786278113157,5097160000,0.15116004328933474,0.1453973923788058,0.005762650910528938,89.82219455158715,84.9908678636437,NVDA
2018-06-15,6.565804481506348,6.6207546981817265,6.518527523058552,6.549467943362677,432260000,66.73458620746413,65.30304321342405,61.61166410403456,6.344454193115235,6.021207294464111,5.953620209693908,,6.510987293793809,6.3671363599242445,6.250050406822907,6.118861451223567,5.9637208359412,6.45400909263931,6.328193127399008,6.202377162158706,4664900000,0.14928144491462625,0.14617420288596988,0.003107242028656365,82.48888896575502,84.22851003894964,NVDA
2018-06-18,6.561598300933838,6.579172251624388,6.494519479151794,6.521746733350019,356268000,65.67843461070484,64.977983244483,61.45792476216938,6.368342638015747,6.046441059112549,5.960942482948303,,6.5222341842693705,6.384814718197843,6.267853143629245,6.1346734815703625,5.977007001829926,6.4701773310531685,6.347480467452564,6.224783603851959,4308632000,0.1457728597615393,0.14609393426108377,-0.0003210744995444659,79.70404839281919,84.0050439700538,NVDA
2018-06-19,6.439816474914551,6.525707126637198,6.312342072456827,6.458380447015526,594932000,42.377046709136735,56.247947872054446,57.14196882531407,6.388244724273681,6.068665237426758,5.966910963058472,,6.503919137746077,6.3898148778993615,6.277679619702691,6.145571445618369,5.987291656787361,6.486373221061861,6.361325957293913,6.236278693525967,3713700000,0.13164794954876147,0.14320473731861932,-0.011556787769857857,49.63762845248555,70.61018860368661,NVDA
2018-06-20,6.492785453796387,6.545755154255158,6.442537958858666,6.480904249470554,369780000,51.380163006890776,58.838345317076595,58.468214520434216,6.41269998550415,6.085764560699463,5.971683559417724,,6.5014449857572565,6.3991758393445455,6.2899713816509015,6.157971945910441,5.99852485227645,6.500769534874218,6.382044856305865,6.26332017773751,4083480000,0.12330660852876818,0.1392251115606491,-0.015918503031880915,55.69121749808633,61.67763144779704,NVDA
2018-06-21,6.364072799682617,6.543032071432255,6.356399542035419,6.524715491296997,359516000,35.29841015930654,50.94511381711313,54.206831295640015,6.4245439052581785,6.101115865707397,5.974298825263977,,6.470917833296225,6.395984653920734,6.294205748395571,6.16533269068802,6.006648139996587,6.522744306283895,6.401670014844602,6.280595723405309,3723964000,0.10509849021025275,0.13239978729056984,-0.02730129708031709,14.738670827139575,40.0225055925705,NVDA
2018-06-22,6.2115983963012695,6.398231405498228,6.196252352488131,6.384864932880551,434160000,24.42909421107565,43.50039981410131,49.71902393568292,6.428578472137451,6.1092816352844235,5.976410336494446,,6.41329129174179,6.379222266864419,6.289485328275896,6.1669850373170645,6.011202590136691,6.533293439578451,6.4112526441647155,6.289211848750981,3289804000,0.07747196658315758,0.1214142231490874,-0.043942256565929816,3.2855553533120614,24.571814559512674,NVDA
2018-06-25,5.918778896331787,6.108876754747901,5.830165580311759,6.105164055330327,665816000,14.28912001631636,33.40462209595816,42.632556874807584,6.416004276275634,6.113124704360962,5.974832248687744,,6.3033996483173445,6.33736377863418,6.268302103593375,6.158120532281877,6.009148730274359,6.533462331748943,6.403052900799475,6.272643469850003,2623988000,0.03158556241526789,0.1034484910023235,-0.07186292858705562,10.635773503756633,9.553333228069437,NVDA
2018-06-26,5.989817142486572,6.080410964192684,5.938332242571544,6.03214398855067,478884000,23.52963414585936,37.21178605282277,44.634019858862594,6.407835936546325,6.118393487930298,5.975274782180787,,6.233714647021618,6.305768629893488,6.252388677244414,6.152109696932044,6.00871913943463,6.529238691634767,6.395811805402222,6.262384919169676,3102872000,0.0009415951688396262,0.08294711183562674,-0.08200551666678711,19.16210713103717,11.027811996035302,NVDA
2018-06-27,5.834619998931885,6.099717271107846,5.8291741722451,6.033381106224153,453892000,18.344697304041134,32.800062058983826,41.33983858931268,6.386462235450745,6.117565145492554,5.975890913009644,,6.145026947446121,6.262936936169706,6.228516181340841,6.140770779146324,6.00485026964568,6.525266441543698,6.3844256472640355,6.243584852984373,2648980000,-0.03545834042368057,0.05926602138376527,-0.09472436180744584,0.6528560500937413,10.150245561629196,NVDA
2018-06-28,5.96184778213501,5.973728986554079,5.817046370461789,5.824719628644382,338012000,32.89198895618081,39.16725689102642,44.829564326081815,6.372439980506897,6.119860229492187,5.98267915725708,,6.104320466265874,6.235565194893824,6.213277987100508,6.134380672110206,6.00389465881211,6.512595604099054,6.369468140543996,6.22634067698894,2986992000,-0.05342349995804163,0.03672811711540389,-0.09015161707344552,17.11030101188258,12.308421397671177,NVDA
2018-06-29,5.863830089569092,6.039571495277882,5.862592208056513,6.02694812537577,392300000,28.240666434575985,36.312661585353815,42.779752564925786,6.346796560287475,6.123821420669556,5.985550293922424,,6.050878160333256,6.201771094409757,6.193309535812998,6.124718151305166,6.000782112828931,6.500317673868696,6.353394844915318,6.206472015961941,2594692000,-0.07470902777559996,0.014440688137203122,-0.08914971591280307,5.528147185386564,7.76376808245431,NVDA
2018-07-02,5.996006011962891,5.999718711230233,5.773729860544244,5.794274344435092,357572000,41.60359262287917,42.40823210142434,46.24490336766407,6.318814039230347,6.130589351654053,5.988947167396545,,6.038684349584285,6.1830651778236785,6.182035048735848,6.120121289185799,6.000675977254129,6.485969078794663,6.333258928772913,6.180548778751162,2952264000,-0.07999039020209509,-0.00444552753065652,-0.07554486267143856,24.986117715267653,15.874855304178945,NVDA
2018-07-03,5.862344741821289,6.036601348332182,5.853928847257329,6.0306607446466485,222732000,33.93514634784205,38.4051988662305,43.46234699110746,6.28387610912323,6.137073669433594,5.993796014785767,,5.999497770081397,6.153908774550734,6.163767031197874,6.110914983922781,5.997601949800066,6.4572682459707025,6.305336001785354,6.153403757600004,2729532000,-0.0938790758728727,-0.022332237199099755,-0.07154683867377294,9.961220944223031,13.491828614959097,NVDA
2018-07-05,6.008134841918945,6.013084950434021,5.8786799439543,5.917541010449429,306216000,46.77585361610525,44.553056120951354,47.09250008920615,6.256128644943237,6.147799701690674,5.9965032911300655,,6.00141711937863,6.140656598856935,6.1548737632390775,6.107244264565501,5.997836014069374,6.43147857764296,6.277177202117056,6.1228758265911525,3035748000,-0.09206069824676888,-0.036277929408633586,-0.055782768838135294,27.67392064068657,20.8737531000591,NVDA
2018-07-06,6.121994972229004,6.130410864336519,5.962342298021104,5.983629415671489,296352000,54.97705147795493,48.8472078710908,49.727994927760896,6.23685884475708,6.163049039840698,6.001350393295288,,6.0282121977898235,6.138960087345304,6.152994975181359,6.107771075553483,6.000595102028477,6.4124309482446495,6.255442170933443,6.098453393622238,3332100000,-0.08050405924720483,-0.04512315537634784,-0.03538090387085699,43.23898463026221,26.958042071723952,NVDA
2018-07-09,6.169520854949951,6.205907109995479,6.090808685652088,6.196253806458275,303880000,58.20297258750512,50.56808708935188,50.797531145996594,6.220732712745667,6.175013904571533,6.00553557395935,,6.059614121603186,6.141738338945727,6.153939311168136,6.109976424817643,6.004349007648954,6.3942281303142625,6.239101683438461,6.083975236562661,3635980000,-0.06674104876841369,-0.049446734054761014,-0.017294314713652677,51.266583832149905,40.726496367699575,NVDA
2018-07-10,6.26853084564209,6.29056013180557,6.141551209403484,6.181897553593382,360016000,64.55242674086662,54.037219304399926,52.976438623961336,6.211611533164978,6.1884098243713375,6.008537797927857,,6.106040060278499,6.153264930463577,6.160487398852362,6.115639082704231,6.010219715159913,6.383891125670815,6.227326687794775,6.070762249918733,3995996000,-0.04729924872248503,-0.04901723698830582,0.0017179882658207857,64.09129197302245,52.865620145144874,NVDA
2018-07-11,6.126945495605469,6.210360837420715,6.116301700822524,6.175707719786286,367508000,51.2043572285774,48.766619202412464,49.686876838601194,6.192985320091248,6.199681520462036,6.008868317604065,,6.110685712573381,6.1508722545673855,6.158570718666825,6.116042883164989,6.012813621392036,6.369240080614173,6.212145212718982,6.055050344823789,3628488000,-0.042822604259537655,-0.04777831044255219,0.004955706183014531,45.91376835554721,53.757214720239865,NVDA
2018-07-12,6.218530178070068,6.266549778100942,6.162342543784297,6.172243706398811,345508000,57.95313701188762,52.02619052345098,51.71447517035792,6.179161167144775,6.211676721572876,6.010772275924682,,6.134651149350423,6.157022974885811,6.161996973489867,6.119703143697314,6.017385100429325,6.357630032488016,6.199592219492907,6.041554406497799,3973996000,-0.03152135424997038,-0.04452691920403583,0.013005564954065449,71.22485462523544,60.409971651268386,NVDA
2018-07-13,6.171252250671387,6.237093649879108,6.12917326034445,6.237093649879108,246988000,53.37975362062874,50.24891630218826,50.61367308234753,6.157391500473023,6.223136978149414,6.010908031463623,,6.142784727421748,6.158316545411772,6.1625258464716675,6.1215441832321025,6.020804370434704,6.34229929161974,6.18341282135606,6.024526351092381,3727008000,-0.026079339428124904,-0.04083740324885365,0.014758063820728744,76.91546185113884,64.68469494397385,NVDA
2018-07-16,6.143529891967773,6.196500066231124,6.131153912466004,6.143529891967773,197036000,50.571603136005294,49.18784003904792,49.96172731179802,6.136277770996093,6.230737934112549,6.012638010978699,,6.142950319543087,6.1569723041895905,6.161440363357159,6.122329387115519,6.02353160424655,6.31781807750218,6.1623969411531645,6.006975804804149,3529972000,-0.02372992236254401,-0.037415907071591724,0.013685984709047715,71.55154254433106,73.23061967356847,NVDA
2018-07-17,6.279420852661133,6.294519983644975,6.068778485957057,6.094273554163843,362136000,62.25244768714332,54.283895963720234,53.060218234856194,6.1221688985824585,6.238053598403931,6.015531463623047,,6.17327710468043,6.168103990414275,6.1681821056031,6.12793979659929,6.029218031989096,6.306836737616637,6.145533966859776,5.984231196102916,3892108000,-0.010778479963971854,-0.032088421650067755,0.0213099416860959,97.10072631678514,81.85591023741836,NVDA
2018-07-18,6.23016357421875,6.285856429863127,6.1791739121311835,6.2719951808340175,277640000,56.44986041045906,52.238752163066124,51.843671855202054,6.111686253547669,6.239624710083008,6.016997294425964,,6.185918542355612,6.173745770760137,6.171723903809709,6.131590645799985,6.033683488483088,6.292963612541733,6.130611806296333,5.968260000050932,3614468000,-0.004437862348368959,-0.026558309789727997,0.022120447441359038,87.64254417056661,85.43160434389428,NVDA
2018-07-19,6.238331317901611,6.271994889251169,6.196252797941393,6.21135145545472,235752000,57.24288486255958,52.55793008364248,52.034317596935075,6.0989635467529295,6.240508213043213,6.018384008407593,,6.197565825810278,6.179617184136634,6.175530041757817,6.135402812660757,6.038231218025722,6.277342095755603,6.121543763932612,5.965745432109621,3850220000,0.0012319898362580517,-0.02100024986453079,0.02223223970078884,89.21088107262447,91.31805051999208,NVDA
2018-07-20,6.210114002227783,6.274717522467759,6.199222819097126,6.235856455363256,222352000,53.22491352753306,51.28287822816329,51.30078984828943,6.091265606880188,6.238165674209594,6.019617190361023,,6.200354309458612,6.18238962214492,6.1775062680703865,6.1380710694310086,6.042050835452434,6.263370798942982,6.108892585787889,5.954414372632796,3627868000,0.0034091879917008683,-0.01611836229328446,0.019527550284985328,83.7927069517665,86.88204406498589,NVDA
2018-07-23,6.173480987548828,6.185362193594304,6.021748931212923,6.183629537384063,301584000,47.978416394077584,49.60052376791553,50.33766656458363,6.089359736442566,6.232938385009765,6.021488366127014,,6.194382460145327,6.181579746272548,6.177276252040583,6.139335709363788,6.04497150549902,6.248260162405829,6.094878104822901,5.941496047239973,3326284000,0.002153827107853168,-0.012463924413056935,0.014617751520910103,72.52804559607559,81.84387787348886,NVDA
2018-07-24,6.156154155731201,6.308133592834742,6.138579734859166,6.221500314004944,354620000,45.436356827262045,48.785321338244025,49.874657586244886,6.101228499412537,6.230135078430176,6.025608015060425,,6.185887281386632,6.179268328950608,6.176069275108619,6.1399363681626244,6.047442231059735,6.243490475803193,6.091652475126671,5.939814474450148,2971664000,-0.00023646019238476867,-0.010018431568922502,0.009781971376537734,64.6109801372648,73.64391089503565,NVDA
2018-07-25,6.234370708465576,6.246994546663593,6.107638495947421,6.165559247115585,319112000,57.60441338866553,52.57458267565175,51.960030472834966,6.113456177711487,6.228485479354858,6.0294387245178225,,6.196661376293065,6.184277636179241,6.179400785586159,6.143309023173445,6.051596197224309,6.248460589271849,6.103258546867705,5.958056504463562,3290776000,0.004132999379599767,-0.007188145379218049,0.011321144758817816,78.6683801832201,71.93580197218684,NVDA
2018-07-26,6.307886123657227,6.344767151704547,6.197490899059358,6.214322686613513,325124000,66.12482219010735,55.878822967871386,53.84677593010365,6.137119483947754,6.233154640197754,6.034224739074707,,6.2213779868184345,6.195514771404512,6.1867428049045055,6.149186776762151,6.057291528922819,6.262066564164586,6.116617020283107,5.971167476401628,3615900000,0.01337374299824301,-0.0030757677037258377,0.016449510701968848,88.58236913348466,77.2872431513232,NVDA
2018-07-27,6.238084316253662,6.351450072825667,6.184124115909684,6.344519448204734,295420000,53.804365703235725,52.16267296142561,51.82629766115051,6.150931310653687,6.236205139160156,6.036702370643615,,6.225090504470708,6.1993847300271625,6.189676605553029,6.152361688886848,6.06130914641906,6.2731855425275045,6.13265110064349,5.992116658759476,3320480000,0.01489299916871012,0.0005179856707613535,0.014375013497948766,65.61560083854344,77.62211671841608,NVDA
2018-07-30,6.042787551879883,6.258133073464418,6.007886574566048,6.252192471536247,340340000,33.09888633910175,43.455055206626895,46.70062671081923,6.159879183769226,6.234508657455445,6.037306180000305,,6.184578737228302,6.185148622922864,6.181282945343135,6.148448326850885,6.0608975554293,6.286469283943024,6.1414794190682445,5.996489554193465,2980140000,0.0003343497320651423,0.0004812584830221113,-0.00014690875095696898,10.158523094167945,54.78549768873203,NVDA
2018-07-31,6.060855865478516,6.135607917437021,5.993529682880892,6.032390741098346,283988000,35.840053888168896,44.38012978112032,47.20565495928343,6.163121676445007,6.234049186706543,6.038253946304321,,6.157084765728349,6.173849281337015,6.174401397922299,6.145320024659015,6.060896628985948,6.291537482592186,6.148209572606228,6.004881662620268,3264128000,-0.009634462841279223,-0.0015418857818381556,-0.008092577059441067,18.810379204160927,31.528167712290784,NVDA
2018-08-01,6.1007080078125,6.147490190342073,6.036847125370651,6.092292587606934,283556000,42.11726294613013,46.460663143591084,48.334497669758186,6.175039839744568,6.235227851867676,6.038573637008667,,6.144556597302605,6.1672000746529685,6.170190347058882,6.1437267383430685,6.061781326293205,6.29422880612622,6.15639355260286,6.0185582990794995,3547684000,-0.014155903356813937,-0.004064689296833312,-0.010091214059980626,29.94473853477445,19.63788027770112,NVDA
2018-08-02,6.20343017578125,6.207390262278958,5.970510710583737,6.029421010200333,269668000,55.5643422311131,51.496955156797156,51.149217729362476,6.184804606437683,6.23922285079956,6.0388247013092045,,6.157639614742304,6.170493720210085,6.172089765843017,6.14585900396586,6.064929078504051,6.3067855896674,6.166369048019259,6.0259525063711195,3817352000,-0.009342660693624438,-0.005120283576191538,-0.0042223771174329005,61.14344913760545,36.63285562551362,NVDA
2018-08-03,6.240063190460205,6.263825597343778,6.21110328819832,6.227934599646429,214288000,59.58259339560622,53.188124598964826,52.121711455342506,6.190708017349243,6.241480226516724,6.039949216842651,,6.175955964901838,6.17681821750555,6.175973961535428,6.149223439197801,6.068820947658632,6.315833911059339,6.179307021665212,6.042780132271084,4031640000,-0.002542840790026979,-0.004604795018958626,0.0020619542289316475,70.75994412603615,53.9493772661387,NVDA
2018-08-06,6.287836074829102,6.291301386866718,6.180906176460744,6.22744050156969,207508000,64.59311799863026,55.37339630508717,53.38684889115423,6.1966237783432,6.244618806838989,6.04129665851593,,6.200818211552341,6.18691074998951,6.182366082295067,6.154173890470348,6.073687950484643,6.321743044961587,6.187962505848862,6.054181966736136,4239148000,0.0066245740218775495,-0.0023589212107913912,0.00898349523266894,83.3007548439783,71.73471603587332,NVDA
2018-08-07,6.360113620758057,6.3786780644087235,6.309866590145665,6.336599067965504,258132000,71.09807837632704,58.527771800395165,55.25689493227703,6.201202917098999,6.248415822982788,6.043218445777893,,6.236217191375833,6.202656465513923,6.192523084492952,6.161528880837766,6.080052965379608,6.32878369217546,6.19720729354275,6.06563089491004,4497280000,0.019497257962609815,0.00201231462388885,0.017484943338720964,95.45175686475237,83.17081861158896,NVDA
2018-08-08,6.396498680114746,6.441548209075582,6.326449804495059,6.361350784661163,262100000,73.98527970076131,60.05833101062342,56.18206294348547,6.214680576324463,6.253282117843628,6.045222082138062,,6.27183529998448,6.220278485023089,6.204178832814197,6.169920659383372,6.087085092373721,6.334531675562278,6.2045700634925,6.074608451422721,4759380000,0.032263014982092386,0.008062454695529558,0.02420056028656283,90.43610559561095,89.7295391014472,NVDA
2018-08-09,6.347984313964844,6.4170431678978685,6.3403110555152455,6.414320490147372,204280000,63.789345676554866,57.035790119617424,54.60806660420726,6.221153283119202,6.2549999237060545,6.049085655212402,,6.288757303091227,6.231888105835975,6.212396288879948,6.1762800756184255,6.092882852853523,6.344051507798508,6.214914992119948,6.085778476441387,4555100000,0.03802691489158505,0.014055346734740657,0.023971568156844394,80.1366355310759,88.67483266381309,NVDA
2018-08-10,6.306647777557373,6.3390734664687445,6.254915485426212,6.266054055626351,256396000,55.911176603055516,54.5181788617548,53.278449804208435,6.227923059463501,6.256287021636963,6.050413427352905,,6.2927329640837035,6.2386844396288295,6.217782088232944,6.1809360649733875,6.097633184513609,6.347116054936201,6.218934265604028,6.090752476271853,4298704000,0.038811934253794256,0.01900666423855138,0.019805270015242876,71.36099950638129,80.64458021102273,NVDA
2018-08-13,6.339568138122559,6.460359752374849,6.313578298782827,6.315310954738808,375208000,60.565583176834664,56.17721691388873,54.20678849133877,6.23772497177124,6.255544414520264,6.05232271194458,,6.303140780536782,6.247855684946441,6.224741291083779,6.186601496157286,6.103009516816029,6.358109233040287,6.22807691684824,6.09804460065619,4673912000,0.04161080229771841,0.023527491850384788,0.01808331044733362,75.3410532741636,75.61289610387361,NVDA
2018-08-14,6.471004962921143,6.485114074187494,6.361847133742483,6.445015116000861,466220000,73.81146213616,62.118530535042275,57.71386192783444,6.24730417728424,6.253851385116577,6.057206225395203,,6.340443932177751,6.268141982944141,6.238813500903056,6.196758762827424,6.111187193396143,6.374308354631174,6.241517905740084,6.108727456848992,5140132000,0.053814439326917096,0.02958488134569125,0.024229557981225846,97.25825514090204,81.32010264048232,NVDA
2018-08-15,6.412835597991943,6.525706097990686,6.3341229712355265,6.491795140032265,591136000,62.63769455575382,58.348261101899865,55.73878650034577,6.2564377784729,6.250886030197144,6.0637047004699705,,6.356530969025349,6.281295947948487,6.248757620736707,6.204475792654729,6.117890491276049,6.382680897998742,6.251517038199686,6.120353178400631,4548996000,0.05812213222635787,0.03529233152182458,0.02282980070453329,79.67013009133476,84.08981283546682,NVDA
2018-08-16,6.3722429275512695,6.485113926660515,6.312094727696344,6.4826386357558246,801260000,55.590576461772194,55.802919261383195,54.3810679933454,6.2631333589553835,6.247069206237793,6.066950016021728,,6.3600225153644425,6.289563855185103,6.255813923983253,6.210467476043891,6.12354276763772,6.393367687036705,6.259044937655164,6.124722188273622,3747736000,0.0575965830699543,0.039753181831450525,0.017843401238503774,72.35870939847513,83.09569821023733,NVDA
2018-08-17,6.0598673820495605,6.2615990658127565,6.032887047003049,6.260856431476854,1143188000,27.264578376121975,40.98575171567433,45.470309063203274,6.255621027946472,6.238118734359741,6.071761722564697,,6.293321374627801,6.268682357627327,6.244616978729899,6.20508890125838,6.122127759069094,6.395061088183864,6.25345405654042,6.111847024896977,2604548000,0.03160960978124017,0.03812446742140845,-0.006514857640168285,16.09463505868913,56.041158182833016,NVDA
2018-08-20,6.13461971282959,6.267292074334021,5.9088782218015945,6.019273912852223,854388000,36.54893691964465,44.765404006196064,47.61766806186578,6.25367796421051,6.230970258712769,6.078352479934693,,6.258054338672643,6.256494844463896,6.238331420678453,6.20257214452878,6.122405358041549,6.402608597908594,6.247529225828874,6.092449853749154,3458936000,0.016852370944543615,0.03387004812603549,-0.017017677181491872,36.597161013973555,41.68350182371262,NVDA
2018-08-21,6.270262718200684,6.274718052367044,6.13115450456094,6.150956356944079,673988000,50.349168647011815,50.90939665630234,51.25887209792376,6.2593833923339846,6.227356424331665,6.083766598701477,,6.2607673119010965,6.257746469349058,6.240156066251152,6.204989665017063,6.125691077156197,6.406345010909336,6.252220387142725,6.098095763376113,4132924000,0.01591890651867711,0.030279819804563814,-0.014360913285886703,58.58757529439296,37.09312378901856,NVDA
2018-08-22,6.505407810211182,6.510358389930501,6.234122556755537,6.237587868136408,749856000,65.8157245665256,59.35080088118249,56.71228653367026,6.272935247421264,6.227475185394287,6.0941394472122195,,6.315131867081115,6.28026113670016,6.255313308763153,6.2157188844882825,6.13412922677964,6.42169528391045,6.2624905660867265,6.103285848263002,4882780000,0.03376416074405064,0.030976687992461182,0.00278747275158946,96.70924603717455,63.96466078184704,NVDA
2018-08-23,6.604916095733643,6.670262274910097,6.452936610015426,6.466797863523942,720684000,70.48467471104684,62.30480016751798,58.75394827666682,6.287786746025086,6.229673242568969,6.104443693161011,,6.379528362337233,6.309775223885022,6.275290610875753,6.229618784889903,6.14459115720084,6.443489253309151,6.280571696715022,6.117654140120893,5603464000,0.05529869140966426,0.0358410886759018,0.019457602733762458,91.4174484073228,82.23808991296346,NVDA
2018-08-24,6.738081455230713,6.752685338372689,6.608874409986806,6.613329743941186,531512000,75.79389793937779,65.87838932375465,61.30716055043889,6.312786602973938,6.232301959991455,6.115859432220459,,6.459206827424673,6.348712154007357,6.30173580198175,6.247778165973503,6.157779830490393,6.463157524045518,6.300404982892308,6.137652441739099,6134976000,0.08216316785787825,0.04510550451229709,0.03705766334558116,98.26928656381565,95.465327002771,NVDA
2018-08-27,6.8291707038879395,6.903427535696273,6.7363494280708105,6.767784628210213,505776000,78.90815890679403,68.10575457878431,62.94738909837756,6.352105760574341,6.237569284439087,6.129388289451599,,6.541421022194288,6.392390203996501,6.331874939233533,6.268542185184733,6.172699627677005,6.490055073486701,6.327314334680658,6.164573595874615,6640752000,0.10954088100383164,0.057992579810604,0.05154830119322763,92.533619925035,94.07345163205783,NVDA
2018-08-28,6.79154634475708,6.846001789806466,6.671497355930979,6.82322940119538,475384000,74.17786926398637,66.18398418027445,61.81582136291534,6.388640284538269,6.242168245315551,6.14430465221405,,6.597004427208242,6.4286771258838264,6.358141876692021,6.287220905169461,6.186451776945451,6.518198122621868,6.359064148816914,6.1999301750119615,6165368000,0.12674095375442374,0.07174225459936795,0.054998699155055786,88.75056376027617,93.18449008304229,NVDA
2018-08-29,6.897049903869629,6.922063400202053,6.763066407189008,6.783869654946075,420108000,78.51232436456708,68.83925152310978,63.72736867208455,6.4284573793411255,6.251312913894654,6.159989075660706,,6.663681199799662,6.4712564693370815,6.38893662110217,6.309000512265896,6.202242846432655,6.556974988031946,6.397035359062379,6.237095730092811,6585476000,0.1471886912089717,0.08683154192128871,0.060357149287683,97.5312019100088,92.93846186510666,NVDA
2018-08-30,6.880208969116211,6.97704374244422,6.843307767354182,6.865844619286061,346608000,76.06654949614312,67.92243417234117,63.19938717544601,6.462296319007874,6.25906138420105,6.172412972450257,,6.711798481870006,6.508433969317003,6.417009326702972,6.329400814296264,6.2173087602700665,6.596416160821555,6.435376869465385,6.274337578109217,6238868000,0.16018819793851335,0.10150287312473365,0.05868532481377971,90.93447864992388,92.40541477340297,NVDA
2018-08-31,6.951286315917969,6.964164582855906,6.85024130690597,6.86014788410666,306592000,79.32797799974306,69.75337100500353,64.4972387197686,6.497857475280762,6.2708056545257564,6.185960760116577,,6.7650180005473315,6.548693273553454,6.447539440372401,6.3516110107827535,6.233619372617798,6.62840810097711,6.473223870370718,6.318039639764324,6545460000,0.1742174779080834,0.11604579408140361,0.05817168382667978,97.5886296619315,95.35143674062141,NVDA
2018-09-04,7.026080131530762,7.063723901325676,6.909680197061578,6.938160901435282,391720000,82.36288758458825,71.59095721125854,65.82322985767206,6.534769678115845,6.287095289230347,6.198188462257385,,6.823031807432538,6.592092078824118,6.480598908438592,6.375699193666611,6.251229611704752,6.669494709536976,6.509485650591602,6.349476591646225,6937180000,0.18919015288574048,0.130674665842271,0.05851548704346948,96.74036362932688,95.08782398039409,NVDA
2018-09-05,6.8953166007995605,7.043911986598432,6.814332250165113,7.0084968624158135,393156000,62.96808103703841,64.24245993342493,61.61688992245876,6.56152982711792,6.306626043319702,6.209875373840332,,6.839095094847432,6.619657944458249,6.50429706228779,6.394256958207074,6.2655426559068585,6.706813293306637,6.541128780740911,6.375444268175185,6544024000,0.18833358920152232,0.14220645051412129,0.04612713868740104,85.41733293789376,93.2487754097174,NVDA
2018-09-06,6.754149913787842,6.881446508281345,6.721211440505451,6.878969863861159,322796000,48.24930284572573,57.393377139062885,57.47182883701441,6.5794123888015745,6.321912698745727,6.220153093338013,,6.8202183879453,6.631884487124575,6.518574368087793,6.407110278049244,6.276400594970879,6.73193107692252,6.561893059903802,6.391855042885085,6221228000,0.17425508035168136,0.1486161764816333,0.025638903870048052,73.19347571483219,85.11705742735096,NVDA
2018-09-07,6.732851505279541,6.858414493738516,6.617194621957892,6.6620207987311355,295420000,46.29028958340855,56.41611064367187,56.86840523066653,6.598655748367309,6.339877328872681,6.228721237182617,,6.8008035251306875,6.641063306956844,6.5308187759273215,6.418743893307469,6.286543948533294,6.754507717063645,6.5784639158925415,6.402420114721439,5925808000,0.1595400783763372,0.1508009568605741,0.008739121515763115,71.34921124851164,76.6533399670792,NVDA
2018-09-10,6.803929805755615,6.833649068285126,6.7115532777255975,6.755388894724343,220140000,53.80202676955417,58.92947826028737,58.39257436325234,6.623519849777222,6.356718969345093,6.23828959941864,,6.801498254158449,6.655869352302187,6.546425120488938,6.432500533037761,6.298041412027123,6.776410647998869,6.5982066716764844,6.4200026953541,6145948000,0.15186317397920135,0.15101340028429955,0.0008497736949018009,72.14211655761633,72.22826784032007,NVDA
2018-09-11,6.756131649017334,6.8452884880842015,6.736814011098898,6.757617257802112,243112000,48.34569531128187,56.56708273615456,56.97705150687544,6.6443480253219604,6.374565000534058,6.249193210601806,,6.791416786349313,6.664984106549018,6.55840835069056,6.4440587871798884,6.30822119507135,6.800387583023892,6.62102567832328,6.441663773622668,5902836000,0.14030491245840082,0.14887170271911981,-0.008566790260718993,62.92288406695845,68.80473729102881,NVDA
2018-09-12,6.642208099365234,6.735823178153974,6.48667832841631,6.716258018283195,419092000,37.47558144087321,51.289494791980836,53.73144899514815,6.652908182144165,6.3874890422821045,6.259039196968079,,6.758259300352851,6.662913560441401,6.563196907757685,6.451135548329365,6.31564312627788,6.817185894215832,6.6329495420797135,6.448713189943595,5483744000,0.12056245958571488,0.14320985409243883,-0.022647394506723956,30.988118456719462,55.35103969376476,NVDA
2018-09-13,6.719974517822266,6.81061745190911,6.690750769925217,6.7080868114960595,305536000,47.200120971029094,54.41592081063177,55.53887110174202,6.6682651281356815,6.404641637802124,6.270857653617859,,6.74975157090161,6.6681009202032975,6.572155628332803,6.460736940096968,6.3246282683122,6.831363287762215,6.647288852695674,6.46321441762913,5789280000,0.10992438362692702,0.13655275999933647,-0.026628376372409446,40.42942193104715,44.78014148490837,NVDA
2018-09-14,6.846031188964844,6.912156128684418,6.773467351839708,6.81036854958199,386936000,59.463726839206466,59.00870064524698,58.2994154312279,6.69195454120636,6.421399564743042,6.284599633216858,,6.771147041582329,6.68427639918162,6.587805660368919,6.474497448985106,6.336214999882259,6.848828477485064,6.667272820985685,6.485717164486309,6176216000,0.11039281202811768,0.1313207704050927,-0.02092795837697503,62.274606620190795,44.564049002652474,NVDA
2018-09-17,6.784116268157959,6.8695588419502664,6.764799104222408,6.820522419223566,205528000,52.30350056513653,56.023021467833004,56.49812831248448,6.72816698551178,6.434641990661621,6.29884551525116,,6.774029091932469,6.693352750906741,6.599023409385435,6.485555263955566,6.346168361399496,6.8654037830202,6.687098577055885,6.508793371091569,5970688000,0.10456269459114242,0.12596915524230268,-0.021406460651160253,51.54496519954525,51.416331250261074,NVDA
2018-09-18,6.7120466232299805,6.890856253867916,6.7053602041795335,6.7880781280765214,299520000,44.77292165091357,52.681625108504264,54.45081030618062,6.757038331031799,6.445492506027222,6.310253205299378,,6.760255209998583,6.695052193845218,6.60548187874798,6.493644241072509,6.3542989894401725,6.894360317608265,6.718113014935441,6.541865712262618,5671168000,0.0930541956409554,0.11938616332203324,-0.02633196768107783,39.05554524530913,50.95837235501508,NVDA
2018-09-19,6.735823631286621,6.753655188534426,6.643447104654831,6.693474096148274,224860000,47.75116569430132,53.663539952122974,55.01308359050375,6.7803163766860965,6.454838361740112,6.321624093055725,,6.754825970284813,6.6987586881580725,6.612929978893045,6.502293505008728,6.3627773148145375,6.911463787601155,6.747035807245133,6.582607826889113,5896028000,0.08487386011879128,0.11248370268138486,-0.02760984256259358,43.17601842332191,44.592176289392114,NVDA
2018-09-20,6.594658374786377,6.656077554890416,6.5406686561212855,6.6137280186247756,430584000,34.49724232285388,47.377572736477596,51.09795454620168,6.784778904914856,6.464192619323731,6.331937069892883,,6.71923317128516,6.6892950233061,6.611885887229807,6.505592250357929,6.367930227258356,6.927825777498911,6.7647384947160765,6.601651211933245,5465444000,0.0662364957567485,0.10323426129645759,-0.036997765539709085,18.712568199015923,33.648043955882336,NVDA
2018-09-21,6.524569034576416,6.652113601011477,6.491383044589679,6.6065443911724575,435128000,29.60187684344534,44.58508529196796,49.2775880228768,6.780761551856995,6.470313396453857,6.340995059013367,,6.675974474238773,6.674319933421583,6.606896352792471,6.506269992651447,6.3714110896432015,6.928963255165908,6.771376223657036,6.613789192148162,5030316000,0.04528856781239732,0.09164512259964554,-0.04635655478724822,6.566328196413991,22.818304939583957,NVDA
2018-09-24,6.580294132232666,6.583761340259767,6.406437740628487,6.493613459183464,293912000,37.996429427955846,47.24732092716918,50.73635488524929,6.772872185707092,6.478494234085083,6.350815606117249,,6.6547121760151935,6.6657721333135,6.605376225903339,6.5089137119222045,6.376052935034078,6.924556462097203,6.768874290838968,6.613192119580733,5324228000,0.032805571454644245,0.07987721237064528,-0.04707164091600104,27.272692615157965,17.51719633686264,NVDA
2018-09-25,6.647409439086914,6.672422935138691,6.560728768700022,6.646418875734119,280388000,47.11131516474873,50.34165694771215,52.45798355843531,6.763784122467041,6.488571825027466,6.359654879570007,,6.653089345586688,6.66410279747472,6.607778123799544,6.513859987892372,6.382083079568585,6.919549631200279,6.765396829558578,6.611244027916877,5604616000,0.028005521049282223,0.06950287410637268,-0.04149735305709046,47.649384350995014,27.162801720855672,NVDA
2018-09-26,6.610508918762207,6.692731826342434,6.59465895874206,6.652363413236343,268548000,42.94598655948726,48.651922145963276,51.42497691482613,6.754732251167297,6.495193586349488,6.366623592376709,,6.64362702851458,6.659230626682673,6.607934169225981,6.517311735423438,6.387159209328443,6.907199413995777,6.7563325761647945,6.605465738333813,5336068000,0.020982015309215285,0.05979870234694121,-0.03881668703772592,40.352730482710925,38.424935816287984,NVDA
2018-09-27,6.622395992279053,6.666974650087891,6.590943598014401,6.645675884543633,214428000,44.831538994693844,49.24295889082387,51.74500010833695,6.740999555587768,6.503038234710694,6.37133147239685,,6.638909020462241,6.655882023555071,6.608760559114728,6.521064744596853,6.3923866933940126,6.895704947400234,6.749527318226491,6.603349689052746,5550496000,0.01618841393803816,0.0510766446651606,-0.03488823072712244,42.703262675645746,43.568459169783914,NVDA
2018-09-28,6.959707260131836,6.98199658940961,6.726412815712354,6.7543984748710395,709396000,74.0427081804614,62.45079386954565,59.63435345607792,6.7449744701385494,6.517465753555298,6.378986983299256,,6.710197518166595,6.6835024996075045,6.628814656315705,6.536730548723103,6.404993817099298,6.901668396543817,6.750891396861301,6.600114397178786,6259892000,0.039156281365536394,0.04869257200523576,-0.009536290639699366,96.12735877052774,59.72778397629482,NVDA
2018-10-01,7.166254043579102,7.233121549404895,6.998836575370029,7.037471375725969,622060000,81.31317651878636,67.95038523458103,63.45884816030997,6.755722856521606,6.536588554382324,6.387377114295959,,6.811543412702707,6.727389003604922,6.659525478445041,6.559213530682246,6.421910711021071,6.917530280452927,6.76196523320161,6.606400185950292,6881952000,0.07318149035021726,0.053590355674232065,0.019591134675985195,91.91135654092886,76.91399266236748,NVDA
2018-10-02,7.09492826461792,7.2504575562459115,7.07263893864645,7.138763876045599,383964000,72.85683276586816,64.4404354827609,61.36000129323016,6.759165263175964,6.555017499923706,6.393977942466736,,6.874517824239421,6.760801663697013,6.68440563765492,6.578346199751378,6.436866656656556,6.930927400751006,6.772319718183046,6.613712035615084,6497988000,0.09331563479031324,0.0615354114974483,0.03178022329286494,81.5727914499001,89.87050225378557,NVDA
2018-10-03,7.101121425628662,7.172694714984471,6.9971047023831385,7.165264780334179,320552000,73.14780303747521,64.6113674490081,61.47566436688447,6.76945550441742,6.573916845321655,6.402025961875916,,6.924874180103696,6.791739823872617,6.708217968396276,6.597016743532709,6.451627873744825,6.936261933101641,6.776628235850954,6.616994538600268,6818540000,0.10852086467682565,0.07093250213332378,0.03758836254350187,82.3065610719097,85.26356968757956,NVDA
2018-10-04,6.916861534118652,7.0892318148323685,6.839839457760228,7.064961362814658,391220000,52.90116160720182,55.98820578216895,56.239396305174324,6.77759108543396,6.587566661834717,6.408026070594787,,6.923093592107019,6.803114524804075,6.720140457866126,6.608439771767921,6.46196639953091,6.93867161295981,6.778094457583465,6.617517302207119,6427320000,0.10449829430019619,0.07764566056669826,0.02685263373349793,60.47533293004216,74.78489515061733,NVDA
2018-10-05,6.683320045471191,6.954258724615724,6.625863119933211,6.892096505081082,426636000,37.22852627971809,47.360559417081504,50.53571273101596,6.775114512443542,6.595075340270996,6.414114990234375,,6.869810581743502,6.792224117591994,6.718036434300702,6.611114067257324,6.466885369440694,6.945197258010054,6.776612458019108,6.608027658028161,6000684000,0.08152575380759686,0.07842167921487798,0.0031040745927188723,32.805190081960006,58.52902802797064,NVDA
2018-10-08,6.582027435302734,6.715515410614468,6.441109526399067,6.600106515241961,408612000,32.25495620815019,44.1805711806407,48.31390835195254,6.764019393920899,6.601954202651978,6.419079670906067,,6.805858771423331,6.7731153282929695,6.710264491500818,6.6100752589732314,6.469444082015405,6.9393202705282215,6.769155184230859,6.598990097933493,5592072000,0.054517934048586625,0.07364093018161971,-0.019122996133033088,20.803977753270946,38.028166921757716,NVDA
2018-10-09,6.576331615447998,6.656077396879092,6.508473066511357,6.56147174817955,273500000,31.966784672569872,44.001658590565455,48.18935878876798,6.755029392242432,6.61262508392334,6.423566870689392,,6.754852736762146,6.755225899852517,6.702611184297799,6.608870128847331,6.47181936053613,6.930880199837694,6.75950042116851,6.5881206424993275,5318572000,0.032282306909399594,0.06536920552717569,-0.0330868986177761,20.12913342505222,24.579433753427736,NVDA
2018-10-10,6.084728240966797,6.516149952007898,6.082499119360329,6.470332740501705,684940000,16.603315360472365,31.968590810256572,39.09528988110327,6.72715539932251,6.613102531433105,6.423575859069825,,6.605936182140957,6.694271567226542,6.667303587536028,6.59015077570874,6.463217335656811,6.920097219379303,6.733232852345249,6.546368485311196,4633632000,-0.024722881627316617,0.047350788096277234,-0.07207366972359386,0.19085624420093933,13.707989140841383,NVDA
2018-10-11,5.823200702667236,6.1310405572503575,5.801654416415952,5.9975521192102565,725436000,12.705193291464951,27.63839625994801,35.381703289756786,6.682316708564758,6.6075523853302,6.421390118598938,,6.43199496448013,6.61508330681206,6.619069136972097,6.562759701671544,6.448994743812598,6.890444996263243,6.699759615367441,6.509074234471639,3908196000,-0.08996591978536639,0.01988744651994851,-0.10985336630531489,1.4871783238828113,7.269055997712004,NVDA
2018-10-12,6.105779647827148,6.180077568316361,5.935142945429617,6.080271106089191,608236000,33.07736292023213,37.49065721114195,41.6433296705952,6.645304131507873,6.605599374771118,6.42241111278534,,6.359502671890579,6.568782974177068,6.589738309020957,6.5464389854628156,6.4413677416795885,6.864649143003326,6.668008145874053,6.471367148744781,4516432000,-0.11751509742025146,-0.007593062268091484,-0.10992203515215998,20.991480695361467,7.556505087815086,NVDA
2018-10-15,5.8293914794921875,6.0924051307887295,5.828400916327411,6.0924051307887295,449760000,25.965203268429136,32.78834415241781,37.889022139452194,6.597567892074585,6.597385940551757,6.419433083534241,,6.241700184690936,6.501565565569351,6.54628991876217,6.520830145963865,6.427768269186536,6.826466431415535,6.623858032494995,6.421249633574455,4066672000,-0.15980806657492774,-0.03803606312945874,-0.12177200344546901,1.91448115438867,8.13104672454433,NVDA
2018-10-16,6.088196277618408,6.099340942425173,5.8927935955533615,5.942077548983793,408712000,40.37166749716016,40.334863399182396,42.92611401142698,6.566375374794006,6.5933931446075436,6.419005975723267,6.115107805728912,6.2075882053414855,6.463986539391992,6.520113139268241,6.505378936380099,6.420222224929466,6.794200073140901,6.586744645213507,6.3792892172861135,4475384000,-0.1704770121695205,-0.06452425293747109,-0.1059527592320494,19.777832703764492,14.227931517838224,NVDA
2018-10-17,6.019594192504883,6.188497754822828,5.970557765839343,6.150357996946321,329668000,38.018449524549006,39.08221011881266,41.98259441181903,6.53056390285492,6.58658275604248,6.417499289512635,6.120564448833465,6.1658117580444625,6.423587235129527,6.491512056596049,6.488029481241698,6.411319379764476,6.7619416358357425,6.552941258418105,6.343940881000468,4145716000,-0.18236564571086955,-0.0880925314921508,-0.09427311421871876,15.042745980969501,12.245019946374235,NVDA
2018-10-18,5.932169437408447,6.1273245462890085,5.871740834786437,6.088937744829766,524020000,34.90691060776304,37.484550040523146,40.788150855508476,6.497439455986023,6.577296171188355,6.415289144515992,6.123962218761444,6.11389124234757,6.378912889882156,6.4595496212139,6.468177336819082,6.400671603267675,6.73391680689728,6.517993780545216,6.302070754193151,3621696000,-0.19657591574998,-0.10978920834371664,-0.08678670740626337,9.008471710505383,14.609683465079806,NVDA
2018-10-19,5.675595760345459,6.006963018891538,5.639190081324528,5.987398332065419,613608000,27.096791943766505,33.195624831935376,37.513487717604264,6.454990792274475,6.563848400115967,6.40942416191101,6.125938680171966,6.0164922463471004,6.314974969015183,6.414752257735703,6.439870851945025,6.384558806758292,6.706733257550568,6.478792896017652,6.2508525344847365,3008088000,-0.22593655266029167,-0.13301867720703164,-0.09291787545326002,2.2594435491045686,8.770220413526499,NVDA
2018-10-22,5.726367950439453,5.827908042656615,5.623589771797496,5.727854032046628,368844000,30.77474215471213,34.78577089496993,38.53438905147253,6.412294483184814,6.552242803573608,6.404264912605286,6.127945272922516,5.952020180589845,6.261465240053752,6.3754160116044885,6.414388605462683,6.369932343284541,6.669281880217677,6.439265913235366,6.209249946253054,3376932000,-0.24231492193967252,-0.15487792615355983,-0.08743699578611269,6.634681471644615,5.9675322437515375,NVDA
2018-10-23,5.474745273590088,5.552262404557416,5.367013363002802,5.459142365929109,626436000,23.67233668486891,30.864715688608328,35.52702908722539,6.353661274909973,6.534946346282959,6.395245380401612,6.1278779363632205,5.845959090145455,6.1899452431025095,6.32394911228938,6.380829915038662,6.350039297291331,6.619239089008144,6.388845720029484,6.158452351050822,2750496000,-0.27245801828113425,-0.1783939445790747,-0.09406407370205955,6.255414954638237,5.049846658462488,NVDA
2018-10-24,4.938564777374268,5.4829188801226385,4.924695943211473,5.436359087612761,884288000,14.886970766928002,24.5216764267729,30.26509538056864,6.270064067840576,6.504297542572021,6.379074463844299,6.125137119293213,5.644315909529636,6.07618338258176,6.2447842931513735,6.3293204458363626,6.31867319684873,6.568528053598625,6.316871409835559,6.0652147660724935,1866208000,-0.3357417029387433,-0.20986349625100842,-0.12587820668773486,0.6833409781587817,4.524479134813892,NVDA
2018-10-25,5.147339344024658,5.194642159526976,4.796654477924571,4.840985603952008,951720000,27.465038656522992,30.51004358661268,34.23045906595527,6.1963112354278564,6.478987617492676,6.36493682384491,6.123225095272065,5.533876672750752,5.991743015440205,6.182073153201276,6.287106835057374,6.292643555674862,6.507265842799189,6.241327541226504,5.9753892396538175,2817928000,-0.3648424396990757,-0.2408592849406219,-0.12398315475845381,18.275679082615444,8.404811671804168,NVDA
2018-10-26,4.910827159881592,5.073043394604899,4.782787492968196,4.911322205465824,664784000,22.87042238545196,27.817487903279712,32.07062064964215,6.093867230415344,6.449759302139282,6.348414254188538,6.12008106470108,5.395421225446494,5.89347793766215,6.10943052501158,6.237953989515382,6.261936524657233,6.436297880192254,6.160158395307032,5.884018910421813,2153144000,-0.40235148245206886,-0.2731577244429113,-0.12919375800915756,6.83501612036052,8.598012060378263,NVDA
2018-10-29,4.597043037414551,5.055459466934435,4.35904280426076,5.0519922586061154,758016000,18.060330112768156,24.702700386974612,29.489771906728222,5.965406680107117,6.420502815246582,6.329310774803162,6.115504078865051,5.218003850328284,5.775620219457823,6.023008382863178,6.1793500269403525,6.224938891607395,6.3516300597205895,6.054498532503159,5.757367005285728,1395128000,-0.4521849190798237,-0.30896316337029384,-0.14322175570952989,11.033306036853853,12.04800041327662,NVDA
2018-10-30,5.027472972869873,5.037379550666025,4.597042276379911,4.620074644621499,807192000,39.132794724259114,35.38996749666927,36.78519749038612,5.8620339155197145,6.398359880447388,6.314665069580078,6.113433997631073,5.175663655337526,5.707606833404372,5.9661206451492745,6.1382115607235495,6.198328537857672,6.254516401503376,5.947572859988266,5.640629318473158,2202320000,-0.4517388142466743,-0.33751829354556995,-0.11422052070110433,36.53712098260466,18.135147713273028,NVDA
2018-10-31,5.221390724182129,5.264978822018619,5.0524871402980365,5.192166977113558,745772000,46.56238004810411,39.55256950100301,39.72266330448804,5.7680473804473875,6.3773824405670165,6.302369432449341,6.11176367521286,5.185825226191882,5.663405368929623,5.923564649665438,6.105467959418499,6.176618808664882,6.162847371651817,5.854252731845227,5.545658092038636,2948092000,-0.4307720589109314,-0.3561690466186423,-0.0746030122922891,47.136876459102076,31.569101159520216,NVDA
2018-11-01,5.40168571472168,5.411096774570711,5.131242095891826,5.257795649835205,566528000,52.967491557839914,43.21563338224884,42.327577822041164,5.692288589477539,6.355307998657227,6.291391592025757,6.111029436588288,5.233794223642948,5.639612673092537,5.893742996240079,6.080332879250756,6.159398073243922,6.083258446896589,5.769698822991067,5.456139199085545,3514620000,-0.39505352418705453,-0.36394594213232473,-0.0311075820547298,56.99199699563992,46.8886648124489,NVDA
2018-11-02,5.3226823806762695,5.498024833610456,5.2060349347782315,5.3922745284325195,452960000,49.82707004456993,42.014174464729415,41.50587290186219,5.624256706237793,6.329663324356079,6.279668283462525,6.109199321269989,5.253547147428131,5.610800828327421,5.8611109610650045,6.053273932873096,6.140804391186863,6.008791811462207,5.693203733187158,5.377615654912107,3061660000,-0.368869143011719,-0.36493058230820363,-0.0039385607035153924,52.67358871665291,52.267487390464986,NVDA
2018-11-05,5.244669437408447,5.332836176667664,5.083938864720117,5.30955581546362,379332000,46.556233332061154,40.807705522790044,40.69039761681463,5.557388806343079,6.2997950839996335,6.266048521995544,6.106536626815796,5.251574322979312,5.577516156425696,5.825885731141773,6.024395200892216,6.120890281102898,5.931958600518893,5.620156155231223,5.308353709943552,2682328000,-0.3503739322317614,-0.3620192522929152,0.011645320061153819,48.409316276172525,52.69163399615513,NVDA
2018-11-06,5.227087020874023,5.320949637238487,5.189937821803206,5.236745604788894,299012000,45.74411026610762,40.52525482575904,40.50289627175626,5.48992657661438,6.267753410339355,6.252661347389221,6.103140778541565,5.246132700289248,5.545658962284635,5.791668661983616,5.995919908748709,6.101027986431144,5.861627487840466,5.556653331542326,5.251679175244184,2383316000,-0.33329310308517535,-0.35627402245136724,0.0229809193661919,49.08970080851496,50.05753526711348,NVDA
2018-11-07,5.294696807861328,5.384349162280916,5.230057947812317,5.29370624457511,483812000,49.785970847277575,42.182458107122685,41.58501002972179,5.450425004959106,6.23781641960144,6.239992332458496,6.1004674077034,5.256924724194155,5.522844220973425,5.763270270319485,5.97087622657416,6.083109515796259,5.801124035323303,5.4958314559727395,5.190538876622176,2867128000,-0.3107191017652422,-0.34716303831414225,0.03644393654890005,56.77787039041842,51.42562915836865,NVDA
2018-11-08,5.101522922515869,5.236248967742835,5.0480282573411275,5.235505927235626,511352000,39.65683152274642,38.85146223785178,39.44220675513859,5.414341115951538,6.201905879974365,6.226609396934509,6.09676017999649,5.222390990487869,5.484542284750011,5.725456136159278,5.939827894286363,6.061296480390028,5.7370943919665915,5.4434889612944035,5.149883530622215,2355776000,-0.3049018425619092,-0.3387107991636957,0.033808956601786455,50.547871843299276,52.13848101407757,NVDA
2018-11-09,5.093597412109375,5.183992799896752,4.9789315724393886,5.01261308334997,413240000,39.26353954850995,38.71637931306558,39.35522425967202,5.36373200416565,6.166173648834229,6.212617516517639,6.092150537967682,5.1937701952926485,5.449001841782681,5.689349923356427,5.909605377065757,6.039792056650458,5.691501556537718,5.403816359835863,5.11613116313401,1942536000,-0.297501730425779,-0.33046898541611236,0.03296725499033337,61.56072257495532,56.29548826955769,NVDA
2018-11-12,4.694125652313232,5.024254923068485,4.67233136506613,5.002213113030679,617116000,24.54212963220401,32.56958314100146,35.257978082783154,5.306968712806702,6.121030435562134,6.195918045043945,6.085108435153961,5.082738074630557,5.380376733649094,5.632479965011102,5.866195386896025,6.009888358776298,5.635798042001551,5.343018134103716,5.050238226205881,1325420000,-0.320180281751,-0.3284112446830899,0.008230962932089914,29.41950262760411,47.17603234861958,NVDA
2018-11-13,4.936087608337402,5.0574403667505115,4.785758625983644,4.791950474039039,644712000,40.702128099835434,38.8974733111817,39.26217184517647,5.249363279342651,6.079230585098267,6.183162937164306,6.079786636829376,5.050149082120967,5.339986813166213,5.592686116058319,5.8329772519475025,5.986026119877655,5.58900632221393,5.295860817825355,5.002715313436779,1970132000,-0.31499779092124314,-0.3257285539307206,0.010730763009477451,50.66320531906084,47.2144768405401,NVDA
2018-11-14,4.883584499359131,5.123565874792832,4.775605516357931,5.109201522640789,526580000,38.55228823488186,38.06278135910052,38.71892747471158,5.192562794685363,6.038995943069458,6.17281099319458,6.073821620941162,5.013134730396114,5.298495693729206,5.552166023675508,5.799070367926489,5.961527417199465,5.543397816017141,5.2435183586969885,4.943638901376838,1443552000,-0.31153599864068315,-0.3228900428727131,0.011354044232029958,46.05355322400116,42.045420390222056,NVDA
2018-11-15,5.012366771697998,5.084435576631756,4.841729582049803,4.877640223132298,840708000,46.820071001583486,41.38529783701059,40.81874382123388,5.1465726613998415,6.004160280227661,6.163036489486695,6.069155635833741,5.012964072907645,5.27248397354455,5.5213203521339365,5.770973810918329,5.940434958410544,5.49314670862044,5.192087917700361,4.891029126780284,2284260000,-0.2950002707284183,-0.31731208844385417,0.02231181771543589,57.36034025139576,51.359032931485935,NVDA
2018-11-16,4.072254180908203,4.22654542575318,4.002414023206302,4.044764036724098,1963520000,21.49031102257247,29.10932242901316,32.35711937091628,5.066405582427978,5.950948333740234,6.145412831306458,6.060651872158051,4.803917430241102,5.163372174213973,5.4385165709210375,5.710305252703681,5.898919830021603,5.4022835639302285,5.1027225020080405,4.803161440085853,320740000,-0.3536778384871857,-0.3245852384525205,-0.029092600034665184,4.669674571490209,36.02785601562906,NVDA
2018-11-19,3.583622455596924,4.007614005727063,3.581888851770885,4.006871437548716,1697820000,16.068378600639505,24.964390790436568,29.08133438593177,4.959268307685852,5.886542186737061,6.121630578041077,6.052154867649079,4.532740769209062,5.019758563430605,5.332522621473945,5.634352295664154,5.847468777256609,5.307445994115956,5.005125302841904,4.70280461156785,-1377080000,-0.43459894415222333,-0.34658797959246107,-0.08801096455976226,0.09047394561081085,20.706829589498945,NVDA
2018-11-20,3.6920976638793945,3.8203848449310898,3.301539790287708,3.3201141544358785,1692032000,21.354251627056996,27.434680573185716,30.709407112958758,4.870135927200318,5.825261507034302,6.099913253784179,6.042731773853302,4.3459311902469135,4.899062118016858,5.238784052468541,5.564986058814698,5.799571641403782,5.221410071664487,4.904111914495945,4.586813757327404,314952000,-0.48439268332420937,-0.37414892033881075,-0.11024376298539862,17.781039519434522,7.513729345511863,NVDA
2018-11-21,3.5838701725006104,3.8461408270095885,3.5566277914460134,3.8293000694747925,1025496000,19.857005446322418,26.497387663988036,29.99124902944814,4.802401196956635,5.764094748497009,6.075791895389557,6.032369531393051,4.176584297414402,4.779499213879017,5.144217545041802,5.494231920017766,5.7503338309837115,5.140543559471356,4.81828045020715,4.496017340942943,-710544000,-0.5265182596706639,-0.4046227882051814,-0.12189547146548252,12.853735702466015,10.2417497225038,NVDA
2018-11-23,3.591052770614624,3.704728074520094,3.5363202431252327,3.5491985126740127,411968000,20.302027315391555,26.676426688740392,30.104657629191962,4.724586868286133,5.701516313552856,6.05307897567749,6.0234374952316285,4.046466180347784,4.671458628127708,5.055465272217392,5.426261236110511,5.702349807419954,5.0503288955190175,4.746628410327016,4.442927925135014,-298576000,-0.5529494497259337,-0.4342881205093319,-0.11866132921660183,13.9001189556708,14.84496472585713,NVDA
2018-11-26,3.7904181480407715,3.800819772673055,3.6296875394006882,3.712157968160956,814832000,32.74175169198152,31.652859381974324,33.242747936959844,4.668566417694092,5.640404052734375,6.030901808738708,6.013702549934387,3.9895666176128928,4.591364039028895,4.983176865121584,5.367838268679448,5.659862437211527,4.977340373830894,4.684442529035561,4.391544684240228,516256000,-0.5514524380403589,-0.45772098401553735,-0.09373145402482158,23.472064430227537,16.7419730294548,NVDA
2018-11-27,3.8072593212127686,3.888491436415153,3.728503851054658,3.764414259453143,738060000,33.78935093855502,32.07225990236219,33.506396148843564,4.629077231884002,5.580866913795472,6.007754452228546,6.004552422761917,3.9490538850795316,4.520081791954702,4.915981576898223,5.312103306269924,5.618693479078221,4.918083097837232,4.631388506197909,4.344693914558585,1254316000,-0.5426517519591334,-0.4747071376042566,-0.06794461435487681,24.280644101437694,20.550942495778692,NVDA
2018-11-28,3.9642741680145264,3.9694749798310367,3.7923989105841724,3.9248963229057217,804524000,43.61503055036212,36.014501483901086,35.971161257609396,4.575917291641235,5.525911464691162,5.985701985359192,5.995618779659271,3.952436170176197,4.469553826141959,4.861598296390583,5.263966551332231,5.581928605499027,4.8570764465600815,4.595112359369654,4.333148272179227,2058840000,-0.5170471611026581,-0.48317514230393693,-0.033872018798721204,34.25498702593452,27.33589851919993,NVDA
2018-11-29,3.901057720184326,4.003690928347455,3.870813183574996,3.9665050381833353,549172000,40.697138361179654,35.13049710568151,35.41854844668714,4.509900641441345,5.469216146469116,5.962027254104615,5.985282526016236,3.9410187368446703,4.417872361963992,4.806710263464511,5.2152912359340915,5.5445759191587,4.7966207075703995,4.549297550356814,4.301974393143226,1509668000,-0.49613721639982167,-0.4857675571231139,-0.010369659276707743,31.84769695904008,30.127776028804117,NVDA
2018-11-30,4.051537036895752,4.062196837468503,3.8604008642457814,3.910725913254747,729564000,50.21169157308184,38.97063870141327,37.7966592037286,4.442393207550049,5.418353719711304,5.941273169517517,5.975070743560791,3.965578359078244,4.384569150594152,4.7635575076605825,5.173728585968437,5.511397277330635,4.7395285000563945,4.492714662295087,4.245900824533779,2239232000,-0.4620967476625024,-0.48103339523099164,0.01893664756848923,41.16281610818699,35.75516669772054,NVDA
2018-12-03,4.215403079986572,4.330431897986579,4.148468195214734,4.2788672880447995,890804000,58.840917442961974,42.93244104154156,40.29942438968114,4.387029242515564,5.372170400619507,5.921241898536682,5.9660070872306825,4.021094963724539,4.369190416902554,4.732234397507781,5.1395026750405135,5.482597406278544,4.683284145457704,4.44113178273959,4.198979420021473,3130036000,-0.41708886988485094,-0.46824449016176356,0.05115562027691262,50.15643285628791,41.05564864117167,NVDA
2018-12-04,3.89486026763916,4.175738270348914,3.879737762458066,4.170780025419611,812112000,41.82490621247886,37.767619178048925,37.235579704874645,4.3195387840271,5.318461723327637,5.89847797870636,5.954693005084992,3.993042809038899,4.326069494242245,4.684384447229575,5.095051160490465,5.447314358753225,4.618770272101467,4.376426927999608,4.134083583897749,2317924000,-0.4026435048630095,-0.45512429310201274,0.05248078823900326,32.563775151034804,41.29434137183659,NVDA
2018-12-06,3.9241135120391846,3.9290715208765,3.738679347649496,3.754297394656939,692308000,43.61075168022566,38.49481963201643,37.687576852995505,4.2543901085853575,5.263995804786682,5.876283814907074,5.944460912942886,3.9777251874834065,4.289528041314694,4.640940393790124,5.053231958760063,5.413465451048468,4.551387803619043,4.3118304185038765,4.07227303338871,3010232000,-0.38440378906910944,-0.44098019229543206,0.056576403226322625,34.91924354300637,39.21315051677637,NVDA
2018-12-07,3.659348964691162,3.938491875291798,3.6100157025727757,3.9283276146791746,681676000,32.70627353447402,34.558721902391284,35.28331118521652,4.172622716426849,5.204972605705262,5.850083096027374,5.9328072798252105,3.9069749157517966,4.232239034348918,4.584849454984469,5.003450423257602,5.374485084684973,4.488884234325253,4.239923784577528,3.9909633348298024,2328556000,-0.386853562078072,-0.43015486625196003,0.043301304173888056,34.77616085555348,34.08639318319823,NVDA
2018-12-10,3.76470947265625,3.7895002264165343,3.610759407205173,3.6144780911958607,629472000,39.88420310805307,37.3059372607206,36.95651044303848,4.105782043933869,5.147818875312805,5.825428555011749,5.921212924718857,3.8753603728416754,4.189736346922312,4.537984313137143,4.95920967502184,5.338712293306557,4.414744774048296,4.164620057408058,3.91449534076782,2958028000,-0.37595948545735913,-0.4193157900930399,0.04335630463568074,45.01635097623852,38.23725179159947,NVDA
2018-12-11,3.673727512359619,3.8646154478527586,3.594645256199173,3.856434532954165,671912000,35.91454039799059,35.904256884979716,36.11359371699506,4.034788548946381,5.082099280357361,5.79978251695633,5.909083262681961,3.8305530705123294,4.142826452871158,4.48859821023557,4.913299597783904,5.301712631507736,4.351132655200159,4.097115106119355,3.843097557038551,2286116000,-0.3703976218555929,-0.4095321564455505,0.03913453458995764,36.173639518366315,38.65538378338612,NVDA
2018-12-12,3.69132924079895,3.787516883141969,3.5901833531322156,3.6794296411597522,654136000,37.36188726412413,36.40210684447347,36.40695884653835,3.9846487283706664,5.012600784301758,5.774594669342041,5.897105929851532,3.799614441687134,4.1017812517736845,4.44303998341062,4.869657799320155,5.265926333936429,4.284296537744362,4.030646974256301,3.776997410768241,2940252000,-0.3604148544077037,-0.3997086960379812,0.03929384163027749,19.519798850047394,33.56992978155076,NVDA
2018-12-13,3.6910810470581055,3.8023911901487404,3.6551347159699845,3.7381834295596765,471384000,37.34761500409398,36.3978138060056,36.40449453448751,3.922398400306702,4.944523839950562,5.749770669937134,5.885629518032074,3.7754959095473497,4.064444869526814,4.400070901333334,4.827565772453654,5.2309297720057994,4.223088502208777,3.9791849903313645,3.735281478453951,2468868000,-0.3485061050029836,-0.3894681778309817,0.040962072827998075,19.488544587586272,25.060660985333342,NVDA
2018-12-14,3.630592107772827,3.733225325873302,3.607040915630101,3.6494328250648613,471820000,33.59444835815795,35.305004563740056,35.78728818148805,3.8597487807273865,4.875113253593445,5.72451504945755,5.875061532258988,3.743295064708567,4.02500370936736,4.356100684558447,4.784816713000767,5.195366712800622,4.155708815806138,3.918733748239375,3.6817586806726132,1997048000,-0.34002963717870394,-0.37958046970052617,0.03955083252182223,5.458809061024438,14.822384166219384,NVDA
2018-12-17,3.5594427585601807,3.6727360149747184,3.5014325656201577,3.6005953431535125,662868000,29.421222426267533,34.01148127093127,35.05641339137142,3.7871025800704956,4.8079648780822755,5.6977657699584965,5.863602247238159,3.7024389966755926,3.9826799865667075,4.310577374501403,4.741053357485032,5.1590128471508345,4.0830244463046155,3.8544616125035844,3.6258987787025525,1334180000,-0.3351892798498213,-0.3707022317303852,0.035512951880563914,6.997616364108505,10.648323337573089,NVDA
2018-12-18,3.6427392959594727,3.7267795629854747,3.5760524136350282,3.603322051940638,564372000,39.908334036534605,36.92511623544659,36.64017329573454,3.765626835823059,4.747153263092041,5.671114301681518,5.852669520378113,3.6891723965164545,3.951776287420595,4.272415198584721,4.701827855287691,5.125317879346582,4.015264173392011,3.7910812846020043,3.566898395811996,1898552000,-0.3209324182201292,-0.360748269028334,0.03981585080820482,17.04545767678094,9.833961033971311,NVDA
2018-12-19,3.433753728866577,3.6625715674947257,3.3821891188746425,3.609023612340748,745364000,27.573285409952803,32.98946940187068,34.43736125526337,3.7581333994865416,4.6841877889633174,5.643070995807648,5.8398866832256315,3.6324126925942593,3.9046833275520476,4.224491686029398,4.656539493629794,5.087727564891471,3.98901106106801,3.762149551036421,3.5352880410048315,1153188000,-0.32277637621886157,-0.3531538904664395,0.030377514247577952,5.437912223304963,9.826995421398154,NVDA
2018-12-20,3.349217653274536,3.5153150659468,3.2894721293313784,3.4253250062529412,749588000,23.976099855436075,31.525710323307138,33.5835201041765,3.740989398956299,4.619645509719849,5.616135296821594,5.82672073841095,3.5694804616343205,3.854186448072274,4.174476027014834,4.60984942790282,5.0490940112999825,3.9633163449320663,3.745973035726227,3.5286297265203888,403600000,-0.3272863279606084,-0.3479803779652733,0.0206940500046649,5.739465226436366,9.407611708840774,NVDA
2018-12-21,3.212125062942505,3.408715008848187,3.1846074211946065,3.375743345539681,863740000,19.121535753764675,29.258446214205023,32.22874363127086,3.7224021434783934,4.5621934461593625,5.587647988796234,5.812950967550278,3.4900681508139173,3.7958172312422946,4.1194845433535585,4.559930700582809,5.00827247911426,3.9332721035498075,3.729963911819674,3.52665572008954,-460140000,-0.3380261682638417,-0.345989536024987,0.007963367761145312,2.401558205925312,4.52631188522223,NVDA
2018-12-24,3.1503970623016357,3.2222899655692925,3.086437067958869,3.135770569378371,463840000,17.235910422434856,28.272497514673177,31.62813930399794,3.700369358062744,4.508737373352051,5.558144879341126,5.798359258174896,3.414585686700077,3.7371426704295074,4.064108115864877,4.509590213501339,4.966986358740646,3.9017086891214605,3.7057176468176674,3.5097266045138746,-923980000,-0.34751259398543155,-0.3462941476170759,-0.0012184463683556634,5.871653698943113,4.670892377101613,NVDA
2018-12-26,3.299635410308838,3.3006269643738104,3.0854441284195926,3.1965062220461538,695100000,35.647046446793254,34.05808568073472,34.70378609215078,3.6758302211761475,4.452614488601685,5.529106931686401,5.783965816497803,3.389041180835357,3.69736928314581,4.020423961261675,4.4663775419587495,4.929934115442162,3.885739330844006,3.687520907370719,3.4893024838974327,-228880000,-0.3390796679264394,-0.3448512516789486,0.005771583752509191,25.108944097748513,11.127385334205663,NVDA
2018-12-27,3.251790761947632,3.2817875322578445,3.1032947150243366,3.2473285301751025,637044000,32.836864106046406,33.13532173745327,34.188326071848124,3.6480567932128904,4.401062474250794,5.499224207401276,5.7695867121219635,3.3585410877491957,3.6568621448550664,3.9765020641580153,4.422999442672639,4.8926420409200615,3.860946145145573,3.6623772176741367,3.4638082902027003,-865924000,-0.33242518592126924,-0.34236603852741276,0.009940852606143524,19.500272304565332,16.826956700419004,NVDA
2018-12-28,3.3132710456848145,3.4059882332898685,3.23047034722958,3.2723664736302656,628728000,40.11638355246386,35.5517220303411,35.47582896544094,3.615506637096405,4.3455639696121215,5.4694785571098326,5.755387607812882,3.3484810784015555,3.6256265903850435,3.9386031488166893,4.38336628563736,4.857544907692612,3.8382805248220975,3.6389720592220995,3.4396635936221025,-237196000,-0.31851882911287044,-0.3375965966445043,0.01907776753163387,29.239643655128646,24.616286685814178,NVDA
2018-12-31,3.3095529079437256,3.389130707577157,3.278812356119745,3.356655053696355,465140000,39.8032989775704,35.468241332652894,35.43200257112852,3.585931396484375,4.291363143920899,5.4389729499816895,5.741095697879791,3.3398303738553707,3.5968926192540143,3.902657420766806,4.345015807862588,4.82314508547597,3.807345203549757,3.611215676892114,3.415086150234471,-702336000,-0.3042902946911874,-0.3309353362538409,0.026645041562653515,28.762452356070856,25.834122771921628,NVDA
2019-01-02,3.376983404159546,3.433010250221647,3.2240251353597276,3.238651627517134,508752000,48.542998455268226,38.29794290538305,36.90975419477347,3.5522037148475647,4.24025942325592,5.408777797222138,5.726999939680099,3.348086602811854,3.5769008724272444,3.872618905532105,4.310443222016051,4.791008159224494,3.783325823675194,3.5835721365371,3.3838184493990076,-193584000,-0.2842958159482514,-0.32160743219272303,0.03731161624447166,40.663989198423224,32.88869506987426,NVDA
2019-01-03,3.1729555130004883,3.3507044906550205,3.1655183835600456,3.3167412764334863,705552000,31.78655863995988,33.50989901587103,34.417984481042026,3.5000813364982606,4.190206618309021,5.3770275092124935,5.713056582212448,3.3091685828537725,3.540178567024812,3.8326381402445837,4.269818660979781,4.755051433752849,3.7462657292342776,3.5473029881022673,3.3483402469702574,-899136000,-0.28166651690082434,-0.31361924913434336,0.03195273223351902,12.20611524229333,27.210852265595822,NVDA
2019-01-04,3.376239776611328,3.4144172229901493,3.2153483666881577,3.2460886819625787,585620000,51.714659635519155,41.37436340853745,38.72678875631141,3.474150311946869,4.1432040548324585,5.347723429203033,5.699068428277969,3.324073292577674,3.5252750406235864,3.8065582337512547,4.237905129395193,4.724411174705259,3.7044088665944708,3.5046315943419777,3.304854322089485,-313516000,-0.2601802414400005,-0.3029314475954748,0.042751206155474286,44.89102946099571,32.58704463390411,NVDA
2019-01-07,3.5549800395965576,3.5919181579337387,3.3821890457815105,3.4335058842829964,709160000,63.09151129767656,47.27907261033062,42.21657688023024,3.4556936383247376,4.104808750152588,5.319877548217773,5.686100130081177,3.3753859030263147,3.5279754950756748,3.792182336942415,4.2135149476166704,4.698423816147288,3.67774119604923,3.482072085498576,3.2864029749479213,395644000,-0.2261227654255471,-0.28756971116148927,0.06144694573594217,73.2122202938611,43.436454999050056,NVDA
2019-01-08,3.466478109359741,3.6387733656129213,3.3938414171322027,3.6365420131825394,786016000,55.343581839458984,44.86930417844775,41.007572199414,3.4460500955581663,4.075367016792297,5.28983227968216,5.673519252538681,3.395628615544854,3.5223848236469535,3.7735706667948334,4.186835060536066,4.671047244885343,3.662992749022259,3.4647265063166666,3.2664602636110724,-390372000,-0.20392264314906328,-0.2708402975590041,0.0669176544099408,59.412588234434494,59.17194599643045,NVDA
2019-01-09,3.534651756286621,3.5820019045412743,3.467221095734017,3.517793913831884,617260000,59.89604991258532,47.10577426416107,42.337438068577036,3.434547209739685,4.043113265037537,5.261050441265106,5.662377570867538,3.426522646820802,3.5234999993414684,3.7599181576229355,4.163542799670014,4.645794011805371,3.6429123065186224,3.4548220335231137,3.266731760527604,226888000,-0.17876712658900074,-0.2524256633650034,0.07365853677600265,77.83508415176021,70.15329756001863,NVDA
2019-01-10,3.6003475189208984,3.6090242121554184,3.4548263701592545,3.5153156888004435,523156000,64.12521298785404,49.24262547966235,43.61793497950733,3.430878210067749,4.016903672218323,5.233331487178803,5.650140751600265,3.465150396176379,3.530486137485053,3.75079983541139,4.143428682500403,4.62256186751905,3.6337948472061146,3.4468732874113295,3.259951727616544,750044000,-0.15178046871397832,-0.23229662443479837,0.08051615572082005,93.0555184672815,76.76773028449209,NVDA
2019-01-11,3.6895928382873535,3.7124002400709637,3.550269305638716,3.5780347148941987,874764000,69.38771592252229,52.07506302869679,45.34176118894564,3.4307913899421694,3.9987546682357786,5.209628741741181,5.640695232152939,3.5150264944232625,3.544950383012535,3.747302292718588,4.127220259492794,4.601829222425012,3.6257909804747097,3.44400462340475,3.2622182663347905,1624808000,-0.12178809910500998,-0.21019491936884072,0.08840682026383073,96.36220121955003,89.08426794619726,NVDA
2019-01-14,3.729506254196167,3.7547927822667417,3.6137338873293614,3.637285077023628,730168000,71.6218145310093,53.32942387219433,46.11210102625625,3.4327126502990724,3.9727953338623045,5.185577607154846,5.63196504354477,3.5626886632616857,3.5617281894837745,3.7462853762315924,4.113016187875058,4.582444267575482,3.623571608117598,3.444464995574895,3.265358383032191,2354976000,-0.09371792906417475,-0.18689952130790752,0.09318159224373276,96.22221873081573,95.21331280588242,NVDA
2019-01-15,3.7153759002685547,3.801647281182915,3.697030725093578,3.7622300379858937,617012000,69.46800728980705,52.80251636821413,45.87281276629514,3.4369518399238586,3.942675037384033,5.160028738975525,5.621897668838501,3.596619160374323,3.5756961631914814,3.7445191204622756,4.098814749031969,4.563176081635328,3.6225799763572804,3.4455038361045487,3.2684276958518175,1737964000,-0.07178482773222816,-0.16387658259277166,0.0920917548605435,87.95434220283727,93.51292071773435,NVDA
2019-01-16,3.6898415088653564,3.775617115928141,3.684387722957906,3.742645684392983,470104000,65.21530703012218,51.80640453611642,45.42746161682855,3.4434717774391173,3.9084381532669066,5.1318730759620665,5.6130062615871426,3.6173352378167754,3.586073012798197,3.74139468551388,4.084208561883162,4.5437686466848834,3.6237565310661104,3.4483449154454244,3.2729332998247394,1267860000,-0.05581964477517776,-0.14226519502925286,0.0864455502540751,83.99006780592678,89.3888762465266,NVDA
2019-01-17,3.7612390518188477,3.801152078252454,3.6296006084967884,3.6568704867759,493436000,71.14282350198854,54.396942035394936,46.93348152703408,3.4493967652320863,3.8772092866897583,5.103436305522918,5.603939999341964,3.649313863150569,3.6019971981637107,3.742528649302735,4.072673936523722,4.526379100132305,3.6310442209171634,3.455620794801187,3.2801973686852106,1761296000,-0.036979658749572764,-0.12120808777331685,0.08422842902374408,93.6477922139573,88.53073407424047,NVDA
2019-01-18,3.890397787094116,3.916428100042887,3.7595031475952823,3.8110677598638243,651336000,78.93511841268871,58.71976920918096,49.565736265516996,3.472228968143463,3.850123853683472,5.074959468841553,5.5954094505310055,3.7028880684713577,3.6282154335210204,3.750978314319385,4.066164074044093,4.512246182064789,3.6411926522099223,3.4654740926131287,3.289755533016335,2412632000,-0.01149430439131871,-0.09926533109691722,0.08777102670559851,96.53349632087686,91.390452113587,NVDA
2019-01-22,3.6881065368652344,3.871805375180775,3.657861995278282,3.860153781735895,661552000,52.361195961436394,50.625442375680464,45.84239305303593,3.489173412322998,3.819344244003296,5.043548827171326,5.586468558311463,3.699603283669997,3.633660079279585,3.7473856413220052,4.052662019144848,4.493931967727021,3.6497631646850897,3.4772083702653243,3.3046535758455593,1751080000,-0.007533350944947337,-0.08091893506652324,0.0733855841215759,69.59400602151219,86.59176485211547,NVDA
2019-01-23,3.7009975910186768,3.8321402518400047,3.669761495731134,3.743389738594542,591020000,53.556834196164644,51.08814983950468,46.112079686396555,3.5136170387268066,3.787470259666443,5.012643339633942,5.578473995923996,3.6999131297474817,3.6397816712558657,3.7447348955903865,4.0401025752832,4.47631120380017,3.6633901797409227,3.493857489154802,3.324324798568683,2342100000,-0.00331584348674685,-0.06539831675056797,0.06208247326382112,71.31073093137516,79.14607775792142,NVDA
2019-01-24,3.9129574298858643,3.9305585846595252,3.780823228932097,3.7855334670386362,708972000,68.93860403148227,58.04945574070282,50.361132448400824,3.551745057106018,3.763698949813843,4.982802414894104,5.571395745277405,3.747256307556011,3.66461583113132,3.7543476118358425,4.035561677233295,4.463792231046519,3.688719942514156,3.5227287867816623,3.356737631049169,3051072000,0.016934736038134446,-0.04893170619282749,0.06586644223096194,97.53902358615832,79.48125351301525,NVDA
2019-01-25,3.9702234268188477,3.9883205944405153,3.750826299809421,3.8534595064595667,1154572000,71.9504633050139,59.71754942753466,51.44257815461081,3.5852744579315186,3.741231470108032,4.953702559471131,5.563057765960694,3.796804556281086,3.692398339830186,3.766683372692014,4.033228168289922,4.452824035397015,3.729278203090363,3.5584469808330748,3.387615758575787,4205644000,0.037175813927916135,-0.031710202168678765,0.0688860160965949,97.01431683242598,88.62135711665316,NVDA
2019-01-28,3.421358346939087,3.5113484074474446,3.2475760317779505,3.385164011862135,2511528000,34.01546209233071,42.34003918514544,42.22483248412801,3.5937528371810914,3.7157761240005494,4.918403279781342,5.552182019948959,3.7133720653161975,3.6677583404764498,3.746950514077561,4.01137567467025,4.429902575653505,3.7394424078873163,3.566297398024539,3.3931523881617625,1694116000,0.008826443350551383,-0.023602873064832736,0.032429316415384116,23.460491500131383,72.6712773062386,NVDA
2019-01-29,3.2624502182006836,3.4235896204200875,3.2478237277077726,3.3752476815432093,1153932000,28.7492864873349,38.818076256027666,40.052542721885985,3.5912117958068848,3.682303376197815,4.8807669806480405,5.539477721452713,3.613167210401639,3.6309121475422894,3.719264782884596,3.9846283369391937,4.403959189932331,3.7440266901656516,3.5710115338515025,3.3979963775373547,540184000,-0.02616162014475565,-0.02411462248081732,-0.0020469976639383297,2.0080048065784855,40.827604379711964,NVDA
2019-01-30,3.4059886932373047,3.4203671788864196,3.2589799843642315,3.338558023729748,974228000,38.987844405494954,43.398136126464564,42.82998776805378,3.596033585071564,3.6527514600753785,4.845873701572418,5.527874537706375,3.567127539920676,3.6104645607872907,3.701363292047608,3.963962635378412,4.3817820677835515,3.745506279938182,3.573164013697276,3.4008217474563702,1514412000,-0.04182541980175003,-0.02765678194500386,-0.014168637856746168,21.385598955994862,15.618031754234929,NVDA
2019-01-31,3.56365704536438,3.5993556057019305,3.380949782690653,3.402765635236416,842852000,48.70392589098458,48.00271170865385,45.71808130122339,3.6053672671318053,3.623777265548706,4.813968772888184,5.517060933113098,3.5663563189081655,3.6062093321124804,3.6934943636657094,3.949666007163625,4.363601511729792,3.7596448335378314,3.58215554484198,3.404666256146128,2357264000,-0.04104345218610428,-0.03033411599322395,-0.01070933619288033,42.67071667057452,22.02144014438264,NVDA
2019-02-01,3.587952136993408,3.6390209782231056,3.5346524162744193,3.5822503437925555,625048000,50.17119741481488,48.69529933424544,46.1562660989308,3.6261170983314512,3.61409122467041,4.782519779205322,5.50562050819397,3.571155389593775,3.6045495871016557,3.687463379284435,3.936747654657546,4.346364858957872,3.766212406284027,3.5937048582030915,3.4211973101221553,2982312000,-0.038024997859437804,-0.03187229236646672,-0.006152705492971082,45.95053711794993,36.66895091483979,NVDA
2019-02-04,3.698270320892334,3.7354562123743165,3.581754165068187,3.6038177877095725,528592000,56.89029863622735,51.83262944091196,48.143456139874665,3.642218625545502,3.6163841819763185,4.751463184356689,5.494876391887665,3.599403152104566,3.613069653809899,3.6880809188048866,3.928230607023074,4.331962758111971,3.7857655829785144,3.614757275839905,3.443748968701295,3510904000,-0.02642646771573176,-0.03078312743631973,0.00435665972058797,60.843415103094124,49.82155629720621,NVDA
2019-02-05,3.7173590660095215,3.754049180499091,3.6764544905665915,3.7101697053492084,542424000,58.06445134280186,52.37531730895014,48.487372916922055,3.65033757686615,3.616889410018921,4.721075458526611,5.485134334564209,3.625615577416778,3.6225505094644097,3.6897539557880084,3.9206994805583046,4.318304898287472,3.798105819036882,3.632881996011104,3.4676581729853275,4053328000,-0.015515394998742327,-0.027729580948804254,0.012214185950061927,63.420382397808254,56.73811153961746,NVDA
2019-02-06,3.792970657348633,3.8574264238034544,3.7451247279340616,3.750578513726454,702464000,62.87121287660425,54.55924567304608,49.86430644614111,3.6666622042655943,3.6210714197158813,4.692583084106445,5.475811140537262,3.6628055951794125,3.6380432501811573,3.695652053020044,3.916137736872245,4.306630804044387,3.807219347876974,3.64663492562657,3.486050503376166,4755792000,-0.0007583262390205014,-0.022335330006847502,0.021577003767827,73.62789456196505,65.96389735428916,NVDA
2019-02-07,3.6546385288238525,3.7488430529325694,3.611750845807799,3.746611937324655,637120000,50.23091603300578,50.03831034512919,47.43895740471914,3.672661542892456,3.622343134880066,4.661929724216461,5.46639368891716,3.6609906915448436,3.6395519118759476,3.6933084230659756,3.906798479441945,4.292142086817264,3.810276813137157,3.6548276166656075,3.4993784201940588,4118672000,-0.00022291992795064886,-0.017912847991068133,0.017689928063117484,54.953153565209945,64.00047684166111,NVDA
2019-02-08,3.673231840133667,3.6838916413500185,3.5730775132556327,3.5874559982311216,461604000,51.7941364855501,50.63046795211269,47.79576087717811,3.6763057589530943,3.619999408721924,4.63020173072815,5.457400681972504,3.6637109467868045,3.64261372353574,3.692161189755558,3.8984568137523636,4.27838852577985,3.815585165455233,3.6603248585414394,3.5050645516276457,4580276000,0.0016823254621662898,-0.01399381330042125,0.01567613876258754,57.463237641019,62.014761922731346,NVDA
2019-02-11,3.630592107772827,3.683396048547904,3.5822501621722687,3.629104539625841,495180000,47.673392665211324,49.19059335687039,47.03032994080988,3.673355722427368,3.616466064453125,4.598666489124298,5.448756002187729,3.6563512047836983,3.641520849375475,3.688642956499402,3.8888902171102373,4.263993049824139,3.8167420599059603,3.664008036593144,3.511274013280329,4085096000,-0.000245592844586362,-0.011244169209254272,0.01099857636466791,51.70690347265552,54.70776489296151,NVDA
2019-02-12,3.7476041316986084,3.7632224164653842,3.6546391529236506,3.6690178762694337,591060000,58.53658274079394,53.12981234551597,49.357114896487005,3.6742606163024902,3.6121326637268067,4.569022064208984,5.439637634754181,3.676629632987012,3.6511647841321238,3.6920121665107852,3.8838442854883937,4.2525177405324595,3.817576350452295,3.6673922162295036,3.5172080820067118,4676156000,0.007581021135309118,-0.007479131140341595,0.015060152275650714,67.50344519888677,58.891195437520445,NVDA
2019-02-13,3.7899959087371826,3.8631283704339263,3.7634698170633993,3.77710475493226,605372000,61.96903512979236,54.50593320140458,50.18589177319031,3.6779916167259215,3.6099114274978636,4.53956378698349,5.430593940019608,3.701822138709272,3.6637857954598565,3.697611237495151,3.8804925577472793,4.242239477603675,3.8206614321624803,3.672448742776205,3.5242360533899313,5281528000,0.01700827047151998,-0.0025816508179692796,0.019589921289489262,73.2263055714556,64.14555141433264,NVDA
2019-02-14,3.8309009075164795,3.8591623408348905,3.7458688371274285,3.7890047712508377,827264000,65.29562782596712,55.85285370892894,50.99491364338471,3.685044586658478,3.6054987049102785,4.511926212310791,5.421931641101837,3.730506309555318,3.6789780783740946,3.705227790067798,3.8787214273818935,4.233098620490627,3.8245964960003866,3.675970618632297,3.5273447412642067,6108792000,0.02746354241280846,0.0034273878281862688,0.02403615458462219,94.76446422284518,78.49807166439587,NVDA
2019-02-15,3.900562047958374,4.062444772501486,3.8777546414836745,4.039637602448917,1516748000,70.55844694156264,58.126512135772316,52.37208759451643,3.692010736465454,3.599201884269714,4.48568614244461,5.413340600728989,3.7682964736448863,3.699122075609029,3.716389747661545,3.879501449545339,4.225708918878799,3.840013913910464,3.6869375252067753,3.533861136503086,7625540000,0.04089903399849559,0.010921717062248135,0.02997731693624746,80.12784894550501,82.70620624660195,NVDA
2019-02-19,3.883208990097046,3.963778826670554,3.8708138488600423,3.8899025744165323,551892000,67.49862699798747,57.33436166435557,51.99157311380544,3.6916512966156008,3.598968858718872,4.458715291023254,5.404765448570251,3.793832588412033,3.7158572496533937,3.725922275800716,3.8796338617079003,4.218097809350315,3.8446178893267198,3.695283714525181,3.545949539723642,7073648000,0.04957504092143772,0.018652381834086053,0.030922659087351666,77.69214220078284,84.19481845637769,NVDA
2019-02-20,3.930558204650879,3.9977408564554087,3.9013054608465048,3.9124610379970117,540988000,71.53976229947257,58.977146679777306,52.96638668552693,3.7037738800048827,3.599097752571106,4.431546778678894,5.395600829124451,3.824216058687332,3.735375518289529,3.737615757449297,3.8814525882415785,4.211708040356994,3.8459164102267893,3.699462690512808,3.553008970798827,7614636000,0.05958466983206723,0.026838839433682288,0.03274583039838494,80.64746332365323,79.48915148998039,NVDA
2019-02-21,3.861640691757202,3.967744582570565,3.8470141998365723,3.9432020733846347,448548000,58.77549133936625,55.62025767159494,51.378897254964706,3.711806035041809,3.603143587112427,4.404058096408844,5.385340844392776,3.83253264381397,3.746854170422954,3.7447028965526057,3.8807450205099934,4.203928765943665,3.8487574669781317,3.7067424614150304,3.5647274558519304,7166088000,0.06125025077244217,0.033721121701434265,0.027529129071007907,61.953961936899674,73.4311891537786,NVDA
2019-02-22,3.946424722671509,3.965265675504686,3.8998183542291325,3.9134532916355846,401740000,67.37016059699064,58.73221432193652,53.18356979634959,3.7134793996810913,3.606777892112732,4.377298383712769,5.37431492805481,3.857841994671201,3.764996947900095,3.7562298580451143,3.883090724158619,4.1982064538709505,3.8538021512529816,3.7164029283009916,3.5790037053490016,7567828000,0.06862058302632823,0.04070101396641306,0.02791956905991517,76.2918242612365,72.96441650726315,NVDA
2019-02-25,3.9340293407440186,4.097399627054653,3.9253524124782073,4.029969201056762,656020000,64.99295332054197,58.09087595264751,52.883553226805205,3.71166969537735,3.61198392868042,4.34704160451889,5.363014293909073,3.874772516020716,3.780363529067724,3.7663898284850514,3.88490996046524,4.192335851357019,3.8601414800362583,3.7216797876152676,3.5832180951942765,6911808000,0.07262425352132462,0.04708566187739537,0.02553859164392925,68.84161815588492,69.02913478467372,NVDA
2019-02-26,3.8946123123168945,3.985346162492454,3.861144867868001,3.9293193180145027,488464000,57.28020365666287,55.99684518129569,51.910025948312935,3.73533239364624,3.6160495901107788,4.3143251872062685,5.350851150751114,3.879181359642089,3.790749782090376,3.773716827561157,3.8852564730313706,4.185719772711683,3.8552502740297285,3.7221834863709593,3.589116698712189,6423344000,0.07178902724234781,0.05202633495038586,0.019762692291961953,61.32390578218306,68.81911606643484,NVDA
2019-02-27,3.8527162075042725,3.9067597070524536,3.7956975718020582,3.8802338527077245,500256000,49.749994888279495,53.77786638665612,50.86943666773747,3.7648456931114196,3.619282293319702,4.281903066635132,5.337940504550934,3.8733002147225744,3.7963830934916394,3.7782310778436203,3.8840943206911174,4.178319693484852,3.869802019727141,3.744007148278805,3.6182122768304685,5923088000,0.06697439969123309,0.05501594789855531,0.01195845179267778,53.33337787767408,61.166300605247365,NVDA
2019-02-28,3.828148365020752,3.8688470752041852,3.805813975406926,3.8465124489245444,324944000,45.537438930965,52.46495046739092,50.25187701149611,3.785953676700592,3.6232334184646606,4.2491733360290525,5.325599648952484,3.8632664703443913,3.7992708454488313,3.781083494253742,3.882096250845747,4.170538108407872,3.8893376938629856,3.768911050648699,3.6484844074344123,5598144000,0.06047918668593333,0.056108595656030914,0.004370591029902414,48.6477386805187,54.435007446791964,NVDA
2019-03-01,3.8824961185455322,3.924683457274521,3.819711043673783,3.8780290512297486,357188000,55.53260764149962,55.077681881229076,51.61048143164165,3.80189563035965,3.6296944856643676,4.218829681873322,5.313427876234055,3.8675397255002,3.806836779366713,3.78687850135613,3.882110531835025,4.164137175299819,3.911120398946184,3.7933801738710144,3.675639948795845,5955332000,0.059036556416681485,0.05669418780816103,0.0023423686085204537,58.2832705536856,53.42146237062614,NVDA
2019-03-04,3.8906853199005127,3.943791944150779,3.834104204905719,3.920961030205286,409992000,56.96083422561998,55.47481053920201,51.81776666177676,3.817032289505005,3.6346534061431885,4.190903334617615,5.302509162425995,3.872683190922492,3.8144593739606947,3.7928103195586664,3.882416774265935,4.158060467402057,3.9237944431350953,3.8112312696678403,3.698668096200586,6365324000,0.05788677889026683,0.0569327060245822,0.0009540728656846353,53.31238463418523,53.41446462279652,NVDA
2019-03-05,3.884232997894287,3.922449791756113,3.820703376411174,3.875050838071082,362924000,55.282048352898286,55.06178347522922,51.635567803035904,3.8263304233551025,3.6436629915237426,4.163925390243531,5.291502530574799,3.875249814694002,3.82080243068193,3.798034472606416,3.882481639395519,4.151975412524107,3.9374118113058794,3.8249735019626123,3.7125351926193457,6002400000,0.05581156250422881,0.05670847732051152,-0.0008969148162827137,39.36046705766611,50.318707415179,NVDA
2019-03-06,3.7733042240142822,3.8837362685121835,3.770574520786706,3.8752988964152246,403524000,34.378640657075465,48.391225457182024,48.566296471567966,3.8291276812553408,3.6521447229385378,4.135895116329193,5.279730993509292,3.852595238987398,3.816484411893962,3.7966213155440083,3.8785824459890463,4.143560497223888,3.9420231353731237,3.8315153164860787,3.7210074975990337,5598876000,0.04470063251899381,0.054306908360207976,-0.009606275841214165,7.804547332122335,33.49246634132458,NVDA
2019-03-07,3.704066753387451,3.759407022433055,3.657908643226314,3.749728575410522,450104000,26.79109038706703,44.74737054342789,46.75288291471619,3.8246824860572817,3.6619835567474364,4.1120885014534,5.267832180261612,3.8195889088540764,3.806264624757006,3.7913324834207764,3.8723497426818465,4.1337939695830785,3.942741083782557,3.8310949939776915,3.7194489041728254,5148772000,0.02996286199601128,0.04943809908736864,-0.01947523709135736,10.502629600967234,19.22254799691858,NVDA
2019-03-08,3.7383134365081787,3.7489844603728097,3.593386642546014,3.614728690275275,422416000,35.27063958320083,46.87810825963748,47.76151988059295,3.8288662314414976,3.6737418842315672,4.091239628791809,5.2563148736953735,3.8015276927772104,3.8000872440071127,3.7883028235971996,3.8675627317470727,4.125005513292525,3.9398053868970506,3.8260975769989742,3.712389767100899,5571188000,0.02080664770990337,0.043711808811875585,-0.022905161101972216,28.754575460680556,15.687250797923392,NVDA
2019-03-11,3.9988832473754883,4.021713920598748,3.71473759404681,3.7618885148316314,859728000,68.5403693644192,59.63337954044066,54.601995273601325,3.845148801803589,3.6877268409729003,4.070170664787293,5.246290888786316,3.8453844826879386,3.8181596079496924,3.8003359906702445,3.872252750162373,4.122202796272146,3.9593253026548014,3.8375277727840036,3.7157302429132053,6430916000,0.03418205849271061,0.04180585874804259,-0.007623800255331978,80.45360284215535,39.903602634601064,NVDA
2019-03-12,4.033130645751953,4.079536553232424,3.950492384431136,4.0266781888127765,579576000,70.89940529674476,60.96019929951856,55.404405315442375,3.865275728702545,3.703353638648987,4.05220805644989,5.2358205699920655,3.8871058522577195,3.8377024295680795,3.813638542389199,3.8779983892905725,4.120223415149474,3.978176869492848,3.855511242445531,3.732845615398214,7010492000,0.04700381600223258,0.042845450198880586,0.004158365803351993,87.24854651009528,65.48557493764375,NVDA
2019-03-13,4.184508800506592,4.213791933021078,4.063157465934027,4.070602498606583,768900000,79.1802319159663,66.2420477752396,58.77180514720806,3.8871209621429443,3.720778393745422,4.033171181678772,5.226088578701019,3.953195396313024,3.86923028147158,3.8348311285673358,3.8889451896911447,4.121651979268521,4.00537822858972,3.8803560024609074,3.755333776332093,7779392000,0.06858944672656131,0.04799424950441673,0.020595197222144576,95.27999954802723,87.66071630009264,NVDA
2019-03-14,4.108570575714111,4.205602116587047,4.100877518577628,4.193690255644652,519384000,67.6004610786647,61.73016603396047,56.53304536848905,3.9030496954917906,3.73675874710083,4.014060945510864,5.215780117511749,3.98772321395771,3.890988490039083,3.8504733826900086,3.8967889534776794,4.121361281411757,4.0250291573705805,3.9001906772194963,3.7753521970684125,7260008000,0.07866186942768616,0.05412777348907062,0.02453409593861554,83.03990005849319,88.52281537220524,NVDA
2019-03-15,4.214040279388428,4.256723901168707,4.148277009826492,4.151751263614789,661484000,73.94996784736523,65.26850477690007,58.81123403418114,3.922206664085388,3.7534998846054077,3.996879653930664,5.206084399223328,4.038015895164536,3.9203568345253874,3.8712486339299184,3.908119357974492,4.123420814700127,4.044534111466837,3.9192771390313874,3.7940201665959368,7921492000,0.09407047474956443,0.06211631374116939,0.031954161008395036,93.56532122605259,90.62840694419101,NVDA
2019-03-18,4.192699909210205,4.299409716349772,4.165649945323777,4.245558287755196,486992000,70.59099913618707,63.97953476485428,58.16634994386429,3.9368135571479796,3.773894772529602,3.9820506954193116,5.195737428665161,4.072390120508018,3.945115295860371,3.8896172782316487,3.9182829490900533,4.1249603501336845,4.064902782694783,3.9386712261013073,3.812439669507832,7434500000,0.10336834996189515,0.07036672098531455,0.0330016289765806,84.88579040842687,87.16367056432425,NVDA
2019-03-19,4.3604559898376465,4.404877217207409,4.270373406211956,4.287248152364877,854972000,79.41231043476262,69.13905557158812,61.62459540286775,3.96067590713501,3.7935790967941285,3.9683915758132935,5.18632824420929,4.136404758136824,3.982873540767396,3.9165223474662767,3.9340748434024673,4.13019358657155,4.081480341285995,3.95763860945549,3.8337968776249833,8289472000,0.12285727458044748,0.08086483170434114,0.041992442876106345,94.52597124885915,90.99236096111288,NVDA
2019-03-20,4.327945709228516,4.4428445602792115,4.293202704981375,4.389489688755034,719148000,74.23409639463691,67.1321912860233,60.609473565567406,3.9805452823638916,3.8090384101867674,3.956923580169678,5.1760844802856445,4.178969413934977,4.014243737900225,3.9400322538526904,3.948141660039112,4.134588078186148,4.105547356227637,3.9790067254691635,3.8524660947106897,7570324000,0.13413287946570263,0.09151844125661344,0.04261443820908918,86.47386190038623,88.62854118589075,NVDA
2019-03-21,4.564694404602051,4.590999816150413,4.346063893077909,4.351027249722014,824312000,83.58675032365669,73.22680657451629,64.99899016490926,4.015697968006134,3.8310027360916137,3.9531848764419557,5.166129670143127,4.26468607852766,4.0642847076003905,3.975727233895511,3.9701614009163597,4.144145996550946,4.139160930422373,4.005548845975157,3.871936761527939,8394636000,0.16032439882764304,0.10527963277081936,0.05504476605682368,97.36316517821028,92.78766610915191,NVDA
2019-03-22,4.404877662658691,4.586035898002233,4.390980644422111,4.537396334174202,747644000,64.59367111862849,64.52829231501877,60.25991841899384,4.0386206150054935,3.848407254219055,3.9457602596282957,5.155348541736603,4.295839763890111,4.095247703514781,4.000250115539122,3.9856869816928713,4.149940033575563,4.169771554921692,4.032620190910374,3.895468826899056,7646992000,0.166268847416843,0.11747747570002409,0.04879137171681891,81.34325423758608,88.39342710539421,NVDA
2019-03-25,4.312560081481934,4.428451521700274,4.2463007662543,4.364177832270975,525212000,55.80410433173983,60.08801904490977,57.718540151694256,4.057547152042389,3.862651505470276,3.9397775888442994,5.144095921516419,4.299555390021627,4.115003374239068,4.018096399307282,3.997361020971052,4.153553812417926,4.193992410787446,4.051283740387059,3.908575069986674,7121780000,0.16166701180263576,0.12631538292054642,0.03535162888208934,72.08940879735275,83.59860940438305,NVDA
2019-03-26,4.389242172241211,4.51034499309972,4.332909092485514,4.454260412401879,703508000,61.082620610674034,62.40229465720884,59.21231290985856,4.082278645038604,3.876644492149353,3.937699580192566,5.133505177497864,4.319485786070423,4.139934174057444,4.039304729189221,4.011356776373558,4.15879133152511,4.214498457385268,4.071533182887846,3.928567908390424,7825288000,0.1623363157916451,0.13351956949476615,0.028816746296878942,79.77596434695752,77.7362091272988,NVDA
2019-03-27,4.380059719085693,4.461208619297587,4.310574653867684,4.414802725026205,474372000,60.05198926764886,61.93913958711883,58.95157755519404,4.108645820617676,3.8896555614471438,3.931225447654724,5.122945258617401,4.332946660073817,4.161763769060013,4.0587764428975905,4.024524738613277,4.1637084068042345,4.238149848845427,4.09392587573822,3.949701902631016,7350916000,0.16027820936844428,0.13887129746950178,0.021406911898942504,78.85552209554447,76.9069650799516,NVDA
2019-03-28,4.398671627044678,4.46443440681022,4.345564783864118,4.406116184251971,480264000,61.62679566954773,62.54593416349684,59.33105687593434,4.137171983718872,3.903321475982666,3.9229982566833494,5.112683844566345,4.347552208289564,4.183300847058619,4.078199024848852,4.037887127485827,4.168929811698467,4.264767623360464,4.120171865124891,3.9755761068893194,7831180000,0.1583239111319692,0.14276182020199527,0.015562090929973932,78.05129740227511,78.89426128159239,NVDA
2019-03-29,4.455997943878174,4.4803181938808985,4.4150514487343315,4.4654281289817,456896000,66.50692591818948,64.42711276923097,60.506720657301486,4.165847074985504,3.9186446046829224,3.9135413789749145,5.102466485500336,4.371651260642588,4.208091492224033,4.099787534507671,4.052819656642696,4.1753091035246825,4.294216180612994,4.14951405831317,4.004811936013344,8288076000,0.15956154421396196,0.14612176500438862,0.013439779209573344,78.92266887366763,78.60982945716242,NVDA
2019-04-01,4.523497581481934,4.553773284364609,4.476098638171453,4.547817354070959,483824000,71.60866066933704,66.55705424595766,61.8638150455018,4.197487688064575,3.933889775276184,3.905549530982971,5.092608907222748,4.405394887495776,4.2367647730656595,4.1239995371919145,4.069629582529812,4.183046625257067,4.323495316840002,4.180093088226252,4.036690859612501,8771900000,0.16409742106181824,0.14971689621587453,0.01438052484594371,87.21166752898716,81.39521126830999,NVDA
2019-04-02,4.541365623474121,4.5857868453896415,4.504637933024534,4.547570053796223,440920000,72.91900159633201,67.11831265047513,62.22306297861363,4.230344319343567,3.946909132003784,3.898516492843628,5.0822825074195865,4.435610606602075,4.264455759466428,4.147849027836612,4.086477298277822,4.1910092696618895,4.353298371638278,4.211255134780717,4.0692118979231555,9212820000,0.16720648551963713,0.15321481407662704,0.013991671443010084,89.87310046449763,85.33581228905082,NVDA
2019-04-03,4.680833339691162,4.73989613445551,4.586035426468684,4.590998781994758,783504000,81.0925331581436,71.18350333799378,64.91969838141003,4.275720775127411,3.966763668060303,3.893053956031799,5.07285765171051,4.490104547288539,4.302308266759586,4.1783052742283004,4.10770429975687,4.201894248995874,4.393547921042714,4.249023051202205,4.104498181361697,9996324000,0.17886250500083012,0.15834435226146767,0.020518152739362444,90.01675363327992,89.03384054225494,NVDA
2019-04-04,4.67189884185791,4.714334435344545,4.609113778357138,4.665446386163067,457376000,79.25370001197575,70.5815000650488,64.61080949313225,4.324112379550934,3.9861816930770875,3.886825976371765,5.0634091544151305,4.530503279415066,4.335907409950343,4.2065106209499925,4.127854104831907,4.2123387955039195,4.433927425328939,4.289780702666434,4.145633980003929,9538948000,0.18524367137688014,0.16372421608455018,0.02151945529232996,88.15886045314254,89.34957151697337,NVDA
2019-04-05,4.7386555671691895,4.756027313373713,4.678600662856192,4.715080335889151,481744000,82.759032463452,72.45588133166613,65.87898050864271,4.3741294860839846,4.0026956558227536,3.8831973028182984,5.054903349876404,4.576759343360426,4.3725208787884196,4.236918903591089,4.149668442772525,4.224034723763148,4.4812240275239335,4.338223577656153,4.195223127788372,10020692000,0.19345744452964908,0.16967086177356996,0.023786582756079117,96.59194791742834,91.58918733461695,NVDA
2019-04-08,4.7595014572143555,4.784565789395119,4.684059961542745,4.708131717201252,424192000,83.78561907459465,73.03367043921008,66.27353643643681,4.412160396575928,4.018481216430664,3.8798563432693483,5.046236929893493,4.617368701994633,4.407700931372595,4.266780763798133,4.171448193288304,4.235933984506508,4.528560006869996,4.388182985096235,4.247805963322476,10444884000,0.19935101364690766,0.1756068921482375,0.023744121498670168,95.34349602831129,93.36476813296075,NVDA
2019-04-09,4.696715354919434,4.737165797719995,4.654527785250104,4.725998485944832,439972000,68.94755735650497,68.38098606058121,63.945215388923536,4.445339632034302,4.043988356590271,3.87988224029541,5.0379001426696775,4.635001291533477,4.433974969876854,4.29134845471935,4.1902077347751305,4.246173570515684,4.555227613752891,4.4255333688401794,4.295839123927469,10004912000,0.19668809794434505,0.17982313330745903,0.016864964636886026,83.6789628345028,91.87146892674748,NVDA
2019-04-10,4.7671918869018555,4.793000758131214,4.691502873006228,4.695969702001413,444772000,74.92828449937478,70.64185197436498,65.3728138688374,4.474473786354065,4.074083189964295,3.8781932830810546,5.030678110122681,4.664376979393117,4.464267416879126,4.318539507986921,4.210814311636799,4.257751755324266,4.588654551587729,4.460272034469129,4.331889517350528,10449684000,0.19798236770367783,0.18345498018670278,0.014527387516975049,95.27915280540753,91.43387055607388,NVDA
2019-04-11,4.753296852111816,4.801192335882871,4.703912740277553,4.769675547460373,374600000,71.6627947748919,69.5854128198336,64.84360079645472,4.50671010017395,4.101029353141785,3.8768904066085814,5.024850699901581,4.684136951108384,4.490542820082098,4.343382784794058,4.230188688082335,4.268763868586212,4.614636759752259,4.488794950799455,4.362953141846651,10075084000,0.19563175157513335,0.1858903344643889,0.009741417110744444,91.36849676719459,90.10887080236832,NVDA
2019-04-12,4.715327739715576,4.795980608365704,4.706642104424839,4.7920098293763855,471708000,62.70219050995497,66.65214296224875,63.37789384128231,4.531774473190308,4.124062767028809,3.8739200162887575,5.018478252887726,4.6910682374655375,4.5109778127760505,4.364636782218144,4.247515082783522,4.278687510166864,4.642521552758952,4.517412414952269,4.392303277145587,9603376000,0.18853180402885084,0.1864186283772813,0.0021131756515695432,82.49867476960662,89.71544144740294,NVDA
2019-04-15,4.583554267883301,4.712598686188213,4.543848365840511,4.707635330099942,440092000,41.23132220542702,57.580400370703735,58.57405923731777,4.551317191123962,4.143974809646607,3.879033017158508,5.012222924232483,4.667176244225041,4.5175756723312555,4.377146352827582,4.259516482251371,4.285462327005007,4.66477346413268,4.536792734468593,4.408812004804507,9163284000,0.17030881256831876,0.18319666521548877,-0.012887852647170017,55.63998690270736,76.50238614650289,NVDA
2019-04-16,4.670658111572266,4.689518481922181,4.5900057227494715,4.622763108445306,394964000,53.78430561775185,61.327323997277475,60.63594482043068,4.566827297210693,4.1634225654602055,3.8899033737182616,5.005766975879669,4.667949992524424,4.531492257716802,4.393918453327278,4.274200111869974,4.2940222333287235,4.683657300796177,4.557307381220342,4.430957461644507,9558248000,0.16103915365484678,0.1787651629033604,-0.017726009248513613,71.35067365170381,69.82977844133929,NVDA
2019-04-17,4.647828102111816,4.72649534954194,4.625493474723939,4.705649823535029,351004000,50.398451475219794,59.83548972305965,59.82008946767222,4.582821416854858,4.182031946182251,3.899460678100586,4.999686965942383,4.663478461321622,4.542068243570895,4.408427576114966,4.287543968664325,4.301884585968348,4.697365308805515,4.572610719523844,4.447856130242174,9207244000,0.15012019900893048,0.17303617012447442,-0.022915971115543943,60.282829693696996,62.42449674936941,NVDA
2019-04-18,4.623259544372559,4.688526295440458,4.595465511369635,4.654528304832472,380988000,46.609315248921966,58.19486414140465,58.928050516611904,4.585749673843384,4.1986377239227295,3.9098545718193054,4.992823233604431,4.6545409242218305,4.549449270916501,4.420703688586829,4.299533810653905,4.309026251710663,4.708056025678729,4.585995773122155,4.46393552056558,8826256000,0.13789480601644666,0.16600789730286888,-0.028113091286422226,45.267228259755015,58.966910535051966,NVDA
2019-04-22,4.67711067199707,4.692744814609717,4.568167725221055,4.599684036202599,279936000,55.42423252484541,60.73609401912338,60.28514485069506,4.599361324310303,4.219087166786194,3.92071515083313,4.98689706325531,4.659556423727439,4.561054852832916,4.435355516210271,4.313018698559018,4.317205905494806,4.709249495471523,4.592920615947512,4.476591736423502,9106192000,0.13104087233122463,0.15901449230854003,-0.0279736199773154,58.15888663603011,54.56964819649406,NVDA
2019-04-23,4.731706619262695,4.762975380866028,4.6805853819298555,4.6902635940141915,346856000,62.88021748219814,63.17980945747883,61.62895855566735,4.620318651199341,4.2402566623687745,3.930128035545349,4.980514922142029,4.675589800513052,4.576568649781077,4.452289864956124,4.3279718385841495,4.326417032467425,4.716477708376978,4.60551384097887,4.494549973580762,9453048000,0.12853287025338034,0.15291816789750812,-0.02438529764412778,72.99889458892771,58.8083364949043,NVDA
2019-04-24,4.744114398956299,4.784812868304873,4.681329331364547,4.7421287729730555,318204000,64.49961750260351,63.73226322290386,61.93497937658067,4.638062262535096,4.262527108192444,3.939496586322784,4.973625519275665,4.690817489055996,4.591800081524279,4.468965552613277,4.3428340728831545,4.335699196167178,4.732143463514633,4.624925654140603,4.517707844766574,9771252000,0.12609294369782553,0.14755312305757162,-0.02146017935974609,77.8203713430017,69.65938418931985,NVDA
2019-04-25,4.638398170471191,4.726247583469175,4.5587383421868966,4.703912954853981,499296000,44.604192147981095,56.01994634186708,57.82697757647689,4.6509791851043705,4.280342988967895,3.946237826347351,4.965969905853272,4.679168751592705,4.596036271428543,4.478647416490872,4.353389933511298,4.3424258400406,4.74263723907503,4.635892127764426,4.5291470164538215,9271956000,0.11431116029283483,0.14090473050462426,-0.02659357021178943,36.740633407931334,62.519966446620266,NVDA
2019-04-26,4.419518947601318,4.489004507650223,4.30064927615956,4.484537203505553,868988000,25.251853032510382,44.116469427314236,50.56707937731556,4.6520215511322025,4.2929334497451785,3.951422438621521,4.956724846363068,4.621468795150175,4.579989241989705,4.47526864684004,4.355751684014514,4.344139020208615,4.745343485699513,4.63680212362411,4.528260761548708,8402968000,0.08631727619625273,0.12998723964294995,-0.04366996344669721,23.74814097062234,46.103048573851815,NVDA
2019-04-29,4.450290203094482,4.478084231648628,4.355243808071353,4.427459055831042,391920000,30.349874009647635,45.85823194729841,51.46269473396984,4.651736164093018,4.305321235656738,3.955409970283508,4.948341569900513,4.583429108026688,4.568198420271957,4.473841307197437,4.359128059695942,4.346497935383857,4.746722213112037,4.637991765292292,4.529261317472548,8794888000,0.06585576030583518,0.117160943775527,-0.05130518346969182,29.895715069476836,30.128163149343525,NVDA
2019-04-30,4.491734027862549,4.517294409433283,4.398921267730033,4.418029665796931,362920000,37.265098258084656,48.19994987609895,52.670120468516394,4.6501479864120485,4.317144675254822,3.958173279762268,4.939707589149475,4.563052423545768,4.5612471118711015,4.474863748378301,4.363863987130464,4.349725404105605,4.7501492180041405,4.638889894157886,4.527630570311634,9157808000,0.05238022521300856,0.10420480006302332,-0.051824574850014765,38.175487201563854,30.60644774722103,NVDA
2019-05-01,4.478580474853516,4.586282802060616,4.478331975805943,4.544095237087087,354280000,35.90731096150931,47.497778089985935,52.23893168070656,4.647008728981018,4.329052104949951,3.9640104818344115,4.931244230270385,4.544280879391934,4.55373196305132,4.475076132748313,4.367961004549144,4.352588850122225,4.751429444811864,4.638728398105538,4.526027351399214,8803528000,0.0401762578750251,0.09139909162542369,-0.051222833750398586,35.5476307657351,34.53961101225862,NVDA
2019-05-02,4.54608154296875,4.587772593757041,4.445079671119755,4.488259823245239,394684000,47.65281402413233,51.409770369827996,54.24840439469918,4.640271139144898,4.341362571716308,3.9702301621437073,4.923256988525391,4.544681026853449,4.553036470316542,4.479133584760909,4.374322452349845,4.356888687741036,4.753521118411449,4.637889404549305,4.522257690687161,9198212000,0.03554159650118116,0.08022759260057517,-0.04468599609939401,49.54911003026305,41.09074266585402,NVDA
2019-05-03,4.541614532470703,4.564445209856069,4.480070061840967,4.55451897244162,336824000,46.969273066760714,51.138215941120016,54.090953836729206,4.633756923675537,4.354962048530578,3.9790528178215028,4.914567956924438,4.543999583657283,4.551998112330557,4.48270392463004,4.380297169497019,4.360993706512806,4.7435355346596575,4.631212656986644,4.51888977931363,8861388000,0.03114907639361153,0.07041188935918245,-0.03926281296557092,49.76938791358391,44.95537623652738,NVDA
2019-05-06,4.463194370269775,4.475354257024306,4.3180193330336785,4.355243543778582,422176000,36.06967990414004,46.495057908387835,51.35531625401737,4.619983863830567,4.365297441482544,3.986037666797638,4.905733110904694,4.52604286957117,4.543925044870486,4.48158909295231,4.383257783810331,4.363264832374072,4.734290514116449,4.619486004681376,4.504681495246305,8439212000,0.0210969285965108,0.060548897206648127,-0.03945196861013733,33.57234966594316,44.29694920326339,NVDA
2019-05-07,4.295933723449707,4.4148033756299,4.247790222121525,4.4148033756299,555220000,22.629235808158043,38.47164155312332,46.15075716939775,4.596805477142334,4.372535529136658,3.9922597289085386,4.896021122932434,4.474907503766401,4.521380379286779,4.470980214695018,4.38013906736888,4.361768585509086,4.7192746932716005,4.6002041598845835,4.4811336264975665,7883992000,-0.00036183627400365737,0.048366750510517774,-0.04872858678452143,8.964892201537655,30.768876593688262,NVDA
2019-05-08,4.316035270690918,4.3961916172272915,4.256476423790654,4.268388287837035,419168000,26.575009652866356,39.81581501999934,46.82781214772253,4.577771472930908,4.3809639883041385,3.9985067892074584,4.88655072927475,4.4396025630829605,4.5027126421417,4.4621262178947845,4.377849646058953,4.360752289624237,4.70115095041937,4.580213304385483,4.459275658351596,8303160000,-0.015566593172982479,0.035580081773817725,-0.051146674946800204,12.708039233431716,18.415093700304197,NVDA
2019-05-09,4.223470687866211,4.256724603419944,4.1046014888802915,4.2470463910318275,660248000,20.7324564859629,35.92389866925943,44.15513750830724,4.550585412979126,4.388379077911377,4.003830685615539,4.876800677776337,4.391573257479239,4.477327009934837,4.448488759036009,4.372336111837784,4.357701587362947,4.680592905157246,4.556346444739085,4.4320999843209234,7642912000,-0.034685824208933624,0.021526900577267454,-0.05621272478620108,17.475332313092984,13.04942124935414,NVDA
2019-05-10,4.189472198486328,4.258213200204973,4.069857989647031,4.192698426677271,569500000,18.900948334354922,34.58663912579105,43.20818504659285,4.522394180297852,4.395605554580689,4.009419486522675,4.866967267990113,4.34666191103637,4.451158390712245,4.433687812718884,4.365805257789518,4.353963156499022,4.6572027439921335,4.528820220458117,4.400437696924101,7073412000,-0.051982128883257595,0.006825094685162443,-0.05880722356842004,16.730315773751283,15.637895773425349,NVDA
2019-05-13,3.932128667831421,4.080529739066469,3.916246260731636,4.0574505607810405,656912000,10.486522718083648,26.53492388742565,36.9392496485279,4.483234226703644,4.396598205566407,4.013146345615387,4.855456057786942,4.254543412546381,4.4039738704503515,4.405027290153885,4.350316808148157,4.344589056750853,4.6234172580801625,4.491844073463788,4.360270888847414,6416500000,-0.08546980446229835,-0.011633885144329715,-0.07383591931796864,1.828576756382584,12.011408281075639,NVDA
2019-05-14,4.021219253540039,4.056458325065588,3.9331215747261683,3.9718346642433855,524880000,24.45764260054402,32.401942962025814,40.08543218060885,4.455117475986481,4.399208884239197,4.016931145191193,4.844022723436356,4.202693599433861,4.369177996185777,4.383095402347379,4.33856332405501,4.337403061123946,4.590002074588437,4.456809925857847,4.3236177771272555,6941380000,-0.10362563114761336,-0.030032234344986447,-0.07359339680262691,12.959607578618364,10.506166702917431,NVDA
2019-05-15,3.9601705074310303,3.996650174053518,3.906319334322508,3.965629914136931,502320000,21.675734415280814,30.598641517892446,38.70215252097556,4.419593095779419,4.4007276344299315,4.022195312976837,4.8326331543922425,4.148799578988788,4.331995497208073,4.358928265495017,4.325049294889868,4.329020115486325,4.554889062747882,4.425431174999038,4.2959732872501935,6439060000,-0.12153934825565837,-0.04833365712712083,-0.07320569112853755,7.9024015753050385,7.563528636768684,NVDA
2019-05-16,3.975309371948242,4.017993482603706,3.912276492644841,3.9547121041309494,781088000,24.24001690705309,31.615028709843415,39.24568097826719,4.385967159271241,4.404767737388611,4.028456230163574,4.822295763492584,4.110246199646444,4.2995694858208156,4.337007185863772,4.312558583356238,4.321159876741034,4.5227304869274265,4.392977159617337,4.263223832307248,7220148000,-0.13298158929613546,-0.06526324356092375,-0.06771834573521171,10.123957391146918,10.328655515023462,NVDA
2019-05-17,3.884481191635132,4.062661675740512,3.8450235572620977,3.9333692486664815,1022068000,19.616265953687204,28.88207889656536,37.17794578742056,4.349028241634369,4.408376026153564,4.0351797914505,4.811413890123367,4.060076197866152,4.26183418634939,4.311148557622135,4.297270105080484,4.311455905960902,4.493242522312209,4.357935088161147,4.222627654010087,6198080000,-0.1476764011984546,-0.08174587508842993,-0.06593052611002467,5.31237772575728,7.779578897403101,NVDA
2019-05-20,3.765859842300415,3.840804806416889,3.7410435381120637,3.7857127909847694,572064000,15.101741258112128,25.75122437077539,34.682967875597186,4.303465700149536,4.408926954269409,4.0413344192504885,4.799739649295807,3.994694785518211,4.216745609617664,4.279989202460894,4.278291167124053,4.2993315489906685,4.4529339237145695,4.317307418885698,4.181680914056828,5626016000,-0.16696918025747465,-0.09879053612223887,-0.06817864413523578,2.930843582478467,6.122392899794243,NVDA
2019-05-21,3.848001003265381,3.863883408153841,3.7879458742592704,3.826659191800054,361848000,28.731088089943597,31.304454550348993,37.709240661963854,4.25928041934967,4.405909309387207,4.046818075180053,4.787962503433228,3.962096167239804,4.183223372676547,4.255304162506865,4.262923661271958,4.289301981307884,4.411916279387083,4.278605943867455,4.145295608347827,5987864000,-0.17362925152010078,-0.11375827920181127,-0.059870972318289514,12.631840662636131,6.958353990290647,NVDA
2019-05-22,3.777027130126953,3.8353451369119655,3.766107842757893,3.8092882306886033,325868000,24.631129234647986,29.267574460057602,36.19440374528611,4.210926055908203,4.400787239074707,4.052070438861847,4.775647323131562,3.9209697145480593,4.146296441535675,4.2279740463708695,4.245570213731065,4.277918095726085,4.3668965113456855,4.234212495101396,4.101528478857104,5661996000,-0.18253030861131858,-0.12751268508371275,-0.055017623527605836,4.370114034220313,6.644266093111658,NVDA
2019-05-23,3.655924081802368,3.7147383773241556,3.596116973178139,3.7147383773241556,591844000,19.061539422296434,26.1419387024616,33.77413260809385,4.161802351474762,4.390215544700623,4.0554969692230225,4.762487763166428,3.8620706850490167,4.101717136105375,4.195285476966955,4.22451142330504,4.26409600652778,4.316133597620226,4.182728730556616,4.049323863493007,5070152000,-0.19708459584416227,-0.14142706723580267,-0.0556575286083596,6.802157929723698,7.934704208860069,NVDA
2019-05-24,3.6020729541778564,3.7100233347697302,3.5953724714748616,3.6747842674657405,357584000,17.00922293221838,24.870039988222246,32.755877232125655,4.1209300518035885,4.380085592269897,4.058422169685364,4.748697559833527,3.8042934115220923,4.056294937748327,4.1613876185218635,4.202281477979069,4.249384383142226,4.265744860006462,4.134857058561302,4.003969257116141,4712568000,-0.21053736558530645,-0.15524912690570344,-0.055288238679603,0.8176995362292427,3.9966571667244395,NVDA
2019-05-28,3.5569074153900146,3.6524498804386654,3.554922025822232,3.6196924908980788,428356000,15.346260049132965,23.823127019606744,31.912255882553225,4.076260912418365,4.366942934989929,4.060221409797668,4.734499603509903,3.749318745714964,4.010896072079389,4.126845892628615,4.179232404315175,4.233996006081067,4.22261191492102,4.096049226660346,3.9694865383996722,4284212000,-0.22228094764380524,-0.1686554910533238,-0.05362545659048143,0.2359992073963942,2.6186188911164665,NVDA
2019-05-29,3.482706308364868,3.544250296076037,3.447963536163076,3.509259498143715,559800000,12.866340660556915,22.171835974248054,30.560413977831445,4.0258095264434814,4.352743062973023,4.063318917751312,4.720173213481903,3.690071537414943,3.9628788208326147,4.090037916384972,4.154356472316949,4.217300679465151,4.1767649451876325,4.05146671710145,3.926168489015267,3724412000,-0.23486782021422137,-0.18189795688550334,-0.05296986332871803,4.287909485636741,1.780536076420814,NVDA
2019-05-30,3.4561233520507812,3.5217129097736546,3.417862697733788,3.4859367658397282,394300000,12.030555185556238,21.594348535063958,30.08311635583813,3.9746866703033445,4.334656410217285,4.064117753505707,4.70592059135437,3.6380830517784624,3.916810141852448,4.053814226994446,4.129419575164586,4.200385627744831,4.128259873212111,4.003653213205139,3.8790465531981644,3330112000,-0.2441733514187847,-0.19435303579215962,-0.04982031562662509,4.552940017823711,3.025616236952304,NVDA
2019-05-31,3.365440607070923,3.4745081483814344,3.3637014971959016,3.407179481007383,389720000,9.503448276930698,19.70852492018726,28.495890233991048,3.9156546235084533,4.315406308174134,4.06222235918045,4.691049953699112,3.5774958418434535,3.8666856386904906,4.014478591570245,4.102134612018383,4.181831293952078,4.075387214080696,3.9506445624103477,3.8259019107399994,2940392000,-0.2559153586410523,-0.20666550036193818,-0.04924985827911413,0.24261179644415545,3.027820433301557,NVDA
2019-06-03,3.3237009048461914,3.4153770810889306,3.2943843552424794,3.376619584636307,478644000,8.515459588440322,18.890775721740695,27.790321395225718,3.8547589421272277,4.290586438179016,4.060794587135315,4.675313433408737,3.5210969669551733,3.8173233901591903,3.975005580900299,4.074333408190805,4.162761729749724,4.018076546508625,3.8943672375426024,3.770657928576579,2461748000,-0.2655281854611431,-0.21843803738177917,-0.04709014807936393,3.8158811696677013,2.8704776613118774,NVDA
2019-06-04,3.5527682304382324,3.557985559569591,3.3656888343946365,3.3878004059898132,641836000,45.6950814594939,34.8637927739649,36.77250798184944,3.8092376351356507,4.2735442495346065,4.060975751876831,4.661013096570969,3.5281350255069643,3.7932729210936484,3.9508777323024664,4.055706080413927,4.149206318653913,3.973855555265995,3.845007123578074,3.7161586918901537,3103584000,-0.25176046328764823,-0.225102522562953,-0.02665794072469524,33.631589570841,12.563360845650974,NVDA
2019-06-05,3.510035753250122,3.6320224561896626,3.4737627571280982,3.6265565811110236,511616000,41.884536083863374,33.53694878131952,35.901544644716495,3.7699427366256715,4.257493762969971,4.060072634220123,4.646702060699463,3.5241129650054437,3.767524087653328,3.925686762070904,4.036217854443791,4.135002528311607,3.9319829732255647,3.803090504629505,3.6741980360334443,2591968000,-0.24151357984150978,-0.22838473401866435,-0.01312884582284543,28.069473385970518,21.83898137549309,NVDA
2019-06-06,3.5721468925476074,3.59674297365917,3.51177467191596,3.5142591819925033,408140000,49.26402618215409,37.27367422908083,38.128363091893945,3.7327483177185057,4.2411518573760985,4.058898174762726,4.6342634582519535,3.5347871711259247,3.7497625244618984,3.9054844838124296,4.019643891518927,4.122494625294629,3.891919523410106,3.7669339525171495,3.641948381624192,3000108000,-0.22577836853842204,-0.22786346092261592,0.0020850923841938818,36.15394205897808,32.61833500526322,NVDA
2019-06-07,3.6148793697357178,3.6491647074775955,3.558979079254931,3.5781095219867125,348856000,54.07821606849168,39.782147264677064,39.63671894665176,3.702318751811981,4.225848250389099,4.0577519059181215,4.621664756536484,3.5525854374836565,3.737500419486791,3.8888784772937606,4.005188015740956,4.111214286282209,3.8555025575230824,3.7328755373545994,3.610248517186117,3348964000,-0.2074683800946331,-0.22378444475701936,0.016316064662386276,56.27665451853194,40.166689987826864,NVDA
2019-06-10,3.6876742839813232,3.7562452035078784,3.671028349531437,3.671028349531437,402780000,61.53853297653535,43.89805083016868,42.14846217316073,3.677228856086731,4.211628303527832,4.057474889755249,4.608751814365387,3.582605181149805,3.7329707708044753,3.8773810948187637,3.9938482396066832,4.101802286231077,3.8289856095098207,3.7095446017491103,3.5901035939884003,3751744000,-0.1849516338231303,-0.21601788257024157,0.03106624874711128,69.05892586270141,53.82984081340383,NVDA
2019-06-11,3.7453131675720215,3.785312926813548,3.7058104998942736,3.7475491318653398,383872000,66.68156149791014,46.987744431963236,44.07478787295732,3.667888081073761,4.197414608001709,4.058029606342315,4.594951341152191,3.618762511465853,3.7340928068742523,3.86983435611895,3.9849719870340166,4.093880305816431,3.8034671151451467,3.6892095732719916,3.574952031398837,4135616000,-0.16060462385020946,-0.20493523082623516,0.0443306069760257,83.35702468816835,69.56420168980058,NVDA
2019-06-12,3.632270574569702,3.7080464735024403,3.6171154421703386,3.701835198298818,358892000,50.719867118361705,42.091701887781966,41.25799668659486,3.648440647125244,4.179590067863464,4.056739921569824,4.580088113546371,3.6217643032667084,3.7248362403011113,3.856259282887564,3.972375508017434,4.0836223117887265,3.7845539481864923,3.6737893799801333,3.5630248117737757,3776724000,-0.14871672175935702,-0.19369152901285955,0.04497480725350253,68.82594309920077,73.74729788335686,NVDA
2019-06-13,3.683450698852539,3.7018355063388992,3.6367428057911084,3.6543824497397646,308080000,56.391231179428786,44.891477713601056,42.98278115435536,3.6346046566963195,4.162431769371032,4.054670450687408,4.5648149597644805,3.6354723911746705,3.7210739183512413,3.846384506656991,3.9620567648329734,4.074729609279033,3.7660856578416646,3.6580946158158603,3.550103573790056,4084804000,-0.13362531594186056,-0.18167828639865977,0.04805297045679921,79.25111027149437,77.14469268628785,NVDA
2019-06-14,3.5935134887695312,3.614631353049393,3.548793486774963,3.590283814836257,394428000,45.37870251222836,41.12836948609492,40.78286061489237,3.615514862537384,4.1406853723526,4.053724520206451,4.548636673688889,3.626148190640195,3.709477515661995,3.831934734206279,3.948894504973565,4.064035917712155,3.747360568832412,3.640535858875969,3.533711148919525,3690376000,-0.12745324761919763,-0.17083327864276734,0.043380031023569715,60.93129445894327,69.66944927654616,NVDA
2019-06-17,3.603203058242798,3.6402214579436385,3.568917477844236,3.5917744524646253,276040000,46.72380383682308,41.69543743546829,41.122277706292714,3.6014509558677674,4.119311456680298,4.052746574878693,4.532694957256317,3.621049272329662,3.699816201351159,3.818864352722651,3.9365483818760376,4.053795187501724,3.7283688802174195,3.623182885016189,3.517996889814958,3966416000,-0.1203921657831275,-0.1607450560708394,0.040352890287711884,62.90501732503315,67.69580735182362,NVDA
2019-06-18,3.798232078552246,3.853635278762845,3.6536369572868836,3.664568469860511,581920000,66.59375082858077,51.766153969226536,47.45925854839227,3.603069567680359,4.100502986907959,4.051599321365356,4.517200868129731,3.660423229268014,3.7087630992785305,3.8176853656271996,3.931608513900188,4.048116007302847,3.719804094486576,3.615458089618796,3.5111120847510144,4548336000,-0.09793011810017527,-0.14818206847670656,0.050251950376531296,90.09331985330529,71.30987721242725,NVDA
2019-06-19,3.804194688796997,3.8449396100611724,3.7781078078082726,3.833511243219726,331644000,67.04467910841339,52.038906489993984,47.63938540361675,3.6008792519569397,4.081396851539612,4.0499390339851375,4.5018207967281345,3.692372442496677,3.717438698325664,3.8169144698083306,3.9270580201465024,4.042695533558272,3.7194984678465968,3.6167205327908127,3.513942597735029,4879980000,-0.07873998513132685,-0.13429365180763062,0.055553666676303765,91.15949784139293,81.38594500657713,NVDA
2019-06-20,3.828542709350586,3.9087905440104374,3.8141329760826768,3.894877665415774,350168000,69.08923061357427,53.202631149724205,48.39466759109004,3.6034550309181212,4.064033398628235,4.054010877609253,4.486207078695298,3.7226325017975457,3.727539062964293,3.817578940639317,3.9235396161895055,4.037936581909213,3.721209516193657,3.6175401509458163,3.513870785697975,5230148000,-0.06086536666278297,-0.1196079947786611,0.05874262811587813,86.93896055624555,89.39725941698127,NVDA
2019-06-21,3.7704057693481445,3.862827593085385,3.7639461858862915,3.813635435245714,434428000,58.661385283439365,50.078118025974966,46.712641986424885,3.6091791152954102,4.04409767627716,4.059090433120727,4.469928706884384,3.733248783475456,3.731436036271916,3.8148833308512495,3.9180705502308855,4.031991452741189,3.7229179571088644,3.617836967430308,3.512755977751752,4795720000,-0.050805118157277285,-0.10584741945438435,0.05504230129710706,74.51954722068754,84.20600187277536,NVDA
2019-06-24,3.792766809463501,3.8223319153064,3.7445683490329396,3.7917731000533736,282948000,61.35362696461066,51.26368594050423,47.44711632975948,3.6187138080596926,4.0248870754241945,4.06295821428299,4.454415957927704,3.7464750114727994,3.7370115611075145,3.8136195296290922,3.9135954166320506,4.02667534955724,3.7272086575514125,3.624073279200121,3.5209379008488293,5078668000,-0.040560394696099955,-0.09279001450272747,0.05222961980662752,73.3295807657645,78.2626961808992,NVDA
2019-06-25,3.7634501457214355,3.872766233645329,3.7607173264509215,3.797735725721477,311868000,55.65147728736097,49.60054459043556,46.567361274960504,3.6290409445762633,4.0058495235443115,4.06495614528656,4.4394624590873715,3.750247263528052,3.7394150687996888,3.810752707691512,3.9082330855281002,4.020825900583111,3.734854039727505,3.631842564047664,3.5288310883678227,4766800000,-0.0344103264743616,-0.0811140768970543,0.0467037504226927,63.391791486256906,70.41363982423633,NVDA
2019-06-26,3.956739664077759,4.0178575153804035,3.8779826461274642,3.8909018127913964,584072000,74.44353050512309,59.03665805234817,52.622486455420486,3.652742612361908,3.9933132314682007,4.068644020557404,4.4255818998813625,3.7961344636502092,3.7591718501886042,3.8190948194850116,3.909965463333445,4.019401761994103,3.7541451754075723,3.6491171752212312,3.5440891750348893,5350872000,-0.013780649605835471,-0.06764739143881054,0.053866741832975074,86.97025404306694,74.56387543169613,NVDA
2019-06-27,4.055373191833496,4.074503399227054,4.006429335736305,4.042454023040567,445440000,79.70860470540384,62.85814074111983,55.323443127190906,3.6827051043510437,3.9810075330734254,4.072215049266815,4.411839116811752,3.853743069913162,3.7860992448835944,3.832596440762068,3.915158596494161,4.020201127101645,3.7791729166286236,3.675488378176673,3.5718038397247236,5796312000,0.010407448725869628,-0.05203642340587451,0.06244387213174414,96.36107158331329,82.24103903754572,NVDA
2019-06-28,4.080218315124512,4.108541166361156,4.033510654715419,4.099348524838968,397668000,80.89813948215777,63.774883688190016,55.984250978769566,3.718443989753723,3.969655337333679,4.075843641757965,4.398459550142288,3.904070902182351,3.812837342178223,3.8467462621542072,3.9210535864452454,4.021534842391042,3.8067937432232344,3.7044815714567187,3.6021693996902027,6193980000,0.031221581769926843,-0.03538482237071425,0.06660640414064109,94.94006812898583,92.75713125178869,NVDA
2019-07-01,4.128416538238525,4.321706990830215,4.090901047645877,4.287421411109125,709756000,83.19193206612883,65.55124778985557,57.266175020797135,3.7586797714233398,3.9597584772109986,4.079198100566864,4.385890592336654,3.9539254879726116,3.8415263600018865,3.8628417065018823,3.9284594061521485,4.023909991187653,3.8496091749702623,3.741582751203804,3.6335563274373457,6903736000,0.05101802196146066,-0.018104253504279265,0.06912227546573993,74.99196849614466,88.76436940281462,NVDA
2019-07-02,4.030528545379639,4.13288818594991,4.017361067786199,4.111770086156782,400228000,64.35734053667991,59.20174409874071,53.93116206607517,3.78256778717041,3.94682683467865,4.082957000732422,4.372443362474441,3.9709483896186173,3.8587083768544095,3.872423811580611,3.93210473255313,4.024057070169697,3.883433280285976,3.7756671235520285,3.667900966818082,6503508000,0.05813792271581164,-0.002855818260261083,0.06099374097607273,62.32716288137704,77.41973316883586,NVDA
2019-07-03,4.0434489250183105,4.059598009240816,3.983573774962082,4.05388358667445,246636000,65.59121624564483,59.755849163069364,54.29842871073658,3.8092384457588198,3.933061680793762,4.086659171581268,4.3584304511547085,3.987059619707438,3.8755029721420367,3.8821966752056225,3.936081310855458,4.024488000277444,3.9034548773039135,3.8012255058507387,3.6989961343975644,6750144000,0.06408433766300803,0.010532212924392739,0.05355212473861529,63.998809135567505,67.10598017102974,NVDA
2019-07-05,3.9808390140533447,3.989534561193575,3.917485200463918,3.985062633217425,396552000,54.600057703557844,55.80087181077877,52.19058054471048,3.8296730518341064,3.917796173095703,4.090161640644073,4.344414064884186,3.9856772628954173,3.8850789759521556,3.8878333802826353,3.9376798002553826,4.0235180228057965,3.919540699433235,3.821416582186341,3.7232924649394477,6353592000,0.06301838111830094,0.021029446563174382,0.041988934555126554,54.719351040797626,60.34844101924741,NVDA
2019-07-08,3.9058094024658203,3.940094983176473,3.875747679059242,3.9212130828973284,329788000,43.99777538086417,51.40967658398292,49.77002693819927,3.8442195534706114,3.9031443977355957,4.091743693351746,4.330382878780365,3.967928849466618,3.8869635601806705,3.8888605815502455,3.936541571762898,4.02090227568713,3.935082358698328,3.8379401937193376,3.7407980287403486,6023804000,0.0554798036290749,0.027919517976354485,0.027560285652720413,37.746408687343205,52.154856287902795,NVDA
2019-07-09,3.9082932472229004,3.936367547040998,3.850902392576145,3.863573014586394,342860000,44.4264692268513,51.54561783286972,49.85052508327285,3.8552505016326903,3.892919883728027,4.092926666736603,4.316245226860047,3.9546764934124585,3.888902622639055,3.8899710195886827,3.935532703029327,4.01839985283237,3.948707415985603,3.8517900354712715,3.7548726549569396,6366664000,0.0491394037121089,0.03216349512350537,0.016975908588603525,28.368382626417606,40.27804745151949,NVDA
2019-07-10,3.976616382598877,4.0340070079790475,3.9378588740593776,3.9517717529394187,452076000,55.63620231212182,55.253993873214235,52.05990456668886,3.8668156623840333,3.8834464073181154,4.094383821487427,4.303155016899109,3.9595520243427735,3.8968766008172206,3.8949221831892653,3.936999977299668,4.017471331271626,3.9624586583260215,3.865020740671536,3.7675828230170496,6818740000,0.04906213932040915,0.03554322396288613,0.013518915357523018,40.20663611143995,35.44047580840027,NVDA
2019-07-11,4.131148815155029,4.1718937373983955,4.012391793843723,4.049658496796459,682560000,71.33140177194093,62.284780010139784,56.58285847452844,3.8917595744132996,3.876234703063965,4.096689689159393,4.291187915802002,3.9976846445232748,3.91817407484793,3.9084208478730234,3.943933864365931,4.019997497580146,3.9833951075644896,3.882147689117842,3.7809002706711943,7501300000,0.060769865379021404,0.040588552246113185,0.02018131313290822,66.98225315813791,45.18575729866516,NVDA
2019-07-12,4.1641926765441895,4.235248350308452,4.158975346633324,4.158975346633324,506392000,73.71734322938238,63.60177946750676,57.479659926918494,3.915796673297882,3.8699469470977785,4.099499526023865,4.27910740852356,4.034686429416811,3.9405394022748625,3.923036380939947,3.951800250515155,4.023201834890458,4.008109548838657,3.9075601317090087,3.80701071457936,8007692000,0.0718860286938332,0.04684804753565719,0.025037981158176015,72.70771650369693,59.96553525775827,NVDA
2019-07-15,4.155744552612305,4.201458493777884,4.127422181326354,4.185309889697396,289840000,71.88197150948594,62.9961083833561,57.16406297187095,3.943908226490021,3.862140207290649,4.101751389503479,4.266649084091187,4.061588234571365,3.9601035068509933,3.936333990749796,3.959083975590053,4.02614722861761,4.03175124808382,3.9307759446730404,3.8298006412622607,7717852000,0.07910213503772212,0.053298865036070175,0.025803270001651946,70.4161326391745,70.0353674336698,NVDA
2019-07-16,4.15102481842041,4.178105174932756,4.095372830579117,4.1408384684179715,341444000,70.70185822443293,62.63723430123518,56.98133138475274,3.9712993144989013,3.8543284130096436,4.104645230770111,4.254351663589477,4.081463030982264,3.9774599897209404,3.948602038045259,3.965939005691137,4.0289222861687835,4.0590250247437565,3.957245222376824,3.8554654200098923,7376408000,0.08347782776434798,0.059334657581725736,0.024143170182622242,63.746706586392314,68.9568519097546,NVDA
2019-07-17,4.216365337371826,4.223321775418077,4.123446659043422,4.152763211915992,348204000,76.98027492867331,65.56215479273719,58.88361662507806,3.9922059774398804,3.8493918323516847,4.107344636917114,4.242321510314941,4.111441321291056,3.9991786576892028,3.963902798006777,3.9748828032511616,4.033087687306629,4.088175900721986,3.9850355680562317,3.8818952353904783,7724612000,0.09116711186521531,0.06570114843842366,0.025465963426791652,77.62518593721526,70.59600838759404,NVDA
2019-07-18,4.228042125701904,4.2908988524978815,4.170154418749741,4.226800107676858,442192000,77.99166641825107,66.07329754853522,59.220520752790605,4.013398349285126,3.8480340003967286,4.110284764766693,4.228663184642792,4.137352611160134,4.01998442750854,3.97899647387507,3.9839242076244026,4.037420008159857,4.106363669280146,4.0069973312680975,3.90763099325605,8166804000,0.09708401999490146,0.07197772274971923,0.025106297245182235,80.10536314308374,73.82575188889713,NVDA
2019-07-19,4.184813976287842,4.272763664177601,4.178851245424811,4.266304315501294,344896000,65.25495916279192,62.38188444115932,57.40017846061673,4.0312119126319885,3.845409574508667,4.1131867814064025,4.213755984306335,4.147899581188513,4.0349689319430215,3.990757474012942,3.9910988422195253,4.040695429673812,4.126846663386867,4.026190772208158,3.9255348810294484,7821908000,0.09716500424587071,0.07701517904894953,0.020149825196921184,70.92360290234488,76.21805066088132,NVDA
2019-07-22,4.256363868713379,4.269283032641013,4.1987244855076495,4.206178013344562,315940000,73.7647333665021,65.78880450143839,59.5516196066722,4.05550981760025,3.84606743812561,4.117223258018494,4.199563162326813,4.172002756194039,4.055095744376691,4.005934982281539,4.000572593165734,4.045488061652469,4.14431663314933,4.044808314389401,3.945299995629473,8137848000,0.10182884367592226,0.08197791197434408,0.019850931701578187,92.15107689942654,81.06001431495174,NVDA
2019-07-23,4.36419153213501,4.366178951113766,4.27996837410679,4.295620838648353,428176000,81.81796453993326,70.17291605544898,62.53287018039766,4.084081053733826,3.849561824798584,4.122583689689637,4.185878512859344,4.21471137306981,4.083195361445628,4.026406785130308,4.013558983843208,4.052570360996525,4.169318963601067,4.070414017707429,3.971509071813792,8566024000,0.11292404323252114,0.08816713822597949,0.024756905006541652,99.6143005254505,87.56299344240733,NVDA
2019-07-24,4.438723564147949,4.444437984259392,4.331395391009133,4.407419592627762,366236000,85.50784073930328,72.77039555690916,64.42752189331601,4.117844724655152,3.8596937227249146,4.12814596414566,4.173487823009491,4.264491859976063,4.115516107145839,4.049967743931316,4.028743433139806,4.061151543288779,4.20044161354621,4.099856713987011,3.9992718144278117,8932260000,0.12627555491769815,0.09578882156432324,0.030486733353374915,99.03722368270505,96.93420036919404,NVDA
2019-07-25,4.307546138763428,4.4099058055435005,4.284192305517642,4.397234942423174,392700000,59.853691262093555,62.460635551925726,58.94307256051025,4.135385048389435,3.8654202604293824,4.132314572334289,4.161608953475952,4.274059477484366,4.132973382747438,4.0646865093502935,4.038700672626364,4.066626978743771,4.226563904379563,4.125328309923628,4.024092715467693,8539560000,0.12483280729087731,0.10159761870963406,0.023235188581243252,76.93620274603187,91.86257565139583,NVDA
2019-07-26,4.349532604217529,4.396240260376979,4.334626016349422,4.334626016349422,274160000,64.00191813612824,64.20850332934342,60.080190293513176,4.1500930190086365,3.8732075023651125,4.136967568397522,4.150446479320526,4.290831283425069,4.152660584699264,4.080963429056992,4.049801813040334,4.072913770420965,4.242326399295153,4.1448175012785216,4.047308603261891,8813720000,0.12562920104066588,0.10640393517584043,0.019225265864825453,84.01016192260447,86.66119611711382,NVDA
2019-07-29,4.34332275390625,4.359471838274226,4.2551247469008695,4.342329044292716,248160000,62.84933925283095,63.73582923578736,59.82399486941876,4.163248240947723,3.8805677700042724,4.142667753696442,4.139281435012817,4.302496054643109,4.169993509172627,4.0959553904769495,4.060284703785546,4.07892285894286,4.257095169071856,4.157858984013196,4.058622798954536,8565560000,0.12432611177660036,0.10998837049599242,0.01433774128060794,80.0395973072758,80.32865399197074,NVDA
2019-07-30,4.358973979949951,4.371147749850861,4.282452666700874,4.296862638242982,197772000,64.76827341166906,64.44623546453532,60.27039742998764,4.174776113033294,3.890057625770569,4.149216825962067,4.130652663707733,4.315046704711296,4.187173551970565,4.110985024161121,4.0709521779342746,4.085146217187463,4.270290375021274,4.170403496081459,4.070516617141645,8763332000,0.12313688196035955,0.11261807278886585,0.010518809171493698,80.2187807217519,81.42284665054407,NVDA
2019-07-31,4.191770553588867,4.328415802345403,4.149534818354589,4.327421618942453,359416000,38.96602002390176,52.59296581880456,53.61671467783746,4.182838213443756,3.898575839996338,4.153751397132874,4.122495512962342,4.287652004461868,4.1875914612085925,4.115601340128421,4.075267119921938,4.087515646885271,4.269860561052919,4.172446299217559,4.075032037382197,8403916000,0.10746371482241646,0.11158720119557598,-0.004123486373159527,27.61596853578959,62.624782188272455,NVDA
2019-08-01,4.097360134124756,4.292637970423486,4.045186373406644,4.202203799351424,421212000,30.68359432328421,47.302607045710836,50.33636745863399,4.1855337738990785,3.9035630226135254,4.154736166000366,4.112453415393829,4.245364922164732,4.17938861329188,4.11455898549964,4.076056156143467,4.087734413268371,4.280180880344959,4.176484500468973,4.072788120592987,7982704000,0.08642819468788865,0.10655539989403852,-0.02012720520614987,13.067889846875085,40.30087970147221,NVDA
2019-08-02,4.004690170288086,4.074006724858236,3.95723735268981,4.004690170288086,428348000,24.539730280130257,42.75627572979254,47.36277802246828,4.186726331710815,3.908116283416748,4.154451761245728,4.103329908847809,4.191881643969921,4.163506936655171,4.1082807674875506,4.073507370934347,4.085888985646586,4.281316578000262,4.175679953462861,4.07004332892546,7554356000,0.06156996163041484,0.09755831224131378,-0.035988350610898945,9.739892463891193,16.807916948851975,NVDA
2019-08-05,3.746307134628296,3.8223313426400565,3.699350936463408,3.821089087595534,589156000,14.694899799013257,33.18059152641857,40.4050842743579,4.178751218318939,3.9099239444732667,4.150069744586944,4.091620463132858,4.092865086338449,4.125579681925455,4.087596559895593,4.06182164820913,4.078342722290624,4.2739026696568,4.165840757240971,4.057778844825143,6965200000,0.020780733893089653,0.08220279657166897,-0.06142206267857932,6.30210903595591,9.703297115574081,NVDA
2019-08-06,3.7850654125213623,3.866555517095319,3.7373640381447935,3.821090107621404,361272000,20.44021401441728,35.513635885833395,41.74708102550396,4.172589826583862,3.9135837936401368,4.146834692955017,4.0804478192329405,4.024465158823541,4.094623839252355,4.070309065759922,4.051937496934567,4.071825448740196,4.271710057395844,4.160560327130812,4.049410596865778,7326472000,-0.008321627310132307,0.06409791179530872,-0.07241953910544102,11.503954646843379,9.181985382230181,NVDA
2019-08-07,3.8233253955841064,3.835250855534776,3.706804563003239,3.724195661318012,372560000,26.318601319805197,37.82157870855606,43.070106130059855,4.164925277233124,3.9189121532440185,4.142927544116974,4.069903599023819,3.9797674336592226,4.069960344373423,4.056195713178447,4.043772779029194,4.0663032253367275,4.268515788213021,4.15531933708767,4.042122885962319,7699032000,-0.02797571077420269,0.04568318728140643,-0.07365889805560913,16.63892285974141,11.481662180846918,NVDA
2019-08-08,3.931896209716797,3.9331384649141317,3.823574068030292,3.8809649313058294,309300000,41.13033029592189,43.95174498477967,46.66383768430819,4.154962646961212,3.927895951271057,4.14031950712204,4.0611851012706754,3.9691293838942387,4.057409059404638,4.04909288440921,4.039777187268037,4.063316402767396,4.265029681338679,4.151194360548367,4.037359039758055,8008332000,-0.03439447805000739,0.029667654215123667,-0.06406213226513106,31.210483921479096,19.78445380935465,NVDA
2019-08-09,3.8305304050445557,3.8943808514754075,3.7800959826754443,3.8909026317903614,341816000,33.569742950666935,39.98783722181546,43.95550467766505,4.13827953338623,3.9353840923309327,4.135020251274109,4.051705913543701,3.938329610816531,4.036783727190085,4.036603599874087,4.032304087902912,4.0581433805957765,4.250012564966205,4.138330438211831,4.026648311457458,7666516000,-0.04711762796302388,0.014310597779494158,-0.061428225742518036,17.60592523641164,21.8184440058774,NVDA
2019-08-12,3.762704372406006,3.8305298839739783,3.740841110976979,3.7783563588595577,279200000,29.25218792653321,37.54766764255315,42.240517271915124,4.118627524375915,3.9433293676376344,4.129367837905884,4.0431457090377805,3.8993017800586367,4.011867422209714,4.020952215447339,4.022675526635165,4.05157806930267,4.231217426900119,4.118896453987562,4.006575481075004,7387316000,-0.06195957847045053,-0.0009434374704947786,-0.06101614099995575,8.502823412378646,19.10641085675648,NVDA
2019-08-13,3.8769891262054443,3.9229516149101764,3.7222078919153594,3.7612137050136867,351956000,43.8533345577462,43.77365858213852,45.95501504464559,4.104925739765167,3.9543951320648194,4.122490785121918,4.037837830781936,3.8943434125357053,3.9996057589365983,4.012725753204945,4.017472440905532,4.047698315011621,4.221973706851616,4.103619047722711,3.9852643885938073,7739272000,-0.06376506271340343,-0.013507762519076509,-0.05025730019432692,24.999925758303856,17.036224802364732,NVDA
2019-08-14,3.7284188270568848,3.7999711041685047,3.684692540793524,3.7887910460613194,419880000,33.17302255920255,38.412476972873236,42.26125989918274,4.08052841424942,3.9579081439971926,4.1157261967659,4.030743228197098,3.8574712824293007,3.974952401492988,3.9964796431393417,4.007149097553795,4.040603215279293,4.204294632330198,4.084390153247896,3.964485674165594,7319392000,-0.0763047102692953,-0.026067152069120268,-0.05023755820017504,6.14523594973484,13.215995040139134,NVDA
2019-08-15,3.6961216926574707,3.7671771302438626,3.661836347600855,3.747301519818237,477200000,31.191363588378366,37.341797278916154,41.50311360262886,4.053932392597199,3.9616298627853395,4.109561812877655,4.0246697008609775,3.8216158180355606,3.9496041552352135,3.9793163316832345,3.996040975950355,4.032948070332141,4.181729527528197,4.061564778623592,3.941400029718988,6842192000,-0.08783606069657912,-0.03842093379461204,-0.04941512690196708,4.833609744304028,11.992923817447595,NVDA
2019-08-16,3.9641940593719482,4.013385990031329,3.897610556277459,3.9589767298029845,1007960000,56.85964870719706,49.839307899867066,49.382689708218635,4.042901396751404,3.969470806121826,4.105311331748962,4.021505455970765,3.853299871665869,3.9509305101567347,3.978452201836875,3.994903586072555,4.031420203421915,4.168573784809917,4.04864565495266,3.928717525095401,7850152000,-0.07448492353621239,-0.045633731742932115,-0.028851191793280273,42.626935195456426,17.868593629831782,NVDA
2019-08-19,4.242948532104492,4.258849300158553,4.061335271493826,4.077484348368043,815112000,70.562390736751,58.99751118175245,55.84807873393705,4.04223062992096,3.9820321893692014,4.10394021987915,4.017582833766937,3.939888462874452,3.977477603061076,3.9935662778521674,4.003762334145124,4.0361208329481935,4.172343769692495,4.047482229839431,3.922620689986366,8665264000,-0.04093897581610717,-0.04469478055756713,0.0037558047414599574,87.17823214733428,44.87959236236494,NVDA
2019-08-20,4.170651912689209,4.237980574292115,4.149533813251325,4.2374834827110455,463188000,64.21443537237238,56.13491142640074,53.97860837980697,4.032553648948669,3.9916917419433595,4.1016600227355955,4.012329139709473,3.9911692294999535,3.995038903936361,4.003685456985713,4.0097226762359846,4.039110412497993,4.1705574134241274,4.044844053861187,3.9191306942982442,8202076000,-0.019957248799966187,-0.03974727420604694,0.019790025406080755,80.66174002716909,70.15563578998662,NVDA
2019-08-21,4.254129886627197,4.309284789315911,4.215124065737307,4.236738786477051,427244000,68.18073790507785,58.63089464259213,55.76602336421236,4.023323965072632,4.001868076324463,4.0996413421630855,4.006591360569001,4.049604931083785,4.018592629635528,4.017996567250941,4.018451505178528,4.0438886230341975,4.167256624916822,4.041164686945708,3.9150727489745933,8629320000,0.003368070843629667,-0.031124205196111622,0.03449227603974129,91.48118998593749,86.44038738681364,NVDA
2019-08-22,4.260340213775635,4.3063024619281265,4.221085621047746,4.263818432837209,303488000,68.49249461333953,58.81863199180763,55.89924030375679,4.020963668823242,4.014429469108581,4.097009768486023,4.001279649734497,4.096434993904196,4.040569682739173,4.031844775623781,4.027090387628425,4.048698658384007,4.159156531269606,4.034389629125629,3.909622726981651,8932808000,0.022099922065198285,-0.020479379743849644,0.042579301809047926,92.44039024781266,88.1944400869731,NVDA
2019-08-23,4.035746097564697,4.238229188545008,4.015870488711359,4.183819691538798,568056000,48.05824307282082,49.98424761325469,50.18490611707095,4.0052743434906,4.021475377082825,4.091953573226928,3.995235033035278,4.082948572495418,4.040131174996039,4.032067708306119,4.027399520126148,4.048410823699133,4.152460295149287,4.0230912406335095,3.8937221861177327,8364752000,0.01860768315854422,-0.01266196716337087,0.03126965032191509,57.751278074494316,80.55761943608151,NVDA
2019-08-26,4.110528469085693,4.1386030106390885,4.072268050737797,4.114503780573438,318208000,53.590527361986865,52.54031201907556,51.89665868353796,3.9936346292495726,4.031815676689148,4.0862505245208744,3.9896522402763366,4.089077438404368,4.046530929004189,4.036551180350666,4.030368411160418,4.049791215818835,4.140637482405475,4.01104363189571,3.8814497813859457,8682960000,0.021625090482259246,-0.005804555634244848,0.027429646116504093,69.30159879546193,73.16442237258966,NVDA
2019-08-27,4.0198469161987305,4.151522683711795,3.9905303494595006,4.148789863739837,290968000,46.399339802859075,49.253275687964866,49.73032093759393,3.9766782760620116,4.040148553848266,4.079730005264282,3.983277990818024,4.073692877914227,4.044105109658238,4.035596650970556,4.029992643483215,4.049125786938387,4.130699646515404,3.998408403487594,3.866117160459785,8391992000,0.016508860200940667,-0.0013418724672077447,0.017850732668148413,55.29561051217063,60.78282912737564,NVDA
2019-08-28,4.009401321411133,4.062123853700246,3.9541918190476877,3.993485282144662,255612000,45.55437589600317,48.87397084201915,49.481578608145696,3.967559814453125,4.044371938705444,4.072437462806701,3.9778173828125,4.059405865357984,4.040950219817592,4.034099774995732,4.029257239123498,4.0482430210377816,4.115951288613262,3.982744000275807,3.849536711938351,8136380000,0.01147901569319476,0.0012223051648727564,0.010256710528322005,53.68226277440671,59.42649069401312,NVDA
2019-08-29,4.1531453132629395,4.185474976771943,4.0974382250378,4.1009198884055555,357976000,58.14197411180761,54.11119573455302,52.8728408776646,3.970349073410034,4.051350951194763,4.066373901367188,3.973115122318268,4.080236853781308,4.051149773767169,4.040902377182429,4.033681813199907,4.050574183087229,4.107916441692846,3.979035069177137,3.850153696661428,8494356000,0.01887419651783251,0.004752683435464707,0.014121513082367802,75.88387491684024,61.62058273447255,NVDA
2019-08-30,4.165826320648193,4.249138122626399,4.1476718737087,4.199399690907395,290616000,59.14197989091328,54.553487102120336,53.162823201257076,3.9784058809280394,4.058096623420715,4.061065011024475,3.9704736256599427,4.099256735307282,4.0615749143927165,4.048040888237615,4.0384012598944885,4.053135341699695,4.102987803513973,3.9810581142410806,3.859128424968187,8784972000,0.02546464138247906,0.008895075024867579,0.01656956635761148,77.84248761373122,69.13620843499274,NVDA
2019-09-03,4.082763671875,4.126035890590796,4.059884315139665,4.09296010286523,296140000,49.791892543581525,51.08057191874683,51.013306069791454,3.9952287077903748,4.064343781471252,4.054220728874206,3.9662070059776307,4.095591610100108,4.063501165072924,4.050025047302609,4.039985631750936,4.053793749036924,4.104271870809488,3.9847525528088474,3.8652332348082066,8488832000,0.023711819748856833,0.011858423969665431,0.011853395779191402,65.01325775981964,72.91320676346372,NVDA
2019-09-04,4.196913242340088,4.204374150325406,4.143444587630888,4.143444587630888,227728000,60.17496199874168,55.29271527490026,53.702745529352576,4.015821099281311,4.072426710128784,4.048656892776489,3.962773649692535,4.118107528375659,4.075629535733575,4.058418658447607,4.0455901892719766,4.056974182221438,4.121582823763745,4.005018307833683,3.8884537919036197,8716560000,0.031174254919172917,0.01572159015956693,0.015452664759605987,82.64393892459498,75.1665614327153,NVDA
2019-09-05,4.469976902008057,4.4761940885888105,4.297385108269852,4.2991259394861,695676000,75.01000796540919,63.40920014996863,59.29204871909718,4.048153674602508,4.086557245254516,4.046203384399414,3.960061700344086,4.196300722516192,4.111479296303982,4.081936272365347,4.060746857583979,4.066152020438919,4.153383198925818,4.034455944835353,3.9155286907448885,9412236000,0.05844848603844088,0.024266969335341722,0.03418151670309916,98.92544702129402,82.19421456856956,NVDA
2019-09-06,4.442868709564209,4.503549239878637,4.4048189822241675,4.446598926176881,376976000,71.82278224266202,62.20190157396364,58.55832445437352,4.0737022995948795,4.0962798261642455,4.0447965288162235,3.961914772987366,4.251093608526862,4.141605606600367,4.102560983062425,4.074394066583273,4.074523502419481,4.183489675321273,4.065977470510669,3.948465265700064,9035260000,0.07698862913022886,0.034811301294319155,0.0421773278359097,88.95427129706485,90.17455241431797,NVDA
2019-09-09,4.488876819610596,4.575421741674363,4.472463201099678,4.473955477602737,417524000,74.0669831411254,63.47304455845145,59.44871398549234,4.1066196203231815,4.104949898719788,4.042978715896607,3.966441044807434,4.303934322101025,4.173175716874024,4.12463617372232,4.089197022048535,4.083731353912617,4.212510872952955,4.0953132327285005,3.978115592504047,9452784000,0.09430718159467144,0.046710477354389615,0.047596704240281826,86.068777611703,91.31616531002065,NVDA
2019-09-10,4.555526256561279,4.582135831740526,4.446350534575092,4.456049382728147,352812000,77.2208571446176,65.2939062688815,60.72664664868452,4.1462607145309445,4.114456057548523,4.042055697441101,3.9707581877708433,4.35984364086997,4.2079348568455925,4.14925846417026,4.105851637566847,4.094215685082587,4.246534788330381,4.128313318183762,4.010091848037144,9805596000,0.11211788654043353,0.0597919591915984,0.05232592734883513,95.76242871316886,90.26182587397892,NVDA
2019-09-11,4.584126949310303,4.63237312302588,4.541103270212947,4.570200296995046,361512000,78.56334285765172,66.07543074105672,61.27415340457667,4.181617605686188,4.123570265769959,4.041664371490478,3.975759471654892,4.409684376078933,4.242134137978748,4.174108091892548,4.122932898700542,4.1051026020654255,4.28507877586435,4.166782016202686,4.048485256541022,10167108000,0.12707598258287067,0.07324876386985286,0.05382721871301781,92.88594754344211,91.57238462277134,NVDA
2019-09-12,4.582633972167969,4.68534349163841,4.5746759541097894,4.630631583854863,327840000,78.27437485615602,65.99189184827549,61.22757117294164,4.224328362941742,4.134612374305725,4.040719604492187,3.9807173776626588,4.448117619654274,4.273088668359586,4.197452427908287,4.139350794181522,4.115714410289926,4.317622842983185,4.203615425486578,4.089608007989971,9839268000,0.13722803136165407,0.08604461736821312,0.05118341399344095,85.95236483471265,91.53358036377456,NVDA
2019-09-13,4.524690628051758,4.55304152255234,4.480920801050449,4.51598646846927,324592000,66.826831122084,62.6797346393284,59.39546020122354,4.265756809711457,4.144237208366394,4.038649444580078,3.984388740062714,4.4651338437426045,4.295961573786147,4.21615175363077,4.153112931105459,4.124802770684633,4.352798985110429,4.240846702941112,4.128894420771795,9514676000,0.1389958024541471,0.09663485438539991,0.0423609480687472,78.02742309028667,85.62191182281383,NVDA
2019-09-16,4.481664657592773,4.516232723573079,4.439138574666537,4.449583560846985,231832000,59.12220308128605,60.26110561386172,58.047064742870795,4.291630339622498,4.154253721237183,4.0360249471664424,3.9877607667446138,4.4688073579315315,4.312843672314022,4.231323919571456,4.164846921337149,4.1327330348381475,4.388150745175838,4.277543540803496,4.166936336431154,9282844000,0.13536453939935367,0.10438079138819067,0.030983748011162993,72.1427384110424,78.7075087786806,NVDA
2019-09-17,4.503052234649658,4.507280034934073,4.441874119348141,4.488379448135824,223048000,61.75256372347141,61.06536078485268,58.53624478390898,4.304635524749756,4.166198577880859,4.034671487808228,3.9904546570777892,4.4764173305355595,4.33013535979908,4.246851251861639,4.176925682526882,4.140962350389514,4.410784193251192,4.302575537363037,4.194366881474882,9505892000,0.13268304840199452,0.11004124279095145,0.022641805611043064,75.06792860873439,75.07936337002117,NVDA
2019-09-18,4.475944995880127,4.511756786968211,4.38940054559531,4.496089306245021,258152000,56.247804459747705,59.423837109766254,57.64560633842476,4.319900178909302,4.177551612854004,4.035235748291016,3.993329093456268,4.476312367278797,4.343390781260993,4.259942322948409,4.187604943718069,4.148406409178194,4.420125397422801,4.315495683786637,4.210865970150475,9247740000,0.12690770679678476,0.11341453559211813,0.013493171204666629,66.5208372302612,71.24383475001268,NVDA
2019-09-19,4.400341987609863,4.500315952492896,4.3896479742191135,4.481912478040276,245476000,43.32270381626377,54.98437839229862,55.196827047640035,4.327210783958435,4.186026124954224,4.03473626613617,3.995073118209839,4.459430060685701,4.348568163656345,4.267965160929063,4.195202695285634,4.154004977587787,4.432804814340074,4.327116947502339,4.221429080664604,9002264000,0.11490561562816115,0.11371275159932674,0.001192864028834409,54.43323645454288,65.34066743117951,NVDA
2019-09-20,4.294649600982666,4.422974490707629,4.284453641507711,4.399348989262219,350244000,31.26884556324363,49.425240656881314,51.97020815863965,4.328926253318786,4.189296140670776,4.032765421867371,3.9954693508148194,4.422812180751693,4.343666476140555,4.2694899860749835,4.1987543704891,4.157130413663229,4.438465439235018,4.330665185462935,4.222864931690854,8652020000,0.09576150064398536,0.11012250140825847,-0.014361000764273102,37.53486952692784,52.82964773724399,NVDA
2019-09-23,4.348119258880615,4.39362991509446,4.2911689185153366,4.294899611215548,249712000,41.20064684992965,52.065604366204184,53.41062856582565,4.344544911384583,4.192974672317505,4.031460809707641,3.9977356457710265,4.406213753669231,4.344071274571469,4.273983087378163,4.204088830788797,4.161374610223615,4.443178491026052,4.334557086982601,4.22593568293915,8901732000,0.08393663682039065,0.10488532849068491,-0.020948691670294256,37.769899465765775,43.24600181574552,NVDA
2019-09-24,4.290668964385986,4.4090459235331645,4.2551062131622714,4.379451802331565,317268000,34.73003053884524,49.09956370631018,51.669996412798945,4.353551936149597,4.195673160552978,4.028906683921814,3.999568423032761,4.38053713382851,4.339216519100061,4.274936566064324,4.207180978417268,4.16424781809389,4.450475607817673,4.345112250891495,4.239748893965318,8584464000,0.06913267002660195,0.09773479679786831,-0.028602126771266362,8.26584608141697,27.856871691370216,NVDA
2019-09-25,4.432425022125244,4.452071752433489,4.245408963674291,4.290173473504312,308432000,55.447747436009514,55.79169029333106,55.41794733982315,4.374180841445923,4.2013011646270755,4.027814788818359,4.003433803319931,4.392067775672229,4.347690019375078,4.283935906410662,4.215225408549696,4.170207311516808,4.469991317251707,4.357945682760868,4.245900048270029,8892896000,0.06805445939498167,0.091798729317291,-0.023744269922309325,42.50997513571074,29.515240227631182,NVDA
2019-09-26,4.410290718078613,4.4314297223112815,4.359309027605756,4.422725565962813,234564000,52.335119605501,54.584920985063775,54.72517013599871,4.394225311279297,4.205179672241211,4.027285752296447,4.006661709547043,4.396117318429203,4.35338099198449,4.2911561813631165,4.222192026747157,4.175542498329293,4.4822534537594105,4.374439802104131,4.266626150448853,8658332000,0.06466845861269821,0.08637267517637245,-0.021704216563674245,37.47870283502054,29.418174684049433,NVDA
2019-09-27,4.271520614624023,4.419243167638344,4.210839610602333,4.368510040267735,362056000,36.79527608588776,47.629191680436314,50.580751424794876,4.400144076347351,4.206049242019653,4.027041621208191,4.0096506750583645,4.368429162028052,4.345939139497174,4.290034148978025,4.223953762028474,4.177675345358064,4.50094077067776,4.388342760813744,4.27574475094973,8296276000,0.05020866674287827,0.07913987348967362,-0.02893120674679535,12.788305100728298,30.92566102381988,NVDA
2019-09-30,4.328970432281494,4.3391668691885235,4.266051453237349,4.297386902554212,186184000,44.92020751203687,50.444581650145366,52.14917664824385,4.408301281929016,4.208932371139526,4.027170972824097,4.012838881015778,4.359660555417706,4.344396529750294,4.292259079452509,4.227704357394654,4.181037458400807,4.508137060079121,4.396249590014295,4.28436211994947,8482460000,0.042890482877456115,0.07188999536723012,-0.028999512489774004,24.895649203379126,25.054219046376005,NVDA
2019-10-01,4.327227592468262,4.501311654683677,4.322502682675596,4.352096811976308,366008000,44.71097250606691,50.35614032966894,52.09673791598933,4.420524477958679,4.210349645614624,4.028208541870117,4.016019613742828,4.352453230317829,4.342835717270109,4.294257280196266,4.231258758647283,4.184286128046751,4.521159818525398,4.405589361646744,4.290018904768091,8116452000,0.03652905265161177,0.06481780682410646,-0.028288754172494684,24.52835193082006,20.73743541164251,NVDA
2019-10-02,4.303354740142822,4.317281393108845,4.230985476187773,4.3053441264691,293372000,41.53120607324314,49.08663229619783,51.35720400369272,4.425846552848816,4.20913290977478,4.029347367286682,4.019383426904678,4.341542454723383,4.339246537531265,4.294777135050355,4.233833615129267,4.1869320972044415,4.531372052751489,4.414842341517125,4.2983126302827595,7823080000,0.029224353540996617,0.05769911616748449,-0.028474762626487876,27.035246241992006,25.48641579206375,NVDA
2019-10-03,4.509021759033203,4.51523894620959,4.2774902364086245,4.307830508275811,450588000,66.3048563966764,58.73781009930668,56.87135747322469,4.427798795700073,4.210538873672485,4.0351162981987,4.024131321907044,4.378760077903343,4.354680648576895,4.307019684992232,4.243661763125837,4.19408964524508,4.551808186127273,4.426858515506886,4.3019088448865,8273668000,0.039574743453667516,0.0540742416247211,-0.014499498171053588,97.63879267946463,49.73413028409225,NVDA
2019-10-04,4.525434970855713,4.554780547043525,4.446102398420786,4.511259292060045,265524000,67.61877746491734,59.39925863659882,57.27544177245045,4.431927108764649,4.214896650314331,4.040158455371857,4.028544800281525,4.411354498559425,4.3702037687840605,4.319500558470145,4.253725091973332,4.201452874703095,4.552956905529887,4.431346798323607,4.309736691117325,8539192000,0.048542345115206054,0.052967862322818096,-0.0044255172076120425,91.46784430738157,72.04729440961275,NVDA
2019-10-07,4.584126949310303,4.683851930785341,4.5816399793481475,4.590344137045182,480984000,72.26038864994821,61.75991357742707,58.7212897660534,4.436689615249634,4.219588537216186,4.046398019790649,4.034296666383743,4.449748376504065,4.389651330650082,4.334622066518154,4.2655251583067955,4.2099567430277,4.561033524722346,4.439257622574031,4.317481720425715,9020176000,0.05969703592201725,0.05431369704265793,0.005383338879359323,78.91704354836787,89.34122684507138,NVDA
2019-10-08,4.407554626464844,4.492358238452313,4.389400177797772,4.492358238452313,444436000,47.618411620019316,51.96998160540752,53.072403298410876,4.429291033744812,4.220873174667358,4.050720472335815,4.039588351249694,4.4403719876064605,4.391278902996879,4.338789641372251,4.27059763931244,4.2143478071040805,4.5571057444139305,4.435329865118956,4.313553985823981,8575740000,0.053670616516069636,0.05418508093734027,-0.0005144644212706356,41.587715048606306,70.65753430145193,NVDA
2019-10-09,4.4940996170043945,4.543589504862352,4.455552774681767,4.484400767760316,292412000,56.36956589186901,55.67842904134016,55.27696852980922,4.424789667129517,4.223575687408447,4.056816656589508,4.045998224020004,4.452311460806001,4.400626240633925,4.347664497122659,4.278579852801438,4.2205645139907535,4.553391197949123,4.4338890599391405,4.314386921929159,8868152000,0.055241305782187666,0.05439632590630975,0.0008449798758779145,59.88427664896095,60.12967841531172,NVDA
2019-10-10,4.551797389984131,4.602779094805389,4.486640476360423,4.491862971639334,309124000,61.51347972287991,58.00633256849965,56.694902262730395,4.423247838020325,4.230776224136353,4.0646760320663455,4.053005225658417,4.474419445067808,4.414369072393034,4.3593292338576,4.288337621986534,4.227925244568384,4.552728022004629,4.432041657059789,4.311355292114948,9177276000,0.060445043584142155,0.05560606944187624,0.004838974142265917,72.08221960262718,57.851403766731494,NVDA
2019-10-11,4.62540864944458,4.70871998797519,4.616953048539034,4.635853636089938,446404000,67.39804331786912,60.83278940303905,58.45188066990968,4.428283739089966,4.241337194442749,4.0724501085281375,4.059634091854096,4.507972601595979,4.433554488488629,4.374533771891142,4.300375872967178,4.236758209121188,4.55354907714376,4.433762740679513,4.313976404215265,9623680000,0.06970533699181658,0.05842592295186431,0.011279414039952272,83.26679613882051,71.74443079680289,NVDA
2019-10-14,4.638839244842529,4.659729225023902,4.5856191268500295,4.616705542407852,200040000,68.45408487377443,61.34401314944796,58.77095134234193,4.436142468452454,4.254020175933838,4.081068229675293,4.06656933426857,4.53705407787299,4.452216739066256,4.389636941774079,4.312463850534155,4.245693343248329,4.55881102595452,4.438929957267797,4.319048888581075,9823720000,0.07723757633735939,0.06218825362896333,0.015049322708396061,85.96435081426641,80.43778885190471,NVDA
2019-10-15,4.883551597595215,4.956169897238139,4.715187550054449,4.72911467863522,664124000,81.53306774156573,69.22573890446523,64.03247844206335,4.455167436599732,4.276765065193176,4.0933445048332215,4.074420737028122,4.614053526700151,4.491428998932525,4.4178606363924295,4.332859841500622,4.259867971122704,4.5843592431590725,4.456673974554391,4.328988705949709,10487844000,0.10177991648479612,0.0701065862001299,0.03167333028466622,90.25689671478385,86.49601455595695,NVDA
2019-10-16,4.829833507537842,4.954428183676151,4.818393825639987,4.84948023741831,428944000,73.50528979690993,66.0424428043551,62.210504967138334,4.472861862182617,4.297660427093506,4.105622110366821,4.082022140026092,4.6620046335529715,4.522193045169372,4.441401943315024,4.3506089010019515,4.2725338719319295,4.605983599591975,4.474935071822996,4.343886544054017,10058900000,0.11556315680673102,0.07919790032145013,0.036365256485280884,83.0496100902405,86.42361920643027,NVDA
2019-10-17,4.831823348999023,4.919362505869722,4.777359515589503,4.874349442507678,263436000,73.62074228516921,66.10462020151914,62.252099629775294,4.4944359302520756,4.317830386161805,4.118371269702911,4.08929633975029,4.699742125874316,4.550341254608431,4.463711737925538,4.367795131287561,4.284962526977864,4.625196032746523,4.4932119455057675,4.3612278582650115,10322336000,0.12520376655664212,0.08839907356848853,0.03680469298815359,82.85311368672117,85.3865401639152,NVDA
2019-10-18,4.737319469451904,4.8648981994758875,4.662960840376876,4.832319517383728,307440000,58.974646291007396,60.44398662787757,59.02622247587348,4.516569423675537,4.333938851356506,4.1309174013137815,4.097118159532547,4.708092646669336,4.5673392741396555,4.47934646544133,4.380992429079145,4.295014903477287,4.645016361912531,4.508686113680097,4.3723558654476635,10014896000,0.12379135626513005,0.09547753010781684,0.028313826157313204,69.82141074276677,78.57471150657616,NVDA
2019-10-21,4.874597549438477,4.888027090545017,4.779846046393975,4.798746636070834,261868000,69.53820012617966,65.11686976706451,62.01544073731798,4.54289333820343,4.354820194244385,4.145102143287659,4.104609948396683,4.7450937361735885,4.595271844621366,4.5019322416697385,4.398621183377692,4.30789451783198,4.668022291087656,4.533136795476596,4.398251299865539,10276764000,0.1322249972463201,0.10282702353551751,0.029397973710802577,88.7515030064336,80.47534247864053,NVDA
2019-10-22,4.864650249481201,5.036744471881838,4.856940785781004,4.931547978763792,328720000,68.0153748539301,64.52207188832588,61.674587792694155,4.571592402458191,4.376859111785889,4.1600942397117615,4.111158299446106,4.771661850241947,4.619760790517715,4.52265898497325,4.415265078595675,4.320266867424184,4.69909285431335,4.560524373486972,4.421955892660594,9948044000,0.136532196340446,0.10956805809650322,0.02696413824394278,77.33378170839214,78.63556515253084,NVDA
2019-10-23,4.851718902587891,4.865894109763343,4.750750197776818,4.782582749588405,279916000,65.76857265233025,63.70738837258848,61.21730472200661,4.592557096481324,4.396353707313538,4.175374419689178,4.118084503412247,4.7894523063188235,4.640847891615004,4.541462408836944,4.430852715166825,4.332076912650044,4.721269913264041,4.584548851408347,4.447827789552654,9668128000,0.13731929962395117,0.11511830640199282,0.022200993221958357,71.41774925880175,79.16767799120917,NVDA
2019-10-24,4.895736217498779,4.929309119275089,4.858929733657293,4.893000219060766,232020000,69.83837659810733,65.31289869044323,62.21429592586544,4.616829371452331,4.419700055122376,4.188804099559784,4.124889925718308,4.813070953247703,4.664019557604438,4.561706626474763,4.447455697392966,4.344602674980016,4.739447994577913,4.609216618586095,4.478985242594278,9900148000,0.1398824364386897,0.1200711324093322,0.01981130402935749,78.21742530648658,75.65631875789352,NVDA
2019-10-25,5.086731910705566,5.107621888597469,4.968603449664109,4.976312914030075,423092000,81.37085544327766,71.25502099426397,66.16052374876898,4.657589936256409,4.447512259483338,4.204571061134338,4.132321847677231,4.87388449934945,4.702447953340903,4.591708071287951,4.470286990725559,4.361094435773917,4.773775312254976,4.640358329395167,4.506941346535357,10323240000,0.1555326138976305,0.12716342870699188,0.028369185190638635,97.09143046251788,82.24220167593542,NVDA
2019-10-28,5.1426873207092285,5.195160817812477,5.1011554471025145,5.130501026468561,330792000,83.57828215440144,72.72895664283483,67.20940797948248,4.698275780677795,4.471082124710083,4.220276465415955,4.1395873200893405,4.933618459651623,4.742469714010752,4.62319259982631,4.494301288224976,4.378463166550257,4.808603973108649,4.680634522931032,4.552665072753415,10654032000,0.1704853769338719,0.1358278183523679,0.03465755858150399,92.90522898032158,89.40469491644204,NVDA
2019-10-29,5.046443462371826,5.13522633756321,5.0270457624179,5.128760121351249,211236000,67.15427168986096,66.42035180240887,63.661155315959356,4.734236574172973,4.48715202331543,4.2345921063423155,4.146172006130218,4.958690682478334,4.770103691134485,4.647378363400339,4.514020651587364,4.39330717312407,4.846377342715442,4.71673812305239,4.587098903389339,10442796000,0.1725800786255629,0.14317827040700692,0.02940180821855598,79.01015020459869,89.66893654914607,NVDA
2019-10-30,5.048432350158691,5.079021648128186,4.980290903691012,5.073301570839169,205960000,67.31355561715608,66.4850491525676,63.70255556251957,4.771490454673767,4.504707632064819,4.24819968700409,4.152837288379669,4.9786332752961915,4.795406296500322,4.670295734072244,4.533106783679197,4.407865510391506,4.873622871119214,4.74779690038811,4.621970929657006,10648756000,0.17241315984705974,0.14902524829501748,0.023387911552042256,75.92806696747752,82.61448205079928,NVDA
2019-10-31,4.999190330505371,5.0484311767847965,4.9193606677069415,5.02754120703125,209732000,58.83647136074805,63.23650716045253,61.877829746329624,4.795998883247376,4.519608840942383,4.260738458633423,4.1593840324878695,4.98320150978712,4.813932117773508,4.68908971101128,4.549752624637275,4.4210060619495914,4.909236908294262,4.7813740522223585,4.653511196150456,10439024000,0.16638942237193266,0.15249808311040053,0.013891339261532132,67.84953511585492,74.26258409597706,NVDA
2019-11-01,5.038235664367676,5.0705653145455365,4.938758796009322,4.963876567710956,283640000,63.24120602450116,64.70897796824482,62.76205896114654,4.821638917922973,4.535166749954223,4.274798109531402,4.165769015550613,4.995431321916133,4.834323349282068,4.709040908345931,4.56719844748479,4.43472227533666,4.931903293365323,4.809085303544123,4.686267313722921,10722664000,0.16288852166821943,0.15457617082196431,0.008312350846255118,70.51387446483126,71.43049218272125,NVDA
2019-11-04,5.234951019287109,5.247385867333541,5.09618162521197,5.119309541330526,376716000,77.68041974741362,71.00905789646389,66.81610668629844,4.854180121421814,4.559150848388672,4.290313112735748,4.172491781711578,5.048657921331905,4.870744046555253,4.739092914685427,4.591046753620587,4.452505136313337,4.96650295806388,4.841659916171307,4.716816874278733,11099380000,0.17398176428232226,0.1584572895140359,0.015524474768286362,97.87229371213186,78.74523443093936,NVDA
2019-11-05,5.212817192077637,5.260814324386149,5.164819585428227,5.234701858026008,300868000,73.76796271884996,69.50555497343207,65.97125331472402,4.894443249702453,4.581196622848511,4.306506149768829,4.18011533498764,5.085137759275401,4.901841605239106,4.7661628733935535,4.613252840708339,4.469400959774766,4.994601062905315,4.87005407874985,4.745507094594385,10798512000,0.1789246916324192,0.16255076993771256,0.01637392169470664,91.97175669419236,86.78597495705185,NVDA
2019-11-06,5.163576602935791,5.214309261798866,5.076036985967931,5.188694377724732,269012000,65.02486295821102,66.1499454008179,64.08656705619902,4.927917098999023,4.604071216583252,4.32210988521576,4.187428230047226,5.102568613422155,4.925635695938805,4.788872229367395,4.63290726078789,4.4848270851783445,5.030641578040504,4.904412964590924,4.778184351141344,10529500000,0.17683030348078077,0.16540667664632622,0.011423626834454553,83.7355265042079,91.19319230351073,NVDA
2019-11-07,5.1812334060668945,5.264793776027549,5.136468905218654,5.250120988498,280340000,66.72202985566088,66.7694757971143,64.46711448799064,4.959388899803161,4.627507858276367,4.335939898490905,4.193769609928131,5.120049678454319,4.948871851404995,4.811292868035938,4.6524903374049975,4.50030278119809,5.065722825860337,4.937575729523695,4.809428633187053,10809840000,0.17458276083704138,0.16724189348446925,0.007340867352572139,83.74449686833812,86.48392668891283,NVDA
2019-11-08,5.1673078536987305,5.1988918502411705,5.126771144822552,5.164323774367823,189100000,63.79238117794085,65.74743762434622,63.90875010271776,4.986483860015869,4.647791109085083,4.3495710301399235,4.19975503206253,5.1305514951752995,4.9687296697953345,4.831636581502384,4.670876677272631,4.515125116142548,5.093019653614836,4.966968648374687,4.840917643134539,10620740000,0.16972144819691248,0.1677378044269579,0.0019836437699545795,81.03547511272117,82.83849949508908,NVDA
2019-11-11,5.1772541999816895,5.200382112383533,5.0802642981698405,5.166560184946217,243436000,65.10559218917345,66.14603507601788,64.14066996710804,5.013404607772827,4.668019666671753,4.363058145046234,4.208534511327744,5.140929874021164,4.987686445266822,4.8513861597012005,4.688961588797954,4.529839095783418,5.11828745597847,4.990886409082247,4.863485362186025,10864176000,0.16477202063879304,0.16714464766932494,-0.0023726270305318986,82.97039789043703,82.58345662383213,NVDA
2019-11-12,5.212817192077637,5.268772815950008,5.1804870652443125,5.215552716028571,283504000,69.80446082674804,67.59792495218281,64.98181244120846,5.029867887496948,4.690620737075806,4.377482259273529,4.218286346197129,5.156904833589269,5.008152876795077,4.872039361551282,4.707670717486514,4.545016386812177,5.147182954933246,5.01910687696408,4.891030798994914,11147680000,0.16185345402240703,0.16608640893994137,-0.004232954917534337,86.34706152429156,83.4509781758166,NVDA
2019-11-13,5.186954498291016,5.2090877240663085,5.120553872283122,5.181482974763488,300188000,62.46399019107007,65.40122780208159,63.84323417003715,5.047723937034607,4.710421562194824,4.391424136161804,4.227191175222397,5.163582536856324,5.024407569658345,4.890034512222124,4.724787995372389,4.559281678178373,5.155188376576915,5.034371750769678,4.913555124962441,10847492000,0.15565922307761682,0.16400097176747647,-0.008341748689859652,76.5840088644897,81.96715609307279,NVDA
2019-11-14,5.2172932624816895,5.219531677050822,5.135971314916239,5.19590570695983,518080000,67.30394647580934,66.7656018570882,64.60383460705381,5.066997432708741,4.725367889404297,4.405962567329407,4.235459356307984,5.17551825366196,5.041942632642284,4.908735012236956,4.742377469197721,4.573904157829558,5.168088674194217,5.049770810096579,4.93145294599894,11365572000,0.15145248517223386,0.16149127444842795,-0.010038789276194088,85.26681063404033,82.73262700760722,NVDA
2019-11-15,5.078027248382568,5.266783643386142,4.989741486152525,5.215055813173268,1053628000,39.35288079561969,55.87352327762393,58.67991836056884,5.084032821655273,4.738071060180664,4.417175443172455,4.24290973186493,5.1538535858220955,5.045223052255037,4.918408854302419,4.754364961311466,4.585106893175181,5.18731287273903,5.062564572119801,4.937816271500573,10311944000,0.1353211140627062,0.15625724237128363,-0.02093612830857744,45.40957762156893,69.086799040033,NVDA
2019-11-18,5.279219150543213,5.305828732957794,5.067582892988016,5.070566972330775,574588000,64.73909334791956,64.80607821971479,63.70626852515713,5.10426390171051,4.753877906799317,4.429413902759552,4.250814476013184,5.181712600204566,5.066495424826689,4.93902658551618,4.773109753784029,4.600531610005581,5.211064899878659,5.0845876239798695,4.958110348081081,10886532000,0.13718995095480668,0.15244378408798825,-0.015253833133181571,93.11467497390525,74.59702107650484,NVDA
2019-11-19,5.172529220581055,5.271757070400809,5.1143356544169425,5.2481315725735955,414564000,51.12186787246753,58.09055872907876,59.681426374455945,5.119657850265503,4.7662179660797115,4.440337011814117,4.258090326786041,5.179671849177119,5.076134860804359,4.952369593234173,4.787374734741065,4.61324266801837,5.229539064553576,5.100717009043701,4.971894953533824,10471968000,0.1285798435547152,0.14767099598133365,-0.019091152426618463,65.50827238721111,68.01084166089511,NVDA
2019-11-20,5.251861572265625,5.335670492917985,5.13696624685976,5.149649647993549,472588000,58.84588797770517,61.30175414025741,61.56890274186516,5.139664983749389,4.779572658538818,4.451571462154388,4.265384781360626,5.195714009863453,5.0921100163917465,4.969483420607399,4.803963550366943,4.627434199223865,5.245775008756299,5.116052926581785,4.986330844407272,10944556000,0.12669724223825884,0.1434762452327187,-0.016779002994459863,78.88474406143638,79.16923047418426,NVDA
2019-11-21,5.226993083953857,5.303092552708058,5.2053569697853295,5.247385950468522,288388000,55.5441154223407,59.75607041102372,60.63858851996743,5.1562278270721436,4.792459840774536,4.463536107540131,4.273246554136276,5.202664915216877,5.104372113442848,4.984198258512911,4.8190717479950465,4.640757729995642,5.2650584120757875,5.136165297951931,5.007272183828074,10656168000,0.12179461544706793,0.13913991927558855,-0.01734530382852062,68.58389818758076,70.99230487874276,NVDA
2019-11-22,5.244649887084961,5.296128683064567,5.2210239150213065,5.249623351530179,224100000,57.57237568269262,60.517276420667,61.07516752019052,5.1641237258911135,4.8068590259552,4.475548117160797,4.281103644371033,5.21199490896534,5.117124638319403,4.999081208717028,4.8342709672482576,4.654177555708738,5.282391801949059,5.153273669614466,5.024155537279873,10880268000,0.11797407316303676,0.1349067500530782,-0.016932676890041437,73.68806776740291,73.7189033388067,NVDA
2019-11-25,5.5012993812561035,5.506273320249734,5.359793994971551,5.372725951750432,506476000,76.37397199542185,69.5369085239644,66.6895961942461,5.182054328918457,4.827251720428467,4.490752720832825,4.290457180738449,5.276284791696622,5.152049614950012,5.027779390004975,4.858093410605681,4.673002485165346,5.301864692529133,5.172391279892405,5.042917867255679,11386744000,0.1341098008440369,0.13474736021126996,-0.0006375593672330593,99.03705083301914,80.4363389293343,NVDA
2019-11-26,5.396600246429443,5.488367187497183,5.39013403114874,5.483641803354991,385244000,62.75927826885764,63.194577588451224,62.82487402306927,5.1995621681213375,4.845122680664063,4.505660629272461,4.298702161312104,5.3030215594150265,5.174281490539051,5.048854867514945,4.8773257975993864,4.68908243541566,5.315337410566698,5.1856626748043295,5.05598793904196,11001500000,0.13687136817666623,0.1351721618043492,0.0016992063723170192,78.76741246510466,83.83084368850892,NVDA
2019-11-27,5.4314422607421875,5.476488528610834,5.405061788535433,5.4421441671354875,215784000,65.23417161645152,64.35956533548318,63.55957222083488,5.218712663650512,4.864232625961304,4.5208921194076535,4.306909393072129,5.331559493043285,5.197659742375699,5.070717004270787,4.897115671283058,4.705579320422916,5.3311154345401235,5.203190881400131,5.075266328260138,11217284000,0.14025462157986546,0.13618865375945247,0.004065967820412991,85.51278845410654,87.77241725074346,NVDA
2019-11-29,5.3941121101379395,5.428954428609734,5.37021996336243,5.4005830976775515,141556000,60.09912618739316,62.091866198815424,62.18302841325894,5.238458752632141,4.884108028411865,4.5350670766830445,4.314725449085236,5.345460074619875,5.215519048535903,5.089196724606053,4.914865544099304,4.72088004908325,5.346441668866514,5.220421700449849,5.094401732033184,11075728000,0.13832907167286201,0.1366167373421344,0.0017123343307276218,78.2857119914344,80.85530430354855,NVDA
2019-12-02,5.207705020904541,5.400583371427015,5.192523927668455,5.387143919511813,372036000,40.83691942119511,52.20091968845065,55.86663171999588,5.2469322204589846,4.902369136810303,4.5458326387405394,4.321261163949966,5.314847840460912,5.214808682387597,5.095968627251681,4.925324096842348,4.731698381790389,5.363438445835483,5.233657099576879,5.103875753318275,10703692000,0.12037396908125864,0.13336818368995923,-0.012994214608700594,42.197502721777354,68.66533438910612,NVDA
2019-12-03,5.168133735656738,5.172115443423006,4.986704002882057,5.024035123991091,465232000,37.7544091132565,50.366709368602365,54.634970887700526,5.243591356277466,4.9187694263458255,4.555872049331665,4.327685787677765,5.282244706059984,5.210565505412064,5.1000923477319695,4.9339958696571475,4.741396945209642,5.370425877153792,5.238091915561629,5.105757953969467,10238460000,0.10177811416401017,0.12705016978476943,-0.025272055620759265,34.91925460376858,51.80082310566013,NVDA
2019-12-04,5.211934566497803,5.274153250327025,5.183314028899267,5.251754486173234,273424000,43.426557803867055,52.36202297673929,55.76353542892463,5.2435472249984745,4.937194738388062,4.56643394947052,4.334092669486999,5.266620230601722,5.210689965510768,5.106483331661446,4.943922251687171,4.751853336793823,5.368993944960301,5.23953450816308,5.110075071365863,10511884000,0.08954293098637489,0.11954872202509054,-0.030005791038715646,43.349473513340655,40.15541027962888,NVDA
2019-12-05,5.195011615753174,5.249515151275066,5.164399748390317,5.23383611053888,184884000,41.66621188031712,51.50057589171703,55.20876647644903,5.245118975639343,4.95244647026062,4.576873817443848,4.340759524106979,5.250707205079823,5.209264660987349,5.111542090752401,4.952889728975243,4.761701298548475,5.3680072371080305,5.239065863933344,5.110124490758657,10327000000,0.07758655002157511,0.11115628762438746,-0.03356973760281236,40.09236225235115,39.45369678982015,NVDA
2019-12-06,5.280375957489014,5.31322789545581,5.254244219585735,5.264199438610396,232236000,53.15953170869969,55.47942981735604,57.441582199857145,5.250076103210449,4.969848175048828,4.5875139236450195,4.347429280281067,5.257300261170754,5.215729324305682,5.121189740280208,4.964585665707877,4.773227402080487,5.370484370789704,5.2453186452322,5.120152919674697,10559236000,0.07414452894806267,0.1037539358891225,-0.029609406941059832,56.522189588639215,46.65467511811036,NVDA
2019-12-09,5.280375957489014,5.335128712742705,5.2487691339367535,5.257479713237847,211880000,53.15953170869969,55.47942981735604,57.441582199857145,5.255729508399964,4.990025281906128,4.59803726196289,4.354161013364791,5.262428193685923,5.221606290958713,5.130286095549283,4.975863890414345,4.784497369978453,5.372958685723776,5.249791307404508,5.12662392908524,10771116000,0.0706028368939089,0.09712371609007979,-0.026520879196170896,56.522189588639215,51.045580476543215,NVDA
2019-12-10,5.3254218101501465,5.377187801107265,5.257727566372665,5.310488984126515,256388000,59.25907118566146,57.60783679993013,58.630970915721036,5.263137888908386,5.009954309463501,4.609443340301514,4.361315060853958,5.276426775122417,5.231044065430662,5.141436707812189,4.988348101833481,4.79651791309338,5.382631462181165,5.257209820561137,5.131788178941108,11027504000,0.0706168175550026,0.09182233638306436,-0.021205518828061765,65.19203423792511,59.412137805067864,NVDA
2019-12-11,5.40904426574707,5.414519826084976,5.333386594889991,5.335875399645226,233796000,68.41996380005835,61.30603342074169,60.75934446860532,5.272949242591858,5.0315906429290775,4.62097014427185,4.369096701145172,5.305897328594561,5.247225901823063,5.156728568265611,5.003372964830396,4.810129609819017,5.391871086421338,5.268305853516485,5.144740620611633,11261300000,0.07649375820541326,0.08875662074753415,-0.01226286254212089,81.28660579973038,67.66694320876492,NVDA
2019-12-12,5.576537132263184,5.594704979938755,5.371215722129446,5.380175039586367,404348000,79.49957260162236,67.43412506831035,64.57572800098949,5.292428374290466,5.057054290771484,4.633093600273132,4.377838644981384,5.366039507187589,5.277163286408528,5.180717629065472,5.023843113667281,4.8271608880955545,5.412283646458961,5.28228015131108,5.152276656163198,11665648000,0.09358772945468097,0.08972284248896353,0.0038648869657174345,97.01187196054829,81.16350399940129,NVDA
2019-12-13,5.574545383453369,5.698734016324829,5.520539325237565,5.579522992215277,454704000,79.10354337470802,67.29763384417714,64.49774432699104,5.31029098033905,5.078364763259888,4.6444518184661865,4.386298891305923,5.412374146357762,5.304198022503513,5.203222072173352,5.043511051873928,4.843769432436839,5.436826585320667,5.3025535263964025,5.168280467472136,11210944000,0.10575502919557866,0.09292927983028657,0.0128257493652921,82.55851150557702,86.95232975528525,NVDA
2019-12-16,5.603416442871094,5.675839106922222,5.593959173090467,5.622082244322371,320976000,80.76984857056604,68.29926353818689,65.1357838704842,5.336560440063477,5.099924392700196,4.657410521507263,4.394862546920776,5.4548279900273915,5.331399697082384,5.226090321927509,5.063507672980969,4.860650477113156,5.457388127916327,5.3231950893874345,5.189002050858541,11531920000,0.11638573282993914,0.09762057043021707,0.018765162399722063,86.6132646582045,88.72788270810996,NVDA
2019-12-17,5.68156099319458,5.704208493550736,5.612622590727095,5.622079856490995,321196000,84.7258480615703,70.89750163815484,66.82299694509334,5.356677532196045,5.121873073577881,4.670730805397033,4.403849186897278,5.5052131018423225,5.363232542183493,5.252117217428484,5.085581005845741,4.878892933026076,5.474967031667458,5.349605243348565,5.2242434550296695,11853116000,0.12962205185326425,0.10402086671482652,0.025601185138437732,96.84357371268166,88.67178329215442,NVDA
2019-12-18,5.711925506591797,5.772402089725288,5.707943323769652,5.716405165584833,343548000,86.06274981918156,71.86254477141779,67.46265073986103,5.383647346496582,5.14796049118042,4.6844168329238896,4.413542293310165,5.55114919178665,5.394931902584248,5.278391976809245,5.107950452300957,4.897404767994203,5.491130189152463,5.374043975786623,5.256957762420783,12196664000,0.14093745327526896,0.11140418402691502,0.02953326924835395,92.3028216377014,91.9198866695292,NVDA
2019-12-19,5.860005855560303,5.873445307267032,5.741541493898004,5.746519103766496,445360000,90.78357005795462,76.03596554573673,70.3747496122085,5.414054560661316,5.175278615951538,4.699427151679993,4.4243219888210294,5.619784005958572,5.437211352854798,5.31162705559502,5.134809573845934,4.918795903273449,5.520333647937893,5.404462558506092,5.288591469074293,12642024000,0.16000934885666052,0.12112521699286413,0.038884131863796384,98.48439994389906,95.87693176476073,NVDA
2019-12-20,5.957315921783447,5.982700971901784,5.907292035784409,5.926455311085515,603044000,92.72638792065432,78.31244138181657,72.09082528802595,5.450570702552795,5.203388986587524,4.717082605361939,4.435417001247406,5.6947910983641,5.484493586393766,5.348523562234359,5.1641848005579885,4.941874125907004,5.548157849328427,5.438157965131905,5.328158080935384,13245068000,0.18089087519199865,0.13307834863269105,0.047812526559307594,97.45129243281521,96.07950467147191,NVDA
2019-12-23,5.94362735748291,6.018040861898894,5.932925924459894,5.985936088138887,355060000,89.54021832564982,77.20144321013981,71.48188363540831,5.485519576072693,5.229753360748291,4.73554527759552,4.4451407217979435,5.750088044834946,5.526233020129143,5.382529493391419,5.192022034733879,4.9641353088309135,5.581829112835463,5.472430211757215,5.363031310678966,12890008000,0.19409764567927912,0.14528220804200867,0.04881543763727045,91.28281156584244,95.73950131418559,NVDA
2019-12-24,5.938649654388428,5.955822074319842,5.893852119730991,5.928196959593819,138864000,88.21748422740941,76.77490529481804,71.2530733571799,5.507387089729309,5.255749568939209,4.754884872436524,4.454668316841126,5.791990624735719,5.563725441425442,5.414307788305534,5.218687306864399,4.9857911831766355,5.613370651294276,5.504597217523379,5.395823783752483,12751144000,0.20183580982355043,0.156592928398317,0.04524288142523342,90.69969730204797,93.14460043356856,NVDA
2019-12-26,5.952836036682129,5.980958628676049,5.923219592196735,5.942134128699837,182852000,88.78412954094274,77.16217569487708,71.52465249137137,5.5351988792419435,5.277135257720947,4.776950161457062,4.463509953022003,5.827734049612699,5.599099131903323,5.445080831069911,5.244906904357889,5.007281068810091,5.632790122638418,5.528242416905563,5.4236947111727085,12933996000,0.20673002807028507,0.16662034833271064,0.04010967973757443,91.52382404725866,91.16877763838305,NVDA
2019-12-27,5.8950958251953125,5.981455387285894,5.868714879638916,5.968015939142076,254644000,71.89649104726044,71.90663762153497,68.76053748990188,5.5583815574646,5.2984405040740965,4.798050465583802,4.472442579269409,5.8427033330755025,5.626007922202595,5.470795973591362,5.26812793724494,5.027010285618651,5.656816895351756,5.55157836336659,5.446339831381425,12679352000,0.2036025750330781,0.17401679367278416,0.02958578136029394,84.01799621191435,88.747172520407,NVDA
2019-12-30,5.781859874725342,5.878423425890889,5.750501784283721,5.873197077483953,258056000,49.66490677124148,62.863813430885145,63.712354155790074,5.57776894569397,5.317441234588623,4.817635810375213,4.480281677246094,5.8291825645532445,5.6401762815228444,5.488571053656161,5.286475506440669,5.043784720932132,5.6769324066471025,5.569003641255661,5.461074875864222,12421296000,0.18979896677517694,0.1771732282932627,0.012625738481914228,68.93635971338813,81.4927266575204,NVDA
2019-12-31,5.856023788452148,5.865481056746165,5.727355476853931,5.74651875151284,231004000,59.50599282694928,65.88945039048471,65.4492234376817,5.61018488407135,5.339815320968628,4.836877086162567,4.488598296642303,5.835147280975223,5.659798782152781,5.50956835278736,5.306816516512508,5.061834477988133,5.700642679089593,5.588933384429347,5.4772240897691,12652300000,0.18273743243422835,0.17828606912145584,0.004451363312772516,76.33592876671017,76.43009489733758,NVDA
2020-01-02,5.970754623413086,5.970754623413086,5.891363982921088,5.941885342751538,237536000,70.28933315341479,69.96610045001256,67.9316564443534,5.650315928459167,5.36173846244812,4.858279328346253,4.4966497898101805,5.865282245961415,5.688067494994627,5.535921853965973,5.330528591758957,5.082032703442021,5.72677052829511,5.6211883195047,5.51560611071429,12889836000,0.1842747307402357,0.1794838014452118,0.0047909292950238935,92.68948660488641,79.32059169499492,NVDA
2020-01-03,5.875186443328857,5.918988548422026,5.826157991152776,5.851045561653233,205384000,55.512865976401265,63.19139378683893,63.93153503465845,5.68347852230072,5.381949186325073,4.879404149055481,4.504385993480683,5.867483178709735,5.705078308479557,5.555308401929565,5.349980657886453,5.0996583421061725,5.758764768789185,5.657591173487904,5.556417578186623,12684452000,0.17575549731810636,0.17873814061979074,-0.002982643301684379,71.28563269799837,80.10368268986501,NVDA
2020-01-06,5.899825572967529,5.905051920734205,5.755727427577195,5.781859166410573,262636000,58.22957648011283,64.15506168902786,64.49505207138232,5.718719220161438,5.402911319732666,4.899632513523102,4.51106164932251,5.87467037743369,5.722782605251191,5.574995097417449,5.369617976282206,5.117439836125314,5.791568878166052,5.687610269925282,5.583651661684512,12947088000,0.16904348720279216,0.17679920993639103,-0.007755722733598869,72.1244062049643,78.69984183594971,NVDA
2020-01-07,5.971251964569092,6.0170449229818495,5.883150279100278,5.928196548695039,314856000,65.54828392241265,66.86340625158451,66.10019988477617,5.753263020515442,5.424421634674072,4.9220608448982235,4.518893520832062,5.8961329523526675,5.745370728825546,5.597638346968972,5.391104904435309,5.13641343897962,5.8298047253759435,5.723523296135324,5.617241866894706,13261944000,0.1675562001210853,0.1749506079733299,-0.0073944078522446,88.45910491538386,77.28971460611554,NVDA
2020-01-08,5.982451438903809,6.023764739731018,5.926952474390596,5.967021135605146,277108000,66.64782104133228,67.28085355079818,66.34957937463453,5.788366794586182,5.4423360252380375,4.944924142360687,4.527242977619171,5.915314838252921,5.766923520650843,5.619627666508105,5.41222442352347,5.155214283422379,5.864706413453815,5.756623622809847,5.648540832165878,13539052000,0.1653748797034753,0.17303546231935898,-0.0076605826158836765,86.91877791078521,82.50076301037781,NVDA
2020-01-09,6.048154354095459,6.120576999500233,5.994397505336159,6.068811004490261,255112000,72.76665041882681,69.69302445472076,67.80229519072364,5.824503421783447,5.460445365905762,4.965763745307922,4.535537538528442,5.9448347306623734,5.7924899600548985,5.64411490579881,5.434936206758184,5.175057396104003,5.903092362673461,5.793113385583869,5.683134408494275,13794164000,0.1670225121584865,0.17183287228718452,-0.00481036012869801,81.58222751456132,85.65337011357683,NVDA
2020-01-10,6.080507278442383,6.185781374034128,6.066321616134521,6.155418721169793,316296000,75.4301729730631,70.83329287313501,68.5023032231858,5.858076572418213,5.4811266422271725,4.984139332771301,4.544039776325226,5.9749841857245976,5.818673352635579,5.6690516128070145,5.457992316461191,5.1951785046004115,5.940747468395303,5.830768514012137,5.720789559628972,14110460000,0.16899086189697243,0.1712644702091421,-0.0022736083121696615,77.03574421966744,81.84558321500468,NVDA
2020-01-13,6.27114725112915,6.296283564365258,6.140985551163511,6.163633534107025,319840000,85.47514585606027,76.45479189113615,72.2225825945374,5.892807078361511,5.505580940246582,5.0051442861557005,4.553402154445648,6.040798200258942,5.859807343407722,5.703457077853994,5.487033564127905,5.21908892118994,5.984778579918416,5.871267969249215,5.7577573585800135,14430300000,0.1838149415714021,0.17377456448159412,0.010040377089807984,95.58181186904268,84.7332612010905,NVDA
2020-01-14,6.154175281524658,6.2537250915044345,6.140984569750498,6.228339569543208,359088000,65.69855009574363,67.81782747151138,67.1360097067539,5.921788573265076,5.528680639266968,5.024144740104675,4.561893041133881,6.06599310720688,5.886568065054716,5.729212403778032,5.510860054034932,5.239868618086266,6.011352879922894,5.903116018589662,5.794879157256432,14071212000,0.18400339454934134,0.17582033049514356,0.008183064054197775,75.0217495040143,82.54643519757482,NVDA
2020-01-15,6.111617088317871,6.189266079309119,6.085734091320788,6.166867313650455,263104000,59.67078823939088,64.94323425912287,65.38441731557694,5.947198605537414,5.550148267745971,5.042657508850097,4.569833638668061,6.076131769675989,5.9070270671695475,5.751064100037452,5.532315662402181,5.259240806313635,6.033080029520279,5.928398535001282,5.823717040482286,13808108000,0.17865918252924473,0.17638810090196383,0.002271081627280902,67.54133253375183,79.38163130226962,NVDA
2020-01-16,6.195240020751953,6.201213057446798,6.141731903266754,6.165126099200316,284192000,66.84362301193543,67.82877380957487,67.14526911539116,5.972882556915283,5.569354047775269,5.06425244808197,4.578103010654449,6.102600269915092,5.933228244767948,5.776445581221137,5.555991532343244,5.2800407888567085,6.058441520308001,5.954826634343849,5.851211748379696,14092300000,0.17910689498654087,0.17693185971887923,0.0021750352676616347,82.23966335441412,74.9342484640601,NVDA
2020-01-17,6.20395040512085,6.221869514641433,6.156415325826517,6.2144031003351135,253792000,67.56470089191653,68.123099305465,67.32626430504962,5.997483801841736,5.589176712036132,5.085186667442322,4.585718595981598,6.125122522183038,5.9578393502545755,5.80087442830112,5.57913292065673,5.300572113662578,6.082337520722133,5.979967002091728,5.877596483461325,14346092000,0.1781114081151438,0.17716776939813217,0.0009436387170116411,83.77068011384297,77.85055866733633,NVDA
2020-01-21,6.170600414276123,6.204198560894106,6.13650431691283,6.16736492115884,217916000,61.4268929058197,65.64672429428758,65.87366936000916,6.013013529777527,5.609317188262939,5.106694202423096,4.593212103843689,6.135228720425946,5.977181265165625,5.8220016274996915,5.600256759714566,5.319906075898434,6.103428612882025,6.000904023869447,5.898379434856871,14128176000,0.1726413104919322,0.17626247761689218,-0.0036211671249599675,77.90878094296357,81.30637480374024,NVDA
2020-01-22,6.224606990814209,6.311215307199664,6.196981875274955,6.215896411562279,239240000,67.21459498619541,67.69472929162662,67.07627987443868,6.026378083229065,5.6301846599578855,5.128846259117126,4.600641860961914,6.155090558290004,5.99967451295186,5.8450076482605215,5.622554982253839,5.34001054067434,6.122552428314255,6.020869286037122,5.919186143759989,14367416000,0.17069641606092123,0.17514926530569802,-0.004452849244776791,84.40860375849836,82.02935493843499,NVDA
2020-01-23,6.293046474456787,6.301508314316864,6.175826780010042,6.2646751491590695,244516000,73.30553232464348,70.1253150580692,68.54484258458585,6.043849039077759,5.652699432373047,5.150245270729065,4.608309586048126,6.1857474285492895,6.02634469127049,5.870609866900308,5.646501106975373,5.361189116980617,6.139598308217152,6.035521232692901,5.9314441571686505,14611932000,0.17268694001881535,0.1746568002483215,-0.001969860229506154,96.72921166970828,86.34886545705676,NVDA
2020-01-24,6.233816146850586,6.458301325406744,6.179561337282814,6.408526174948215,373512000,61.44947222093958,65.53015290887205,65.88584300934549,6.058607363700867,5.673830671310425,5.170925168991089,4.615995090007782,6.1964293659495775,6.045205732686862,5.891364511468895,5.6674766441137745,5.380580828755504,6.164327829133869,6.051030513100812,5.937733197067756,14238420000,0.1675535985811285,0.17323615991488292,-0.005682561333754416,68.0481755371703,83.061996988459,NVDA
2020-01-27,5.97797155380249,6.0289908580944,5.779618159624937,5.929191841222907,470536000,33.4267209958451,50.221621277237496,56.064541902794524,6.059864139556884,5.689133758544922,5.189877247810363,4.622048988342285,6.1478831854724465,6.039093534606464,5.896313485316529,5.678565748031229,5.393856178200992,6.173224098256479,6.051002842038631,5.928781585820784,13767884000,0.1412130518716257,0.16683153830623149,-0.02561848643460579,29.226213965254377,64.66786705737768,NVDA
2020-01-28,6.171347141265869,6.20370064856638,5.990663647306005,6.043923016293822,310976000,52.90574504443076,58.17479577232824,60.69434494125284,6.073676705360413,5.708821611404419,5.209621586799622,4.6291392397880555,6.153097397870985,6.051116589757319,5.91202969422792,5.696165083503894,5.411133755157989,6.188693797842614,6.059077400444715,5.929461003046818,14078860000,0.13439257864192466,0.16034374637337012,-0.025951167731445457,57.71897718866815,51.66445556369763,NVDA
2020-01-29,6.110870361328125,6.192999003620118,6.071049967628455,6.156912053677501,258848000,47.671062638372234,55.20419985661587,58.67283177410387,6.090127229690552,5.726693153381348,5.226030521392822,4.636116952896118,6.143713611972571,6.05654875080921,5.923392018062217,5.710975986283331,5.426683457517325,6.199126795072624,6.069071896324979,5.939016997577334,13820012000,0.12269300516331416,0.15281359813135895,-0.030120592968044785,48.80807693551716,45.251089363146576,NVDA
2020-01-30,6.117590427398682,6.131029877336464,5.9580619920465185,6.013063007373622,290504000,48.35246437583574,55.47626310992364,58.8321175201358,6.103205561637878,5.74748441696167,5.242777738571167,4.643787133693695,6.137908459845041,6.062097994135525,5.9344890700243,5.725497930608879,5.442036945736911,6.213905143373101,6.081705185402466,5.949505227431832,14110516000,0.11266453542742916,0.14478378559057298,-0.03211925016314382,49.79823941624047,52.10843118014194,NVDA
2020-01-31,5.884145259857178,6.083742808298976,5.842334486746621,6.071796737498564,370420000,31.340363696452457,45.205168886057876,51.608146019778054,6.098875093460083,5.75958293914795,5.256730422973633,4.64985456943512,6.081516637625516,6.0459204728374925,5.931612280871892,5.731163906653461,5.451861574939583,6.224559277624384,6.087441093860411,5.950322910096438,13740096000,0.08490113938685973,0.13280725634983034,-0.04790611696297062,15.401457631828945,38.00259132786221,NVDA
2020-02-03,5.981208801269531,6.000620817027288,5.859757672310038,5.8659794478892655,255564000,41.59342513682075,49.40001318502677,54.06018401199358,6.1041762113571165,5.7757565307617185,5.270987248420715,4.656521472930908,6.059226007324186,6.040037593604041,5.934446367751757,5.740094081461178,5.463624846635804,6.227624858156692,6.087579412286754,5.947533966416816,13995660000,0.06992461713854503,0.12023072850757328,-0.05030611136902825,29.703203469379158,31.63430017248288,NVDA
2020-02-04,6.150440692901611,6.169604437177896,6.073040925853949,6.1230647969327805,271544000,55.49754134462006,55.75930754870409,57.94445425981175,6.116706967353821,5.7937281131744385,5.286650385856628,4.664157378673553,6.079495937452503,6.050074238994729,5.946788900617463,5.754749317584051,5.478887420997267,6.240068539667706,6.099845334080878,5.95962212849405,14267204000,0.07089399286178644,0.11036338137841592,-0.03946938851662948,54.638534145679934,33.2477317489627,NVDA
2020-02-05,6.24078369140625,6.281599042941354,6.15741039787647,6.2713950863848416,208220000,61.38621588780855,58.74043244677923,59.83957103979403,6.130183553695678,5.814003925323487,5.303231883049011,4.6719757437705995,6.115337660553336,6.067411461941231,5.963588602948251,5.772107688077701,5.495818449228577,6.256636486757687,6.117610226318102,5.978583965878518,14475424000,0.07805241539903474,0.10390118818253968,-0.025848772783504947,67.95004724333698,50.763928286132035,NVDA
2020-02-06,6.327641487121582,6.327641487121582,6.193996033305588,6.275129269822066,218284000,66.50032193286131,61.43129954144882,61.57974400087351,6.147443056106567,5.835663757324219,5.32126139163971,4.679955418109894,6.162516288679613,6.091068736957626,5.984391624901012,5.791948180900697,5.514303405626199,6.2721457608957945,6.13313136664981,5.994116972403823,14693708000,0.08970020689811342,0.10106099192565443,-0.01136078502754101,80.74803606854624,67.7788724858544,NVDA
2020-02-07,6.261439800262451,6.309721561491752,6.23605428009747,6.287571534528546,189752000,59.31518937932972,58.309862846742426,59.52453729288088,6.158107328414917,5.8508665657043455,5.3390591430664065,4.687542045116425,6.184499291253577,6.106557015439884,6.00022294920738,5.808715738735045,5.530906436618116,6.284917380530523,6.147005128377209,6.009092876223899,14503956000,0.09252269864340779,0.0993533332692051,-0.006830634625797319,70.99360422215294,73.23056251134541,NVDA
2020-02-10,6.54465913772583,6.545405351799179,6.27910946084505,6.284087069479362,529608000,73.83082722164536,66.21821430285169,64.78163260921059,6.181314921379089,5.873827743530273,5.359475212097168,4.6970733499526975,6.264534812691855,6.146384481102243,6.031333588551291,5.834999431556144,5.553434274420509,6.310733162781449,6.166148701257181,6.021564239732915,15033564000,0.11627265842790102,0.1027371983009443,0.013535460126956722,99.90255594753026,83.8813987460765,NVDA
2020-02-11,6.6671061515808105,6.781837531508206,6.590950532170923,6.652920487059736,638556000,77.91820469477695,68.95971474718974,66.73452455827129,6.201112866401672,5.898541021347046,5.381386823654175,4.708311285972595,6.353995110222734,6.193722814782112,6.067663449295836,5.864717528699883,5.578182538357404,6.341234205177669,6.193248446442086,6.0452626877065,15672120000,0.14332298519417908,0.11085435567959126,0.032468629514587816,88.55226878005723,86.48280964991348,NVDA
2020-02-12,6.782833576202393,6.789304563900281,6.681043686530385,6.719868188644713,374644000,81.24119619182719,71.32801243630357,68.46246959070717,6.232545781135559,5.926315450668335,5.4052117395401,4.719974002838135,6.449292547107103,6.247278338547592,6.108530313690496,5.897507387539258,5.604952561420626,6.363514428232902,6.217768533108357,6.072022637983813,16046764000,0.1721147681268107,0.12310643816903516,0.04900832995777554,99.35910915800314,95.93797796186357,NVDA
2020-02-13,6.739029884338379,6.8062261770159695,6.697467848977049,6.72484422185108,528016000,76.04348062498077,69.17657484531108,67.08357219680887,6.263916420936584,5.956941947937012,5.429655542373657,4.731210482120514,6.5136786220473875,6.291983024528573,6.14455886058466,5.927561762424941,5.630154279707687,6.39021113277904,6.244654865926639,6.099098599074239,15518748000,0.18921669935693597,0.13632849040661532,0.05288820895032065,93.45453264154708,93.78863685986916,NVDA
2020-02-14,7.212142467498779,7.341059519682939,7.11781899548029,7.149177081897548,1041924000,86.9034436463271,77.1820037029217,73.18253576023803,6.314761543273926,5.997822122573853,5.458295774459839,4.74487829208374,6.668892809925475,6.37563388298041,6.20556363812261,5.973439644749006,5.665309572769711,6.448044931705345,6.296788258366547,6.145531585027752,16560672000,0.23820050738926657,0.15670289380314556,0.08149761358612101,91.39821852901302,94.73728677618776,NVDA
2020-02-18,7.380878448486328,7.399295506798921,7.089446230395402,7.108858240876231,620164000,89.0314720508244,79.25173244461907,74.91552816342647,6.3736079454422,6.041201000213623,5.489197869300842,4.759052276611328,6.827111840716776,6.467019752571857,6.272724484429108,6.023705316311053,5.703433325563414,6.512847147116227,6.349668182242978,6.18648921736973,17180836000,0.28732401920403916,0.1828271188833243,0.10449690032071485,98.81711500317626,94.55662205791214,NVDA
2020-02-19,7.832087993621826,7.849758362409394,7.503324670683781,7.503324670683781,694332000,92.79050978303546,83.54893013064641,78.75380162889356,6.456682324409485,6.093942527770996,5.523194499015808,4.775504643917084,7.050439874695676,6.591116865394581,6.3618309706686915,6.088290411929296,5.750736762631378,6.599289596161596,6.422730654959268,6.246171713756938,17875168000,0.3585306771414771,0.2179678305349549,0.14056284660652224,99.11974899761847,96.44502750993593,NVDA
2020-02-20,7.682764053344727,7.872406404086642,7.375403572712378,7.784055978174739,810052000,81.67453802970346,77.80576729806299,74.79416798192982,6.529590177536011,6.141990289688111,5.55591923236847,4.7916024923324585,7.19095635883991,6.6903575188445945,6.437312861107322,6.145235899122704,5.793670702425008,6.689880016800322,6.4928778095316595,6.295875602262997,17065116000,0.3983216682995119,0.25403859808786633,0.14428307021164555,90.65834322803688,96.19840240961055,NVDA
2020-02-21,7.31865930557251,7.5956571049615285,7.233793118792383,7.5705207982384355,768180000,60.476030059028325,65.90882419121223,66.29690969377933,6.580870819091797,6.18275595664978,5.586390619277954,4.806716120243072,7.219334791447154,6.747475863092586,6.487675515076761,6.187143877924482,5.8275593380505075,6.755883144082399,6.547089005659241,6.338294867236082,16296936000,0.39591227501643367,0.28241333347357983,0.11349894154285384,72.48664956923064,87.42158059829535,NVDA
2020-02-24,6.8012495040893555,7.015033220439057,6.669843655720504,6.724347196251177,856916000,41.92164753824185,53.41069949565577,56.72310535571627,6.609242486953735,6.212272510528565,5.611113409996033,4.819142191410065,7.126426949812088,6.752364375910474,6.505594028734624,6.209076221716085,5.849196897295815,6.7935699520617705,6.574323050285673,6.355076148509575,15440020000,0.34823789696959473,0.29557824617278283,0.0526596507968119,40.470298393778286,67.87176373034862,NVDA
2020-02-25,6.521762371063232,6.938378621692745,6.4199725063465785,6.876408676352782,1055496000,34.967602467347206,48.10433195304235,52.4461274125119,6.636432027816772,6.234526872634888,5.633058757781982,4.83063364982605,6.992057043423454,6.731400557287998,6.506517934010544,6.220243584192769,5.864142796712868,6.820989524620963,6.590329950119996,6.35967037561903,14384524000,0.28462238336420764,0.2933870736110678,-0.008764690246860163,21.24506248804122,44.7340034836834,NVDA
2020-02-26,6.661133289337158,6.8552557873010365,6.520519381374337,6.522012284469121,747732000,40.84004262800204,50.73291070576252,54.244723697916115,6.660921335220337,6.256218795776367,5.656636543273926,4.842991955280304,6.9185184314042765,6.725012623837921,6.515353097172064,6.235989645090783,5.881853696548964,6.860773953333065,6.626049440381753,6.391324927430442,15132256000,0.24265551708708966,0.2832407623062722,-0.04058524521918255,27.832124024244816,29.849161635354793,NVDA
2020-02-27,6.290337085723877,6.64893125360864,6.197949244815988,6.3476124078584535,906416000,31.70091085661791,44.30344111164293,49.081360579909884,6.669894671440124,6.2705346298217775,5.674449696540832,4.8547829973697665,6.7789225768086325,6.685496665827554,6.502495039375025,6.2379306251133935,5.8909311051972955,6.884350797295083,6.638295569699376,6.392240342103672,14225840000,0.17743100427874925,0.2620788107007676,-0.08464780642201836,5.517480121625218,18.19822221130377,NVDA
2020-02-28,6.725381851196289,6.78489858460974,6.021143174384864,6.037827618697656,1133252000,48.06405354367467,51.9910446029777,54.40486365554477,6.700284242630005,6.292973937988282,5.696449165344238,4.868303810358047,6.767024637783667,6.689122591770166,6.515231428621954,6.255339597473497,5.909474455108383,6.933270216347683,6.656652780455158,6.380035344562633,15359092000,0.15901159799333353,0.24146536815928082,-0.0824537701659473,38.04098010010556,23.796861415325214,NVDA
2020-03-02,6.883760452270508,6.9126474759438485,6.499517154839416,6.895464783839426,890744000,52.98482980954126,54.455633650082845,56.14972433926065,6.750265002250671,6.3170179271697995,5.7194455003738405,4.882921760082245,6.792965929891854,6.706816942724743,6.536290229973299,6.277783199430533,5.93112525504532,6.977869106724119,6.6898153643642395,6.401761622004358,16249836000,0.1554025316389609,0.22425280085521687,-0.06885026921625598,46.59614386791464,30.051534696548487,NVDA
2020-03-03,6.62129020690918,6.9993080317615535,6.535874989755317,6.9395424109328125,652792000,44.584207800521554,49.88515348632393,52.65833643528716,6.782269072532654,6.335205221176148,5.741582856178284,4.89615166425705,6.754815769229037,6.6990417849233275,6.541147371512492,6.290051306840485,5.9464622539756276,7.025683786642929,6.727057438547147,6.428431090451367,15597044000,0.12986614917706607,0.20537547051958674,-0.07550932134252067,32.418244088443,39.018456018821084,NVDA
2020-03-04,7.084970951080322,7.094433875085668,6.653910847652948,6.728618217428023,597408000,58.52449718917733,56.785517424322805,57.53502967784201,6.828995585441589,6.359704523086548,5.767491569519043,4.912154113054275,6.828183587418211,6.7341262545739635,6.572223004630654,6.3184412941347645,5.97176244724462,7.087441056981952,6.774545190661625,6.461649324341299,16194452000,0.1453678331174153,0.19337394303915248,-0.04800610992173718,57.4649655233973,45.493117826585,NVDA
2020-03-05,6.805566787719727,7.052349007113652,6.7609913459099165,6.885503158817926,540328000,49.517289693659535,52.12779658107862,54.02890726525402,6.8572347402572635,6.376669540405273,5.790029263496399,4.9273526477813725,6.823157631929659,6.740620848496305,6.585556935092887,6.33583863319137,5.990291432588511,7.132047462290669,6.809875684071305,6.487703905851941,15654124000,0.13356776239670154,0.1814127069106623,-0.04784494451396076,42.37234342202249,44.08518434462095,NVDA
2020-03-06,6.625026226043701,6.683546944783652,6.424810967870418,6.626022248600659,515412000,44.2380474709247,49.3131417707313,51.89267786732775,6.872103977203369,6.39029751777649,5.8100254392623905,4.9412377738952635,6.779128430621668,6.7301122464551595,6.587812323147219,6.346166761507525,6.004396650220848,7.155178144862395,6.8265993508407306,6.498020556819062,15138712000,0.10839845691319194,0.16680985691116823,-0.05841139999797629,32.62005326795786,44.1524540711259,NVDA
2020-03-09,6.112035751342773,6.459672694457818,5.931244648976201,5.974076456092532,614160000,32.44396012219167,42.3207144826006,46.43838472392506,6.864633774757385,6.393765239715576,5.824757404327393,4.952912817001343,6.630885613004136,6.673923474172215,6.560625090472679,6.337804939715927,6.0067886302457785,7.168480079183426,6.8211021141300625,6.4737241490767,14524552000,0.04652128845950543,0.14275214322083565,-0.09623085476133023,9.313551634252462,28.10198277474429,NVDA
2020-03-10,6.501508712768555,6.501508712768555,6.125732346102121,6.38845186990878,580648000,45.64619853104534,48.31308418847653,50.56277404149106,6.862476253509522,6.404738693237305,5.840936975479126,4.967140740156173,6.602135190729562,6.6582494049536995,6.557247011746729,6.343651503039235,6.0177824098573955,7.187969942446982,6.826205830475898,6.464441718504813,15105200000,0.028580936440475213,0.11991790186476357,-0.09133696542428836,29.377462351658004,23.770355751289458,NVDA
2020-03-11,6.137684345245361,6.389945366883533,6.040565295838088,6.361556597447995,499964000,37.44351873516253,43.74145395559894,47.026330683830466,6.836005163192749,6.409590463638306,5.854015483856201,4.979818797111511,6.498923891733073,6.610925308616578,6.533272002232365,6.336295533118025,6.020446897310461,7.1792123805084245,6.813491879009182,6.447771377509939,14605236000,-0.014823630059937365,0.09296959547982339,-0.10779322553976076,12.40315737405056,17.03139045332036,NVDA
2020-03-12,5.386630058288574,5.879945599168345,5.373929705464922,5.614486423807878,816540000,25.909677969970275,36.139102747473736,40.85886411249367,6.766194987297058,6.4016858673095705,5.859563550949097,4.988967410326004,6.251747484300962,6.499625740404941,6.467749605435577,6.302378909016973,6.00636207866553,7.140259965123668,6.759533325797466,6.378806686471264,13788696000,-0.10857428904046174,0.05266081857576636,-0.1612351076162281,0.7381762304273489,14.172931985378655,NVDA
2020-03-13,5.99748420715332,6.001966544495136,5.468807313151768,5.739993709567148,634836000,43.03542737158422,44.57634904367953,46.792365103985766,6.729117703437805,6.404515075683594,5.872165198326111,5.001541299819946,6.1952445338237085,6.453976510109339,6.440877296962305,6.291489812521842,6.0061647926319255,7.116288080998074,6.715328186720755,6.314368292443435,14423532000,-0.13205924030903393,0.01571680679880631,-0.14777604710784023,36.24254522009378,16.461292941523915,NVDA
2020-03-16,4.8908233642578125,5.630423762094132,4.8310577571051,5.289510107058595,726972000,28.642320192196294,35.440862331033856,39.32059342762212,6.6130517482757565,6.382916450500488,5.872327456474304,5.008714799880981,5.905373162809065,6.3118716786682905,6.352302786522047,6.241466010798127,5.981379427556945,7.071548462013565,6.637702487881479,6.203856513749392,13696560000,-0.23723481933665713,-0.034873518428286385,-0.20236130090837073,2.6405512843369907,13.207090911619394,NVDA
2020-03-17,5.41053581237793,5.4999355774252425,4.756351060498618,5.003133264971401,833632000,39.95871825693714,41.50386331079343,43.73187490437571,6.514534616470337,6.37362343788147,5.877786312103272,5.018940275907516,5.795409307157701,6.229932054460076,6.2984875308566695,6.21178993228312,5.9686940138863,7.001022008772482,6.542397749272587,6.083773489772692,14530192000,-0.27547526494317154,-0.08299386773126342,-0.1924813972119081,27.979537242989107,22.287544582473313,NVDA
2020-03-18,5.050695896148682,5.228000649705168,4.499358017592098,4.982961645343882,874268000,35.30659895424776,38.78770603073682,41.54562350916023,6.375465011596679,6.356640844345093,5.879776082038879,5.027575250864029,5.629917438044585,6.122728767340859,6.227185151730498,6.170322288135461,5.948294055714353,6.908400015834291,6.429833215586322,5.951266415338353,13655924000,-0.3310015872692045,-0.13259541163885163,-0.19840617563035284,21.24553997003725,17.288542832454468,NVDA
2020-03-19,5.303455829620361,5.397088566428177,4.815867575219832,5.029280412841666,765512000,41.08788006265682,41.675086866492364,43.61559817642161,6.256499600410462,6.343284921646118,5.883853278160095,5.03632868885994,5.557370413950314,6.048249409366268,6.17440061903849,6.139362771759922,5.9339643173567085,6.797854029215268,6.308106881372884,5.818359733530499,14421436000,-0.3505698327204154,-0.17619029585516438,-0.17437953686525104,30.98552243497396,26.736866549333456,NVDA
2020-03-20,5.123660564422607,5.735511233684111,5.108221033415552,5.453616536843475,804636000,38.175798730866234,40.221702238075174,42.49647954600787,6.146749663352966,6.326109104156494,5.884222564697265,5.044396812915802,5.460990447388601,5.964195878007754,6.114358330203297,6.103087692926447,5.915957567291506,6.693531503946399,6.197580195680478,5.7016288874145555,13616800000,-0.37624862358576827,-0.21620196140128517,-0.1600466621844831,24.057198367738117,25.42942025758313,NVDA
2020-03-23,5.296483516693115,5.390863877993336,4.943617068293397,5.122665029285088,643876000,42.84804048574089,42.304531199627704,43.94192204603958,6.071511363983154,6.311075687408447,5.885760526657105,5.05301849603653,5.424433351678493,5.903494754251877,6.067622626574144,6.074280400918114,5.902191477278208,6.5941506056010954,6.094133448595612,5.594116291590128,14260676000,-0.37829315444062406,-0.24862020000915297,-0.1296729544314711,30.716847709835857,28.586522837515997,NVDA
2020-03-24,6.205170631408691,6.2918312232495754,5.678983959481302,5.702641033345908,1101644000,61.300847572735215,51.81166522014526,50.7473314579116,6.055681777000427,6.313568954467773,5.897347798347473,5.0659699523448944,5.59793052495187,5.930919833993405,6.075482512564689,6.078955052007063,5.908924347369997,6.570227312442998,6.057464550720861,5.544701788998724,15362320000,-0.3030961007519819,-0.25951538015771874,-0.043580720594263156,66.81624106069691,40.53009571275698,NVDA
2020-03-25,6.116518497467041,6.51993651399452,6.067709603569407,6.320219550387866,793432000,59.068096224967356,50.9299253943095,50.12665572662439,6.028451037406922,6.310476379394531,5.908028659820556,5.078114173412323,5.7131722966219085,5.947792439763735,6.077827425987681,6.080296603630634,5.913537550705486,6.548410066429748,6.038798695418137,5.529187324406526,14568888000,-0.2477989086807062,-0.25717208586231627,0.00937317718161007,74.03940473017137,57.1908311669014,NVDA
2020-03-26,6.405884265899658,6.529897835657393,6.2255909210386315,6.323706009766051,696108000,64.17851687612117,53.69966946133733,52.12479305693985,6.034228396415711,6.315510559082031,5.9220955991745,5.091417028903961,5.867108289794742,5.9894371512306375,6.096573531125507,6.091924734425956,5.924478588820913,6.533063655170372,6.024901307554377,5.516738959938383,15264996000,-0.1785676694486913,-0.2414512025795913,0.0628835331309,93.89258124098765,78.24940901061866,NVDA
2020-03-27,6.293573379516602,6.552308779778752,6.192718654401704,6.225589760738807,638828000,60.65161772564831,52.46193742391684,51.29096298793904,6.012637972831726,6.319149684906006,5.934648976325989,5.104723542928696,5.961878309732933,6.017085899256633,6.107830665319284,6.099126471750622,5.932680695280816,6.52714631515929,6.023335961991656,5.519525608824024,14626168000,-0.13125098384221534,-0.21941115883211612,0.08816017498990078,87.3969018143151,85.10962926182474,NVDA
2020-03-30,6.613819122314453,6.623033160753268,6.314990552407411,6.359067749844578,602252000,66.87953151815665,55.604204235141765,53.50802514124472,5.999140906333923,6.327521266937256,5.948437657356262,5.1193753850460055,6.106754045862159,6.071334374080071,6.136744291433294,6.117508352127902,5.9478171047704524,6.505769820233054,6.023660076678707,5.541550333124362,15228420000,-0.06713709986646155,-0.1889563470389852,0.12181924717252365,99.5661276881972,93.6185369145,NVDA
2020-03-31,6.5642619132995605,6.858109822313093,6.418582867740398,6.653910081745785,949960000,64.96997237891486,54.99836207257881,53.11688753515462,5.996289491653442,6.33472749710083,5.961952104568481,5.1342291271686555,6.208422460848248,6.116145968554569,6.161173869825652,6.133463836455461,5.961515878293321,6.499805049133119,6.016438323032664,5.53307159693221,14278460000,-0.020093610862526923,-0.15518379980369354,0.13509018894116662,87.54222854539414,91.50175268263551,NVDA
2020-04-01,6.0530171394348145,6.512714924766712,6.0084421721262595,6.366289194622449,656912000,48.0027920003313,49.059762643455834,49.235258146276614,5.944691801071167,6.332375831604004,5.970846509933471,5.146478197574615,6.173887944978596,6.110406984089137,6.1549934852318895,6.130590740133295,5.96354923965202,6.476633940241124,5.991322466015232,5.5060109917893385,13621548000,-0.023790248323154906,-0.1289050895075858,0.1051148411844309,65.86785090034053,84.3254023779773,NVDA
2020-04-02,6.361806392669678,6.37500451862211,6.034091325317394,6.082152604719587,675764000,56.2785229318482,52.4027455613624,51.474445368682645,5.922503781318665,6.335119819641113,5.982652239799499,5.159296069145203,6.215647600021058,6.133261475778276,6.166811365656906,6.138848442009595,5.972399398607968,6.439153893580905,5.95858574478968,5.4780175959984545,14297312000,-0.0017825993710305355,-0.10348059148027476,0.10169799210924423,78.9590651865078,77.45638154408084,NVDA
2020-04-03,6.073935508728027,6.365790946733612,5.936474454401283,6.324204046373109,663212000,47.772590320529225,49.16355345031852,49.35276277216226,5.894949245452881,6.330737600326538,5.991718516349793,5.170644773244858,6.184156024178163,6.127868206046436,6.161504173832398,6.136530122963824,5.974655756610636,6.410124850128612,5.922987233188405,5.435849616248198,13634100000,-0.007483883960910376,-0.08428124997640189,0.07679736601549152,66.75469152729183,70.52720253804672,NVDA
2020-04-06,6.6837944984436035,6.72065017554929,6.29855470911675,6.35607939382513,727884000,62.26972448964004,55.44672185918983,53.58959208005736,5.923537182807922,6.339737167358399,6.006783919334412,5.1849210321903225,6.29518679623715,6.178406959900724,6.191349335238752,6.156075279230959,5.990414395318035,6.417421575731306,5.9225049354806565,5.427588295230007,14361984000,0.03678430403243205,-0.060068139174635105,0.09685244320706715,92.60984883951754,79.44120185110575,NVDA
2020-04-07,6.450459003448486,6.929082636686835,6.407377832223849,6.9054250880511185,784520000,55.230924723204666,52.75987252412288,51.85447809898638,5.920984697341919,6.349186916351318,6.01916033744812,5.198321298360825,6.3296917311730025,6.203138963859612,6.2061556019935935,6.166588983667299,6.000637608832045,6.437481840088869,5.942885354172439,5.448288868256011,13577464000,0.05243450523521265,-0.03756761029266556,0.09000211552787821,77.35092646433789,78.90515561038244,NVDA
2020-04-08,6.647684574127197,6.67258702780402,6.4895545395003955,6.559530201594614,542444000,59.83586254196167,54.75559177957613,53.19366071243142,5.946484708786011,6.358713665008545,6.0337676382064815,5.212595887184143,6.400356807385046,6.243552201156665,6.231385828972656,6.183770969040867,6.0150164302830476,6.439114296195282,5.95369609020089,5.4682778842065,14119908000,0.07983160862218597,-0.014087766509695256,0.09391937513188123,85.82709934439536,85.26262488275029,NVDA
2020-04-09,6.5480756759643555,6.796352144168481,6.48507263965406,6.773442208223735,525564000,56.32462572536378,53.52569047224272,52.42372956738643,6.0045569896697994,6.36745777130127,6.047075462341309,5.2265190148353575,6.433183222624892,6.271236153411909,6.249482391657897,6.196781851430992,6.0268621912981875,6.457320704960787,5.973716811658349,5.490112918355912,13594344000,0.09244080477138716,0.007217947746521229,0.08522285702486593,80.81019551344949,81.32940710739426,NVDA
2020-04-13,6.719902992248535,6.728618781540111,6.399907656900976,6.4883109339869005,398408000,61.0552922223877,55.38726072585698,53.63402292921406,6.040677928924561,6.379504022598266,6.063494219779968,5.240334831476211,6.496898726985702,6.312024047851602,6.276363568834505,6.215464749317333,6.042263097985973,6.4997970503667375,6.024636241305457,5.549475432244177,13992752000,0.1149733705203948,0.028769032301295943,0.08620433821909886,83.26694938147608,83.30141474644033,NVDA
2020-04-14,7.071025371551514,7.105141388817027,6.820507495955721,6.8481491312848295,530948000,69.22834199428817,59.00125939199362,56.023967147104614,6.149688029289246,6.4032416248321535,6.081412281990051,5.255413092374802,6.624482425778104,6.381024168187958,6.3217728147040475,6.246020485825698,6.065124481842985,6.543969116653688,6.080642847520124,5.6173165783865615,14523700000,0.15932661473514909,0.05488054878806657,0.10444606594708251,97.08077500433694,87.05263996642084,NVDA
2020-04-15,6.993579864501953,7.0765047828116625,6.857613073884868,6.902935179098929,366148000,65.58532392847792,57.887386989348805,55.36589494695928,6.228840231895447,6.423489046096802,6.099622788429261,5.2699799001216885,6.706504078827848,6.4367110496710485,6.360161788978214,6.272719035064136,6.0857568236798505,6.604825782519636,6.169141146531892,5.733456510544151,14157552000,0.18608263041244033,0.08112096511294133,0.104961665299499,90.453950477272,90.26722495436168,NVDA
2020-04-16,7.338726997375488,7.445807245831523,7.135773058997118,7.148971187418579,745620000,73.14348766867035,61.38611651386676,57.681897682600926,6.343241786956787,6.447254772186279,6.1204914426803585,5.286031452417373,6.846998060727324,6.518712499462361,6.41607980088663,6.310790748003827,6.113600605317531,6.68344219302163,6.268402810847804,5.853363428673977,14903172000,0.23245782559780803,0.11138833720991467,0.12106948838789336,92.90545802330537,93.4800611683048,NVDA
2020-04-17,7.279458999633789,7.442320290044021,7.145484257149034,7.420904147198899,539120000,69.9766696220284,60.45726278286053,57.149536853538216,6.442041945457459,6.46802827835083,6.141016101837158,5.302276104688644,6.943100491595428,6.587871272205218,6.465415755100754,6.345386042704897,6.1395085696356695,6.775407100731577,6.380929937568135,5.986452774404692,14364052000,0.26141464450611895,0.14139359866915555,0.12002104583696341,88.97868997862935,90.7793661597356,NVDA
2020-04-20,7.148223876953125,7.308844245707221,7.103897792505728,7.152955577104909,449388000,62.75694977733748,58.35180763533951,55.95408165134976,6.543270111083984,6.484439926147461,6.160051841735839,5.317799979448319,6.988683466119361,6.638812418091391,6.504433362063746,6.374058822499476,6.1619244653538345,6.853434566285182,6.476875238264925,6.100315910244666,13914664000,0.2706536279440188,0.1672456045241282,0.10340802341989061,80.2837803188249,87.38930944025321,NVDA
2020-04-21,6.7114362716674805,7.091446120002381,6.65167065420219,7.030186706457266,735160000,44.44330177867405,51.876331885236745,52.15774451484263,6.614017748832703,6.493439855575562,6.172153210639953,5.331452965736389,6.9270729784633875,6.645414586598308,6.516262099755388,6.386108017112619,6.17413583882747,6.915730058522401,6.548100003572063,6.180469948621727,13179504000,0.23996432021082192,0.18178934766146695,0.05817497254935497,51.34466180462727,73.53571070069385,NVDA
2020-04-22,7.125811576843262,7.16864386436496,6.858111442244834,6.9036824351032005,483356000,58.297464921737784,56.77685025616386,55.174153433435954,6.660049796104431,6.50506290435791,6.189445323944092,5.347552976608276,6.971237111436692,6.689087040256941,6.551093498446124,6.412526001388713,6.195284188561154,6.996864332454682,6.6357444864367165,6.274624640418753,13662860000,0.24624093456252982,0.19467966504167952,0.0515612695208503,78.79886590915217,70.14243601086812,NVDA
2020-04-23,7.0725202560424805,7.299878868796105,7.047368909886649,7.167896641934298,424160000,56.13704926606342,55.98722766780251,54.71036919042829,6.7078498840332035,6.513171186447144,6.205856103897094,5.363374111652374,6.993744476904645,6.723944605328353,6.580889313165916,6.436097224769205,6.214778323394072,7.031194019851654,6.68723309311268,6.343272166373707,13238700000,0.24410118591879115,0.20456396921710185,0.039537216701689304,75.26807925273278,68.4705356555041,NVDA
2020-04-24,7.211474895477295,7.213466940038057,6.987602620072734,7.062309990799621,352328000,60.69465800269679,57.641437990368736,55.724891651403055,6.748129415512085,6.521744012832642,6.2240297317504885,5.3795484042167665,7.0421290143652335,6.768265540796438,6.616922775012281,6.463789284437351,6.236927136107033,7.063405005076698,6.730223249312,6.397041493547303,13591028000,0.25072766535888213,0.21379670844545792,0.03693095691342421,79.57447529161685,77.88047348450061,NVDA
2020-04-27,7.397994518280029,7.557867748351384,7.321295094747298,7.345948667480106,479388000,66.3299417176487,59.82423007288112,57.07428045385623,6.803350472450257,6.534923305511475,6.245932626724243,5.395882632732391,7.12121023745741,6.825513629658583,6.661555446056152,6.49715375707459,6.2627286334886545,7.109636458342395,6.779680143578397,6.449723828814399,14070416000,0.2679411144274457,0.2246255896418555,0.043315524785590226,86.19354576623577,80.34536677019516,NVDA
2020-04-28,7.255552291870117,7.57529872664852,7.250073931686254,7.545415682520919,442904000,58.62698844806281,57.39190987070123,55.718478980290776,6.83543713092804,6.535791501998902,6.266806812286377,5.411339430809021,7.151064027326901,6.864608053495995,6.6954981229598065,6.524239419031574,6.284791381452687,7.156290873346577,6.827971002888045,6.499651132429513,13627512000,0.26701106228119986,0.23310268416972438,0.033908378111475485,72.796591448744,79.5215375021989,NVDA
2020-04-29,7.432358741760254,7.485151719845998,7.315068455671368,7.390273596385241,379160000,64.7281974100284,59.588229490499174,57.04269012685455,6.878841972351074,6.53682110786438,6.289011054039001,5.427722501754761,7.2135739638676455,6.9162217524291085,6.737604444034117,6.5566722519861695,6.3102928783484105,7.192272747144813,6.870522369265863,6.5487719913869125,14006672000,0.2773437460634831,0.24195089654847612,0.035392849515006986,87.83894241097413,82.27635987531798,NVDA
2020-04-30,7.2784624099731445,7.432359012301626,7.2645171482702215,7.378320648227945,375916000,56.08875049251592,56.84169328783131,55.531532770394676,6.94011423587799,6.525748596191407,6.309845561981201,5.4433596897125245,7.227993618557756,6.949152721296747,6.768510613516347,6.582450471914275,6.33180775682896,7.21321447247129,6.904401479856212,6.595588487241131,13630756000,0.27000191063851187,0.2475610993664833,0.02244081127202857,74.74574000812075,78.46042462261298,NVDA
2020-05-01,7.04188871383667,7.1942910220992635,6.993578078869815,7.080985313018937,342096000,45.00733663808132,52.81192810799536,53.263833534740705,6.97411835193634,6.5129310894012455,6.327460689544678,5.457487306594849,7.186636973064181,6.957583266073104,6.784132219248937,6.598858980554361,6.3475873336513535,7.2409113637450195,6.946553600149512,6.652195836554003,13288660000,0.2423008397660249,0.24650904744639163,-0.004208207680366727,42.24839751794729,68.27769331234741,NVDA
2020-05-04,7.253808975219727,7.26750535035429,6.994575294874223,6.994575294874223,317556000,54.64061004339179,55.83261121180631,54.985348742452565,7.033112025260925,6.511634082794189,6.347195019721985,5.472616140842438,7.2015640846543025,6.984512875995524,6.8109708910186955,6.62225005179241,6.367725592352873,7.281245299782561,6.990124828464419,6.699004357146275,13606216000,0.23474177842621824,0.24415559364235695,-0.00941381521613871,65.19272626942868,60.72895459849892,NVDA
2020-05-05,7.314820766448975,7.477433178045729,7.25380976375586,7.357901941109124,368896000,57.229063908089536,56.69215010873164,55.47894254470416,7.064663338661194,6.521905508041382,6.367089009284973,5.488266174793243,7.22673223616423,7.0145408660367465,6.839762312471854,6.646984720173001,6.38877215177723,7.3297021817549455,7.048376618915015,6.767051056075084,13975112000,0.2310113544155845,0.24152674579700248,-0.010515391381417966,71.79839288452534,59.74650555730045,NVDA
2020-05-06,7.41567325592041,7.520512543593751,7.356405900394194,7.394257592144436,323464000,61.57821822998189,58.14224774457866,56.306897470965204,7.11292405128479,6.539783725738525,6.387155299186706,5.504062721729278,7.268719129443381,7.0510074469352615,6.872671509240343,6.67443788216398,6.411592176313746,7.358521639645418,7.089481258864201,6.820440878082983,14298576000,0.2335012623489554,0.23992164910739308,-0.006420386758437674,82.71755964440052,73.2362262661182,NVDA
2020-05-07,7.591982364654541,7.655234286800449,7.503579100729449,7.554877806490733,373732000,68.33326965685042,60.624411823295034,57.743152619877776,7.160138940811157,6.558400707244873,6.4073097515106205,5.520201675891876,7.34055540393475,7.100186984909741,6.913774986692583,6.707207327967215,6.437823069387986,7.387945884481122,7.136526914099523,6.885107943717923,14672308000,0.2468556061576077,0.24130844051743602,0.005547165640171686,93.69726840517855,82.73774031136816,NVDA
2020-05-08,7.78198766708374,7.788213162222441,7.629834229017725,7.663701359549101,339216000,74.1994162077997,63.1598423631026,59.252254049700305,7.2218345403671265,6.58823371887207,6.429384174346924,5.536917996406555,7.438651462412304,7.162168865107377,6.963387139857792,6.745592340078519,6.467693393781224,7.440584745617558,7.190339754050193,6.940094762482827,15011524000,0.26966235997745525,0.2469792244094399,0.02268313556801535,99.45224264866744,91.95569023274885,NVDA
2020-05-11,8.034001350402832,8.080817728764211,7.7483709050665075,7.777008568160704,469060000,80.07433801250048,66.26280612875433,61.17489223578075,7.287539458274841,6.614406108856201,6.453690023422241,5.555550272464752,7.570951437521311,7.2414263637706,7.02456509474608,6.791606947590102,6.502500237261704,7.505619531046075,7.2543665718985535,7.003113612751031,15480584000,0.30456147961700797,0.25849567545095353,0.046065804166054436,96.17108549473076,96.44019884952559,NVDA
2020-05-12,7.772026538848877,8.140581362852945,7.762314728379577,8.091772948717608,493060000,62.36094031072221,60.55312465420291,58.19095274767957,7.3225895166397095,6.632171430587769,6.474594678878784,5.572662742137909,7.615634793371881,7.289662743323171,7.06727717726624,6.826621932992201,6.53071193285253,7.568717304520591,7.315104559190486,7.061491813860381,14987524000,0.30753503306116237,0.2683035469729953,0.03923148608816707,68.03455169387067,87.88595994575631,NVDA
2020-05-13,7.749614715576172,8.046948482659857,7.565087945015073,7.886577506904461,625852000,60.976201758071156,60.076203187651416,57.938194947307586,7.36039125919342,6.654737920761108,6.4949715709686275,5.5896942019462585,7.645408109417279,7.331476558982534,7.106267893741093,6.8595859609416285,6.5577986613574994,7.615648365175785,7.352643874855992,7.089639384536198,14361672000,0.30457222968014275,0.2755572835144248,0.029014946165717925,66.09073239858489,76.76545652906212,NVDA
2020-05-14,7.999135971069336,8.004614330322685,7.65747520363775,7.811122899270559,602312000,69.90449375738444,63.52103382660591,59.96239176635515,7.393411707878113,6.673021221160889,6.516362872123718,5.607895011901856,7.724014300895514,7.392172869172243,7.157288926731278,6.9002841755890465,6.589828379351095,7.665144714971115,7.396033204758076,7.126921694545036,14963984000,0.31868486587760003,0.28418279998705986,0.03450206589054017,87.66826618905395,73.93118342716986,NVDA
2020-05-15,8.457589149475098,8.467300485063323,7.843247666290746,7.858936085271432,987660000,79.99551175273196,68.84082006968853,63.350272963327356,7.452318215370179,6.706061668395996,6.541365604400635,5.6292241048812866,7.887030933913199,7.48902889465432,7.231591796602353,6.955902210370692,6.631334174242739,7.725301633930472,7.441236855529901,7.15717207712933,15951644000,0.3626818017355822,0.29988260033676434,0.06279920139881784,99.34103359306937,84.36667739356942,NVDA
2020-05-18,8.716075897216797,8.88167683840197,8.646598471953777,8.726285957195563,774460000,83.69456274021223,71.37547008935077,65.09143997698291,7.530710816383362,6.747882661819458,6.569090089797974,5.652317683696747,8.071263147980666,7.60057862216,7.316419459494607,7.018765556329481,6.677661768086606,7.7918383745877,7.5107144374465005,7.229590500305301,16726104000,0.4136392350426199,0.3226339272779355,0.0910053077646844,91.22922249966376,92.74617409392904,NVDA
2020-05-19,8.771110534667969,9.052008785604071,8.728527135745038,8.755919887687877,717320000,84.43013734485231,71.89958584299752,65.45672858977622,7.633694529533386,6.801064157485962,6.597414698600769,5.676149785518646,8.226784789466732,7.706990614206179,7.399544663790227,7.0813493055558565,6.724182851788414,7.876700059203948,7.589931588888579,7.303163118573211,17443424000,0.4532395400793652,0.3487550498382214,0.10448449024114376,86.35376697320292,92.30800768864538,NVDA
2020-05-20,8.934966087341309,9.007680925239711,8.854033235926078,8.955883976329927,587536000,86.59129912812864,73.45782832804913,66.54635556123847,7.724152255058288,6.849733304977417,6.627235999107361,5.702093080282212,8.384158411216639,7.818624748127554,7.487283030850289,7.147549904905337,6.773311368134033,7.9637436127464145,7.690600274644691,7.417456936542968,18030960000,0.4921713953489988,0.37743831894037694,0.11473307640862185,94.31398405203284,90.63232450829986,NVDA
2020-05-21,8.740979194641113,9.017145749409037,8.70337638192657,9.016150202023102,761068000,72.32850933746076,68.60730511133971,64.04588364921023,7.80757520198822,6.901799201965332,6.655694832801819,5.72687264919281,8.4634519186443,7.90247515235606,7.558922811638336,7.2044580938244716,6.81703731983419,8.048166553676742,7.77486907531967,7.501571596962598,17269892000,0.5015900324491351,0.4022686616421286,0.09932137080700654,84.88264177848956,88.51679760124178,NVDA
2020-05-22,8.990998268127441,9.057488103343827,8.679220949290434,8.790783051898014,1038764000,77.94659008554962,71.24291318655696,65.77850093997128,7.8965513706207275,6.9738865661621094,6.68778621673584,5.752711013555527,8.580684440751664,8.001431799244367,7.640755694866285,7.268263100049578,6.865347563129595,8.138407996081,7.859122079859931,7.579836163638863,18308656000,0.5231977222792139,0.4264544737695457,0.0967432485096682,96.31365339611637,91.83675974221292,NVDA
2020-05-26,8.68370246887207,9.14589101839165,8.638131479647026,9.120988085794831,770780000,59.984426068400566,64.11769308951276,61.942893517199394,7.96083676815033,7.0276109313964845,6.7160630035400395,5.776470044851303,8.603577335889533,8.063456405574158,7.700352653380901,7.318814506078953,6.9057554499238725,8.232072538424818,7.939363040357116,7.646653542289414,17537876000,0.5096508317806521,0.44309374537176704,0.06655708640888502,74.17198137770505,85.12275885077035,NVDA
2020-05-27,8.491954803466797,8.599034084910985,7.965518321925909,8.591314793554313,1175892000,51.157221472727485,60.07990087197563,59.672994044501436,8.022656893730163,7.099633560180664,6.741275005340576,5.799777166843414,8.57877232868448,8.10241080538258,7.745587061957237,7.360712373842804,6.941004324447048,8.295091255521136,7.983479704625767,7.671868153730398,16361984000,0.4779330743858514,0.45006161117458393,0.02787146321126749,60.181972261656696,76.88920234515939,NVDA
2020-05-28,8.453851699829102,8.72628294664954,8.34652166366261,8.379392763733142,734896000,49.42291997761919,59.280993366630156,59.22214135554737,8.073731541633606,7.160499877929688,6.767061657905579,5.8232329034805295,8.55101218893884,8.13435997760499,7.786059326978487,7.3997530640566005,6.974623155011093,8.352382379711777,8.038173853196184,7.723965326680594,15627088000,0.4445968849756845,0.44896866593480406,-0.004371780959119553,56.22229421123527,63.525415950199026,NVDA
2020-05-29,8.840835571289062,8.840835571289062,8.451860639795001,8.521089170178403,745256000,64.21025743134035,64.45121595079414,62.25048967563117,8.151850199699402,7.236302671432495,6.796471757888794,5.848052135705948,8.615417385016666,8.19858503157627,7.846332255224805,7.45122029645776,7.016094542039492,8.42472567918882,8.100093739943734,7.775461800698645,16372344000,0.4442826649562548,0.44803146573909425,-0.0037488007828394565,80.70250164361128,65.70225603883443,NVDA
2020-06-01,8.771857261657715,8.806222645268207,8.655563458390905,8.798752240118027,389876000,60.431078090711885,62.9176966486936,61.40076152699115,8.238348627090454,7.305670700073242,6.82447781085968,5.873269327878952,8.65018180204801,8.250700688856401,7.899219398449542,7.498385902357758,7.055111491364341,8.491499596066749,8.167685879543285,7.843872163019822,15982468000,0.4334708876490012,0.4451193501210757,-0.011648462472074461,76.33900369797465,71.08793318427375,NVDA
2020-06-02,8.79078197479248,8.802735191457245,8.624185501823682,8.761895905306496,391320000,61.183238369924034,63.176567908094015,61.55129768664053,8.315197277069093,7.37901312828064,6.852561116218567,5.898742629289627,8.681426284880114,8.299798987577864,7.950165831383424,7.544542904944713,7.093681946551633,8.56961793086802,8.246859607372931,7.924101283877844,16373788000,0.4215699465027978,0.4404094693974201,-0.018839522894622318,77.53616186735641,78.19255573631413,NVDA
2020-06-03,8.735249519348145,8.831621909819457,8.666020989747482,8.787794083509207,365440000,57.344845845745155,61.81293106398918,60.823590148073826,8.386218714714051,7.44778844833374,6.879432067871094,5.922597906589508,8.693387003650788,8.33938539955698,7.9950277564099785,7.587068141173407,7.13016122594711,8.639380079951236,8.321732667666055,8.004085255380877,16008348000,0.4030116919339708,0.43292991390473023,-0.02991822197075944,72.41083472958111,75.42866676497074,NVDA
2020-06-04,8.736246109008789,8.912385353241994,8.647552560413976,8.69787819453533,424280000,57.40239684046567,61.828854327299375,60.83227820438825,8.452247357368469,7.498409957885742,6.905989456176758,5.94506439447403,8.702911249285899,8.37546364587078,8.037383090844196,7.628110211453241,7.165852001126257,8.708804658523118,8.38919489487898,8.069585131234842,16432628000,0.3839585230916196,0.4231356357421081,-0.03917711265048851,68.55279622605948,72.83326427433236,NVDA
2020-06-05,8.889216423034668,8.965950355172382,8.677948158898555,8.764149807557894,481748000,65.88139610549104,64.29023193570228,62.17824877056118,8.517109060287476,7.553863916397095,6.932170147895813,5.968657217025757,8.744312399007848,8.42216844379477,8.08605928125508,7.673149719009721,7.204148988279777,8.782014339418675,8.456504787532904,8.130995235647134,16914376000,0.3768579910936456,0.41388010681241566,-0.037022115718770066,78.25478375385045,73.07280490316371,NVDA
2020-06-08,8.774614334106445,8.859071087161745,8.655775568185915,8.846614414617736,387736000,55.88152688896071,61.11092841459772,60.54857122484991,8.56674039363861,7.601238517761231,6.958374538421631,5.991259639263153,8.751046162363092,8.45420897927765,8.125405284275157,7.712487740977461,7.239048218187036,8.840642692370803,8.512674077013376,8.184705461655946,16526640000,0.3578581712822295,0.40267571970637844,-0.04481754842414892,68.54580884521667,71.7844629417089,NVDA
2020-06-09,9.014782905578613,9.078313178349852,8.721050788735848,8.769632482507,468488000,68.06971621535085,65.01548062725644,62.69099630407432,8.6157794713974,7.65566270828247,6.987406196594239,6.015031852722168,8.809654327522097,8.50517024530501,8.176226862635355,7.758998282570359,7.2785089890179595,8.907480187348078,8.570040931209254,8.232601675070432,16995128000,0.3580528632137181,0.3937511484078464,-0.03569828519412832,88.89265117656491,78.56441459187737,NVDA
2020-06-10,9.334427833557129,9.467218262246368,9.121913537637544,9.136115117734617,632180000,77.84490609299631,69.41662305377241,65.31206358776794,8.693899536132813,7.710074882507325,7.01879807472229,6.04152526140213,8.926270662196547,8.580557298782475,8.242409775259457,7.81526362367703,7.324196074452163,8.972542780236028,8.634491243101436,8.296439705966847,17627308000,0.37962376581116075,0.39092567188850935,-0.0113019060773486,91.15732609932036,82.86526204036734,NVDA
2020-06-11,8.765896797180176,9.229291406173092,8.755682075997175,9.118425376690231,583652000,47.08124712117188,55.937450738799896,57.76587907120099,8.744713640213012,7.754107580184937,7.044417538642883,6.064802103042602,8.890632025526243,8.597406344091356,8.272323319369212,7.849214808445,7.3562338682905635,9.02590747446423,8.68331580896285,8.34072414346147,17043656000,0.3468449456758247,0.3821095266459724,-0.03526458097014773,53.29816255326401,77.78271327638312,NVDA
2020-06-12,8.901676177978516,9.155547353636894,8.67321730504706,9.130883002675036,570908000,52.46496728869567,58.03334067057343,58.95009519419606,8.789840650558471,7.811080760955811,7.0717282962799075,6.089211249351502,8.893086281626747,8.625067238081098,8.308286339861173,7.886802714499768,7.390577030728074,9.07940268440465,8.73678866123922,8.394174638073792,17614564000,0.328042288531762,0.37129607902313033,-0.04325379049136835,62.33987435950973,68.93178767069806,NVDA
2020-06-15,9.142090797424316,9.150561562286713,8.713574447455072,8.78482847245151,400004000,60.91392656239537,61.523211851844856,60.97561184614555,8.824065732955933,7.866686449050904,7.100903134346009,6.114874696731567,8.948420618470651,8.672069379839572,8.35593230886478,7.9316344317470735,7.429499558876879,9.136776418794753,8.789883920003291,8.442991421211827,18014568000,0.3287508625367117,0.3627870357258466,-0.03403617318913488,78.34937219530887,64.66246970269422,NVDA
2020-06-16,9.037203788757324,9.23477038751409,8.808246985074005,9.193164514152052,535716000,55.72823392326981,59.20984539620147,59.633526489829826,8.84012212753296,7.925951814651489,7.128344707489013,6.13929498910904,8.96815021186769,8.705263417013914,8.394862107715783,7.971119051640296,7.465226319540888,9.164069999929971,8.826583663821008,8.489097327712045,17478852000,0.3171925097120365,0.3536681305230846,-0.036475620811048104,61.62971547942059,67.43965401141308,NVDA
2020-06-17,9.204127311706543,9.26690962968148,9.038948800827344,9.082299582724236,408304000,61.919382754863456,61.67939800637581,61.059547620488665,8.861772966384887,7.976358470916748,7.158047819137574,6.164486494064331,9.020589567387434,8.75061468016779,8.441105833658112,8.015155060928377,7.503868563811237,9.183820506626173,8.84667310087883,8.50952569513149,17887156000,0.31783792731016547,0.3465020898805008,-0.028664162570335328,74.08883877735147,71.355975484027,NVDA
2020-06-18,9.186189651489258,9.250466921441895,9.083046458766479,9.195158418164446,254408000,60.82255469570344,61.25025330484117,60.81817282137791,8.874334144592286,8.031073083877564,7.190130000114441,6.190003623962403,9.057389586076727,8.790212404833378,8.48368205181989,8.05697772487698,7.5412534768707475,9.191754998913947,8.862039078270588,8.532323157627227,17632748000,0.3132905872650422,0.3398597893574091,-0.026569202092366906,66.66456821722969,67.46104082466728,NVDA
2020-06-19,9.229288101196289,9.41240411476857,9.195405993409821,9.21060356951185,524160000,62.72622783159831,61.93552688716862,61.203414141444654,8.898749589920044,8.082705154418946,7.220709409713745,6.215165498256684,9.095589256103295,8.830128377230006,8.526288111784256,8.09884595260267,7.5787653574113145,9.21128625696161,8.878553649078007,8.545821041194406,18156908000,0.30959564632580516,0.33380696075108834,-0.02421131442528318,71.77687840615073,70.84342846691065,NVDA
2020-06-22,9.493873596191406,9.49835845482481,9.241248418658067,9.267906669276206,398468000,72.55176530272176,65.92010575269862,63.50631596520465,8.923893356323243,8.141621112823486,7.254539442062378,6.2402849817276005,9.184096887233988,8.89046885168104,8.581578710893234,8.148668368445124,7.6213233182730935,9.23671484664019,8.906680302152573,8.576645757664956,18555376000,0.32427912927814084,0.33190139445649885,-0.007622265178358012,99.47286935094522,79.30477199144191,NVDA
2020-06-23,9.417388916015625,9.60922473407461,9.375036034949984,9.518040209035501,375108000,66.47335210667038,63.83970694712653,62.38715975846011,8.96057767868042,8.195570831298829,7.287537426948547,6.265157582759858,9.235939560296574,8.938370675711457,8.629339294043085,8.193979816572643,7.661235887111816,9.256424481552765,8.93325081587128,8.610077150189793,18180268000,0.32598645192730835,0.33071840595066077,-0.004731954023352414,80.0518489238639,83.76719889365332,NVDA
2020-06-24,9.203629493713379,9.523521851780817,9.112942971120358,9.443548049476501,449372000,51.8926053023934,58.30179411860164,59.3321015693102,8.996161413192748,8.238222913742066,7.3207322692871095,6.288731346130371,9.228759545500308,8.962485113711631,8.662155876881387,8.230038733613384,7.69551130059185,9.273580471639294,8.955034456342768,8.636488441046243,17730896000,0.30655711886847214,0.32588614853422304,-0.019329029665750896,57.460213415449154,78.99497723008612,NVDA
2020-06-25,9.457250595092773,9.47219917351608,9.150562864873292,9.323464192064792,376072000,63.341192276716576,62.462485851276014,61.66089776795074,9.046331357955932,8.287496328353882,7.355492687225341,6.313239967823028,9.279535334298634,9.00746379383719,8.707589860779182,8.27386772866622,7.7346610626918695,9.306721218625826,9.00302660591703,8.699331993208233,18106968000,0.30807306123875655,0.3223235310751298,-0.014250469836373236,84.06059343077992,73.85755192336435,NVDA
2020-06-26,9.123405456542969,9.4672151136185,9.093509253870403,9.4672151136185,592084000,46.03593858963529,54.72221443289181,57.156755027542495,9.060459852218628,8.323189897537231,7.385222334861755,6.335936360359192,9.244839805908486,9.01800394499226,8.731350751965683,8.304208361804676,7.765522049221893,9.34067847646986,9.037272217248628,8.733865958027392,17514884000,0.27911844023442,0.3136825129069879,-0.03456407267256789,48.09664298964209,63.20581661195708,NVDA
2020-06-29,9.168252944946289,9.172737804344859,8.86928797872755,9.138107732981206,342248000,48.312360471075,55.51962704254102,57.59181607524224,9.080279636383057,8.360965776443482,7.4144970273971555,6.358864455223084,9.227820503472442,9.031662944988081,8.756316591564575,8.335067096916877,7.796693846904657,9.353697073739944,9.05436343860808,8.755029803476216,17857132000,0.2568299363545421,0.30231199759649874,-0.04548206124195664,52.888003294326204,61.68174657158277,NVDA
2020-06-30,9.464973449707031,9.493374700558492,9.23452168587974,9.2818574207599,367892000,61.280295741753996,60.47893092840084,60.37505868359815,9.113989210128784,8.40730076789856,7.4458703470230105,6.38356586933136,9.28052115819124,9.071054809053441,8.796811269172714,8.375420895230812,7.833766726966931,9.3899479936484,9.085462271478374,8.780976549308345,18225024000,0.2601106082090059,0.29387171971900017,-0.03376111150999428,84.58866031464659,61.85776886620499,NVDA
2020-07-01,9.497113227844238,9.542705967758568,9.380517348684924,9.487895459840797,326648000,62.50309759604129,60.98632935122484,60.667376158765165,9.152082395553588,8.463014307022094,7.4782270812988285,6.4086431121826175,9.32865272922524,9.109787392579877,8.836828523953944,8.415481335681292,7.870729982541982,9.424131337529902,9.120424713957965,8.816718090386027,18551672000,0.26228056865055294,0.28755348950531073,-0.025272920854757797,88.02237004177964,75.16634455025086,NVDA
2020-07-02,9.579080581665039,9.703898234807523,9.545197512773237,9.605737885584766,364056000,65.80778634679099,62.31516056753836,61.42609856362595,9.194224119186401,8.512079687118531,7.5085712957382205,6.434023253917694,9.38430336310075,9.152450409769436,8.87924292725172,8.457038451609282,7.90869332918916,9.464997739374626,9.161619696661628,8.858241653948628,18915728000,0.2675304340460105,0.28354887841345067,-0.016018444367440154,87.39627839535451,86.66910291726028,NVDA
2020-07-06,9.80529499053955,9.874555120077645,9.678982404276315,9.708131608857562,315892000,73.5328620769125,65.77937653260884,63.459792101210276,9.240028047561646,8.566735181808472,7.539953184127808,6.460670003890991,9.47785705808715,9.211799917112174,8.932160188011025,8.505190470856792,7.950840032774724,9.51031310859921,9.210233164792243,8.910153220985276,19231620000,0.28664039044502054,0.28416718081976466,0.002473209625255879,93.50467962641422,89.64110935451616,NVDA
2020-07-07,9.837681770324707,10.035247413067934,9.816754334047982,9.911924749184905,357800000,74.52180874278316,66.25761689763192,63.745881621809325,9.293181419372559,8.61925931930542,7.570501666069031,6.4878567028045655,9.557818105251052,9.268698267404222,8.98390427842895,8.552779445837789,7.9927698491647226,9.55710741381466,9.260337427972164,8.963567442129667,19589420000,0.30092958213143817,0.28751966108209936,0.013409921049338802,83.05553032769144,87.98549611648674,NVDA
2020-07-08,10.180746078491211,10.189715796668938,9.9311107813618,9.959263037333473,365480000,82.72615425958094,70.89726063294472,66.63848950727863,9.35147957801819,8.674914350509644,7.604918828010559,6.517287185192108,9.696246543748865,9.351611704775765,9.052295238432508,8.610921111289697,8.041391543149755,9.623425511529925,9.324021740147842,9.02461796876576,19954900000,0.3360623741938351,0.2972282037044465,0.038834170489388586,99.32069606109089,91.96030200506554,NVDA
2020-07-09,10.472734451293945,10.533523817921163,10.19818487420453,10.344428905085344,494548000,87.00126749157386,74.15462554880423,68.84998307331807,9.408394908905029,8.73925799369812,7.637524747848511,6.547910261154175,9.868799412092216,9.453531954459235,9.133463193453162,8.677414444861277,8.095421385552958,9.692068780308707,9.393708982540785,9.095349184772862,20449448000,0.38305081510226735,0.3143927259840107,0.06865808911825666,96.34731056767339,92.90784565215193,NVDA
2020-07-10,10.443089485168457,10.618481809306093,10.342936171402073,10.55221156800369,497676000,84.45473492296408,73.25810895539087,68.36893404803189,9.492254543304444,8.799472608566283,7.668146858215332,6.578672363758087,9.99641942833138,9.543491729978255,9.208298981551177,8.740474267729391,8.147591787766636,9.74400005923444,9.448962122738175,9.15392418624191,19951772000,0.4131350286005482,0.33414118650731817,0.07899384209323002,89.97296234004979,95.21365632293805,NVDA
2020-07-13,10.017560958862305,10.755007091244167,9.990404705995894,10.558438359648575,457076000,56.14682413870711,61.72282509554542,61.880739382737524,9.548048782348634,8.854254579544067,7.690001587867737,6.606598043441773,10.00111754622714,9.586588932604077,9.254542523111812,8.786084506698424,8.189146658235428,9.821541037678392,9.512646289035825,9.203751540393258,19494696000,0.3980518943015543,0.3469233280661654,0.05112856623538892,60.89310823192052,82.40446037988126,NVDA
2020-07-14,10.34118938446045,10.366850682254316,9.751730337959055,10.04023152466325,542676000,66.41925757515884,66.09536980220258,64.55522589433076,9.608003711700439,8.920240592956542,7.716585841178894,6.636252536773681,10.076689065834543,9.655188973681929,9.31663662947459,8.841623966618497,8.236969829929318,9.887060092521688,9.571841996464576,9.256623900407464,20037372000,0.40751493249904414,0.35904164895274115,0.04847328354630298,78.05517778141143,76.3070827844606,NVDA
2020-07-15,10.191957473754883,10.396996976392158,10.021049087895884,10.378312439988601,403984000,58.797930332330566,62.54721869607923,62.44319035426334,9.665741395950317,8.979003562927247,7.7453188228607175,6.665854721069336,10.102304267594619,9.703986110052197,9.366654963433465,8.88985016330194,8.280413999792108,9.941356267948207,9.629044801716589,9.316733335484972,19633388000,0.3983804090647336,0.36690940097513963,0.031471008089593966,70.14138459158654,69.69655686830619,NVDA
2020-07-16,10.099778175354004,10.171529274896972,9.861353577760145,9.980441376324745,344964000,54.18899480835614,60.3906794404193,61.15122219021659,9.71052393913269,9.034702711105346,7.778304109573364,6.694708759784699,10.10174291376337,9.739967206897816,9.408547718400351,8.933061878018085,8.320844314804594,9.984267327484016,9.6774962281716,9.370725128859187,19288424000,0.3793304491333416,0.36939361060678005,0.00993683852656152,65.25310097664988,71.14988778321599,NVDA
2020-07-17,10.166296005249023,10.2131337464676,10.052939034613193,10.190213351910279,266284000,57.10087151717317,61.42428006424243,61.748295082386164,9.759529256820679,9.089715166091919,7.814749445915222,6.7239041018486025,10.116088045204627,9.77872437038429,9.451847620505989,8.977105953990618,8.361854352370026,10.027427401977908,9.723883260617862,9.420339119257815,19554708000,0.3653886783623843,0.36859262415790095,-0.0032039457955166384,68.78055262379615,68.05834606401089,NVDA
2020-07-20,10.474475860595703,10.494905294919302,10.121697469119031,10.238792265552878,284852000,68.30239381352155,65.86819270710079,64.3985577317926,9.821788644790649,9.147365036010742,7.852882871627807,6.754759707450867,10.1957297819582,9.841974505858055,9.510283519939685,9.030583450655087,8.408801496997262,10.093915301697129,9.780571762093043,9.467228222488954,19839560000,0.3748858130468413,0.369851261935689,0.005034551111152308,81.54988994575541,71.86118118206717,NVDA
2020-07-21,10.292856216430664,10.523557935067851,10.251250340995028,10.476719249769989,277036000,57.6557852021195,61.38048034994363,61.7620820152767,9.861737775802613,9.19758240699768,7.892908062934875,6.783678879737854,10.217313434063191,9.882963752273746,9.555001959739169,9.075664620861359,8.450669379651337,10.147827916002862,9.831850591983818,9.515873267964773,19562524000,0.3635662083443254,0.3685942512174163,-0.005028042873090888,66.37654974761783,72.23566410572316,NVDA
2020-07-22,10.402729034423828,10.565913674457448,10.255986978472244,10.331724936432217,367292000,61.960272674863,63.02185062464572,62.72718233053048,9.911004781723022,9.2449569606781,7.929681534767151,6.813065350055695,10.25851690081,9.930215141560117,9.603443506864005,9.123059778488589,8.494048483090726,10.197821554052618,9.8793291509946,9.560836747936582,19929816000,0.35931915072962184,0.3667392311198574,-0.007420080390235562,70.881528540584,72.93598941131911,NVDA
2020-07-23,10.0947904586792,10.5106001261908,9.996630150968578,10.41393477093241,411660000,46.17399072931542,55.85658063820219,58.40774064005871,9.955562829971313,9.291412239074708,7.961791834831238,6.840618667602539,10.222133247003155,9.945176534025489,9.631520475539158,9.157764445638254,8.52962052699269,10.246070996577874,9.914255675610447,9.58244035464302,19518156000,0.3273319781717543,0.3588577805302368,-0.03152580235848251,38.64298463026873,58.63368763949021,NVDA
2020-07-24,10.159318923950195,10.328981333279204,9.743260165513863,9.840921543413533,473292000,49.41483519825549,56.96085494030193,59.025862427444004,9.990666246414184,9.339606323242187,7.997172122001648,6.869377489089966,10.208174508546941,9.964644024018643,9.661680386876933,9.193534248435109,8.56583604692508,10.29237088494999,9.952215455072807,9.612060025195623,19991448000,0.30368809401644903,0.3478238432274793,-0.04413574921103025,41.122809257464326,50.215774142772375,NVDA
2020-07-27,10.385537147521973,10.405716636707364,10.182489650442864,10.196940228932192,292132000,59.63820325186251,60.674857783260244,61.142367356035095,10.053772830963135,9.38733434677124,8.030177783966064,6.8988346767425535,10.24758842831917,10.002907035246219,9.703043630342364,9.236105780545355,8.606273849160566,10.333616961681026,9.998147690012333,9.662678418343638,20283580000,0.2997487485498809,0.33820882429195964,-0.03846007574207877,63.481980095417455,47.74925799438353,NVDA
2020-07-28,10.180248260498047,10.346173794016433,10.174020398209997,10.338450978671904,271636000,48.88037808404852,55.955890728682675,58.28598331333732,10.104372596740722,9.421787528991699,8.063924598693848,6.9269769310951235,10.232623946581143,10.019028964814567,9.73031246635126,9.269825154829379,8.641251058301398,10.371897203536067,10.046025668245548,9.72015413295503,20011944000,0.27687010514767074,0.3259410804631019,-0.04907097531543114,43.19144282734093,49.26541072674093,NVDA
2020-07-29,10.42938232421875,10.479956960079575,10.311291523626386,10.354890347644337,284508000,59.51540606184748,60.01972773503217,60.6200960462019,10.152593040466309,9.456053657531738,8.101968159675598,6.955996799468994,10.27634803050061,10.056333815669491,9.77025931537226,9.311237910878999,8.680987308655116,10.429135281510886,10.109682050466278,9.79022881942167,20296452000,0.27566396961485395,0.3158856582934523,-0.04022168867859832,67.81559115780135,58.163004693519945,NVDA
2020-07-30,10.577374458312988,10.586343227031168,10.259723992725158,10.339198859238788,308880000,64.74385209844738,62.24805020869465,61.94257830825082,10.206606101989745,9.492178936004638,8.146621546745301,6.985689475536346,10.343242792236694,10.1037011468189,9.816380180683158,9.356457073287356,8.72312924531418,10.483641162476058,10.160960968592056,9.838280774708053,20605332000,0.2833831622207068,0.3093851590789032,-0.026001996858196375,82.44297774337599,64.48333724283945,NVDA
2020-07-31,10.578121185302734,10.729348098405705,10.396998060453555,10.526798578991936,386080000,64.77139963026116,62.25948025708511,61.94931902390871,10.25655813217163,9.525042037963868,8.187387671470642,7.014162323474884,10.395437990695813,10.14683024122652,9.85990823808999,9.400087934430761,8.764351288425036,10.543873147500024,10.213090028907521,9.882306910315018,20991412000,0.28626109291426793,0.3047603458459761,-0.018499252931708177,84.66395256866431,78.30750715661391,NVDA
2020-08-03,10.97225284576416,11.060447448058442,10.678270838116557,10.695461367823762,412720000,76.43398263143033,67.80085128560833,65.33710599809766,10.314906024932862,9.569667510986328,8.23573335647583,7.044874420166016,10.52361906959989,10.22186865982085,9.923470787099943,9.456236681264098,8.813415767477018,10.61614651998282,10.274721692442336,9.933296864901854,21404132000,0.31669434950114095,0.3071471465770091,0.009547202924131859,93.30432327558577,86.80375119587539,NVDA
2020-08-04,11.189003944396973,11.189003944396973,10.86836458429402,11.011867707424818,310336000,80.65940733728277,70.3768479077312,67.02506815777204,10.382472133636474,9.613627624511718,8.293757095336915,7.076660323143005,10.671482375110353,10.30979004932777,9.995786967516915,9.518121226375985,8.866206615853017,10.683809057936777,10.33642867590574,9.989048293874703,21714468000,0.35421970256411583,0.31656165777443046,0.037658044789685374,100.00000000000001,92.65609194808341,NVDA
2020-08-05,11.247800827026367,11.332507541797073,11.127717043617789,11.205198944403296,249924000,81.72598478230306,71.05336178415425,67.47425118694828,10.435824871063232,9.664909591674805,8.346260261535644,7.109212729930878,10.7995531422028,10.395063756391279,10.067330616631741,9.579895497827785,8.919130931656868,10.74693975876977,10.400211880588289,10.053484002406808,21964392000,0.38427356579968475,0.33010403937948135,0.054169526420203395,94.6700107211245,95.99144466557011,NVDA
2020-08-06,11.296381950378418,11.31880434287186,11.140173154557944,11.310582577201503,244316000,82.67337954077718,71.62986896096601,67.85252364881731,10.477007246017456,9.720998134613037,8.41031584739685,7.141321651935577,10.909959544019605,10.477001774026473,10.137562121417266,9.641198585418879,8.971958732072903,10.797953493854003,10.45503389314839,10.112114292442776,22208708000,0.4073162711570628,0.3455464857349977,0.06176978542206513,97.72687424514477,97.4656283220898,NVDA
2020-08-07,11.16085147857666,11.465048251791373,10.999410824519805,11.273461440715383,342516000,70.44670568446796,67.58582133561242,65.6264928422762,10.512895345687866,9.775138130187988,8.467819004058837,7.172802658081054,10.965713307254505,10.53916992898558,10.19603579896923,9.695471903031656,9.020600793106318,10.842584650395796,10.49346035999709,10.144336069598385,21866192000,0.40991634431433255,0.35842045745086465,0.0514958868634679,82.33250795268404,91.5764643063178,NVDA
2020-08-10,11.126470565795898,11.368881025799643,10.819034882228621,11.295136986086273,427796000,67.41183303722843,66.55923480658322,65.06042605303794,10.568340826034547,9.820850830078125,8.52857675075531,7.204176416397095,11.001437142485926,10.592560895968335,10.249203499930754,9.74657899813038,9.067397899166087,10.885962119045773,10.523775899805782,10.161589680565791,21438396000,0.40453939042011733,0.3676442440447152,0.036895146375402144,80.3356935331411,86.79835857699,NVDA
2020-08-11,10.812556266784668,11.098316512695563,10.758492772663406,11.035533253455245,354512000,45.79565192896174,57.910100116861464,60.111142733918314,10.591909170150757,9.861664810180663,8.583667755126953,7.233760516643525,10.959463614552313,10.612560475133456,10.28139508660812,9.784649614868034,9.106179196224277,10.89599476762344,10.554036102917548,10.21207743821166,21083884000,0.3706749452494513,0.3682503842856625,0.0024245609637888466,62.103815782731616,74.92400575618562,NVDA
2020-08-12,11.400771141052246,11.427428441497376,10.920434129138265,10.952822240724048,464412000,68.50457250172143,66.65419933229491,65.28456660827379,10.652349853515625,9.91386459350586,8.64643886089325,7.265330712795258,11.05753195377452,10.684215990216982,10.345359432576355,9.842368240803184,9.157170128331565,10.943050088436227,10.606240282393962,10.269430476351697,21548296000,0.38684188051030866,0.37196868353059176,0.014873196979716896,96.26683961566413,79.56878297717897,NVDA
2020-08-13,11.403512001037598,11.681300500548199,11.316563329189249,11.506156253897396,374460000,68.57818063224238,66.68892585936653,65.30648611418343,10.717536544799804,9.967229843139648,8.707509145736694,7.296634836196899,11.13441640872187,10.74960653665522,10.405825293631285,9.89812337509727,9.207088836613922,11.00269675734607,10.666420794977013,10.330144832607951,21922756000,0.395318472402856,0.37663864130504465,0.01867983109781135,81.57021385211179,79.9802897501692,NVDA
2020-08-14,11.524094581604004,11.664358807033938,11.401020889958053,11.490211514904173,366436000,72.02930427182821,68.25522552643176,66.28558526201459,10.785426473617553,10.022986812591553,8.760698385238648,7.3290230917930606,11.221011558251233,10.820014540741472,10.469726395801153,9.956193775329654,9.258577853169257,11.071209454336579,10.737163862446613,10.403118270556647,22289192000,0.4070737462965859,0.3827256623033529,0.02434808399323296,89.57022528856278,89.13575958544625,NVDA
2020-08-17,12.294425010681152,12.366924042281948,11.776469020888552,11.810351132151725,621300000,84.81489367850534,76.01437908552785,71.63243601117476,10.876423931121826,10.091090984344483,8.822477450370789,7.365253055095673,11.459547881013437,10.954051856190533,10.57399488808001,10.039702033735065,9.326041123336188,11.187022632370528,10.832488454312038,10.47795427625355,22910492000,0.4730955621078383,0.40079964226425,0.0722959198435883,96.55946137548524,89.2333001720533,NVDA
2020-08-18,12.218438148498535,12.45287677557738,12.044540832043971,12.40703504191184,503448000,80.46130628100661,74.0906166020876,70.47974378068194,10.97270302772522,10.159967460632323,8.880602989196777,7.401349294185638,11.628190162676791,11.06899606458217,10.66796307438964,10.11751403783376,9.39031661278424,11.277977576571882,10.921770631002289,10.565563685432698,22407044000,0.5133690235282078,0.42331351851704163,0.09005550501116616,89.31042885329883,91.81337183911565,NVDA
2020-08-19,12.096610069274902,12.27250033410157,12.05624919671835,12.254064801327434,622624000,73.22943086108667,70.98864269338685,68.62867191018107,11.057397079467773,10.22160400390625,8.93863335609436,7.436641166210174,11.73228347525415,11.162415519554235,10.74960004552594,10.188196038956658,9.45045646737292,11.360351000977158,11.006813410488025,10.65327581999889,21784420000,0.5293534667710187,0.4445215081678371,0.0848319586031816,82.67083054648874,89.51357359175763,NVDA
2020-08-20,12.099102020263672,12.332294707284191,11.837757080597434,11.933675460535376,921388000,73.28836103715932,71.0153739525083,68.64628133927854,11.157612657546997,10.276897487640381,8.993486185073852,7.470961921215057,11.813798707478487,11.247568837800548,10.82671444408238,10.256442681146194,9.509315257437159,11.44921380911837,11.086885221929164,10.724556634739956,22705808000,0.5360431609373286,0.46282583872173544,0.07321732221559318,80.06460207047975,84.0152871567558,NVDA
2020-08-21,12.639732360839844,12.764550014185161,12.153166472738546,12.159644285987222,999868000,83.01962960064739,76.14977171106244,72.18725212825282,11.281633329391479,10.354374198913574,9.054240889549256,7.508096497058869,11.997339519336567,11.374129158076848,10.930315467897094,10.341560169706682,9.57888008195722,11.564256171191358,11.19728884275337,10.830321514315381,23705676000,0.5783028270003445,0.48592123637745727,0.09238159062288726,93.77796152762654,85.50446471486505,NVDA
2020-08-24,12.676353454589844,12.867940264465586,12.46433720627704,12.839289060494515,490564000,83.50800552372198,76.4540379926067,72.40792739613636,11.396174144744872,10.4298677444458,9.120474252700806,7.545660381317139,12.148231504948406,11.492513185032573,11.030089067136679,10.424945644166794,9.647712823571277,11.679029443792292,11.320734406286531,10.962439368780773,24196240000,0.607743247183615,0.5102856385386889,0.09745760864492614,90.91767817780273,88.25341392530305,NVDA
2020-08-25,12.706002235412598,12.71721295767159,12.530359983621405,12.587163447397067,289076000,83.95630502599951,76.71305838255702,72.5919910061167,11.5224618434906,10.501145973205567,9.183916211128235,7.583284225463867,12.27218055616267,11.602830371430757,11.125855533895303,10.506411950997002,9.715674810501085,11.788088328004838,11.431525386318807,11.074962444632778,24485316000,0.6262483993907431,0.5334781907090997,0.09277020868164332,92.3232017064981,92.33961380397584,NVDA
2020-08-26,12.728919982910156,12.824090403622819,12.633998562589216,12.755079279788657,321244000,84.35088159238363,76.92436878517556,72.73895008965499,11.63743872642517,10.574980297088622,9.250466055870056,7.621092286109924,12.373678206551002,11.705202154292522,11.217459216696152,10.585787237851044,9.782635814332398,11.907776928514032,11.550359775150516,11.192942621787003,24806560000,0.6354382004999426,0.5538701926672683,0.08156800783267426,93.40963536207012,92.21683841545702,NVDA
2020-08-27,12.584671974182129,12.805657007560127,12.523134653364204,12.737392873510554,317604000,71.13671336406406,72.46707040437411,70.25998698233677,11.737803602218628,10.642591190338134,9.309474830627442,7.658129374980927,12.420565710469031,11.785153956100668,11.295585659981064,10.657175978434298,9.84490328455128,12.01943412820308,11.656595216851816,11.293756305500551,24488956000,0.6238897624903821,0.5678741066318911,0.056015655858491,86.57144624910998,90.7680944392261,NVDA
2020-08-28,13.102376937866211,13.10262593825955,12.59887058142453,12.631258689838903,537160000,82.76499221468475,77.50498915330884,73.63178412582516,11.864016389846801,10.720914936065673,9.375994009971619,7.6975771737098695,12.572079316557293,11.904901499897536,11.398830875860217,10.744504584128295,9.917291587958278,12.145018892442254,11.773744927637228,11.402470962832203,25026116000,0.6490303877911359,0.58410536286374,0.06492502492739582,99.98937771979027,93.32348644365682,NVDA
2020-08-31,13.328346252441406,13.52815388381572,12.992758311577335,13.137257437320157,500840000,85.76815712657027,79.28655883173973,74.92886363261505,11.981821060180664,10.802896099090576,9.44280062675476,7.738284132480621,12.740138635642651,12.034305568310614,11.50908889737914,10.836784643710907,9.993092802724568,12.283970125879259,11.90302732610822,11.522084526337183,25526956000,0.6793571433884242,0.6031557189686769,0.07620142441974731,92.33784109600273,92.96622168830102,NVDA
2020-09-01,13.777427673339844,13.949632578291991,13.394139355571934,13.437502163161502,511316000,89.94607707657163,82.2886777647598,77.25362714634038,12.111242246627807,10.888567180633546,9.515094146728515,7.781084804534912,12.970647310686473,12.192771214222361,11.638708256005465,10.941807609054797,10.077189133182687,12.425718987999879,12.036523016191785,11.647327044383692,26038272000,0.7311996191743404,0.6287644990098097,0.10243512016453071,93.45991735649075,95.26237872409462,NVDA
2020-09-02,14.301267623901367,14.680318719031057,13.856174608412418,14.65739052033488,874012000,92.87419079263408,85.01666503239962,79.56446492619914,12.263915586471558,10.98624475479126,9.590907793045044,7.827201006412506,13.266340713623116,12.384452706011361,11.790854505599517,11.061788323870745,10.171057544087546,12.601939666250736,12.188767277751417,11.7755948892521,26912284000,0.8052719866391609,0.66406599653568,0.1412059901034809,88.44108968178594,91.41294937809317,NVDA
2020-09-03,12.974466323852539,13.840726125228484,12.838147232687476,13.78515199377627,945128000,49.2649273328328,59.86542591713438,62.69801982240574,12.347819805145264,11.061661491394043,9.649942202568054,7.865677242279053,13.201479738118543,12.438090307633285,11.858489466642546,11.130098252441524,10.233355516971212,12.734299657558868,12.283137345518517,11.831975033478166,25967156000,0.7482873048867447,0.680910258205893,0.06737704668085165,41.25548590652973,74.38549764826884,NVDA
2020-09-04,12.58270263671875,13.133460418119254,11.66784587515136,12.743443391157022,1463684000,42.237706895968195,54.7180172794565,58.8471961654134,12.418912363052367,11.124170532226563,9.705833430290221,7.9027281093597415,13.063973715585256,12.451236883004691,11.899873076361185,11.181976980451426,10.28556323074338,12.85318219003733,12.340734956346788,11.828287722656249,24503472000,0.6638618919488319,0.6775005849544808,-0.013638693005648905,30.3689629410623,53.35517950979269,NVDA
2020-09-08,11.87544059753418,12.510432336762877,11.667348976243487,11.697503200446143,795728000,32.26672312209685,46.88100793694112,52.7342079393898,12.456360864639283,11.179211235046386,9.751200566291809,7.935846004486084,12.799855244907238,12.398891766143736,11.898476934713928,11.20674353820438,10.320893838894285,12.909694081392823,12.379273231833341,11.848852382273856,23707744000,0.5337314839064131,0.6487467647448674,-0.11501528083845425,6.906528742574388,26.176992530055504,NVDA
2020-09-09,12.674910545349121,12.768863107149748,12.193183586608452,12.360903188447526,736200000,48.69524056904742,54.767395024616825,57.90211835189548,12.549478578567506,11.249344387054443,9.805155081748962,7.97308559179306,12.772089756116547,12.423984382435135,11.942844569607367,11.259178074173835,10.373205321259947,12.979536476570507,12.447885466202914,11.91623445583532,24443944000,0.4894704308908224,0.6168914979740584,-0.12742106708323597,33.440812723643496,23.57210146909343,NVDA
2020-09-10,12.272934913635254,13.024059324113075,12.128640676598586,12.94829871786249,698684000,42.47873045810134,50.69217157390587,54.755126890833836,12.593086767196656,11.305503616333008,9.856402192115784,8.008227016925812,12.66116645778737,12.410252612544237,11.96170687498039,11.295383675583173,10.415421534423844,13.0814897160094,12.523381805285505,11.96527389456161,23745260000,0.41714852493401544,0.5769429033660498,-0.15979437843203437,20.099303646889105,20.14888170436903,NVDA
2020-09-11,12.126150131225586,12.61261156665799,11.858247209010582,12.446138237529997,636928000,40.22835513379038,49.25101709342684,53.64213091090334,12.629218673706054,11.358084354400635,9.910549330711365,8.041351270675658,12.54227394077364,12.384425114242541,11.971103632480116,11.32505390614183,10.453437725463882,13.138481546661323,12.568594109971318,11.998706673281315,23108332000,0.3440229062863551,0.5303589039501109,-0.18633599766375575,15.227539409593309,22.922551926708667,NVDA
2020-09-14,12.831665992736816,13.273020068340417,12.59142659294428,13.039758568536314,1201744000,54.21746939634439,55.76107220013298,57.93834636156074,12.694597244262695,11.42313606262207,9.9676078748703,8.078526599407196,12.606583285654345,12.425083375923839,12.020278624494782,11.378861480663081,10.506287242514391,13.221740367857484,12.636764535737134,12.051788703616792,24310076000,0.33909073354864105,0.49210526986981695,-0.1530145363211759,38.64350179023421,24.656781615572243,NVDA
2020-09-15,12.950042724609375,13.25682221304241,12.787307442411516,13.238131137079726,727556000,56.27780413615692,56.76327217658308,58.611184048596535,12.727378129959106,11.486031017303468,10.02638309955597,8.116119601726531,12.682907605422129,12.472806953077068,12.073408001644188,11.434975096518306,10.56059291989428,13.301474156145296,12.70668037861757,12.111886601089843,25037632000,0.3408053718830182,0.4618452902724572,-0.121039918389439,42.57240722169193,32.147816140506514,NVDA
2020-09-16,12.475044250488281,13.051471089335553,12.47429702575866,12.916398336111536,556384000,46.25472405876227,51.70191509899999,54.92541326206617,12.740208435058594,11.53877826690674,10.07901879310608,8.151524262428284,12.636715748770163,12.473010343750813,12.096358644435277,11.472120423445805,10.603136282796369,13.325651162784684,12.731489811819646,12.13732846085461,24481248000,0.3003733114244156,0.4295508945028489,-0.1291775830784333,26.80728129375514,36.00773010189379,NVDA
2020-09-17,12.424205780029297,12.55005801210448,11.99680748160983,12.093999936822648,792512000,45.22034566234884,51.17595780874886,54.54163409982163,12.756588220596313,11.5836474609375,10.129280905723572,8.187606766223908,12.589491311272193,12.468573565230674,12.115092766469221,11.506123471895215,10.643604493845988,13.336602897364168,12.735540851781929,12.13447880619969,23688736000,0.26121722297807715,0.3958841601978946,-0.13466693721981743,25.119960318140258,31.499882944529144,NVDA
2020-09-18,12.1508207321167,12.592672993531387,11.950953315876442,12.554045465543362,698460000,39.517675348528435,48.328767265406384,52.48010170832149,12.759174156188966,11.617209186553955,10.178233590126037,8.222520201206207,12.49200896034875,12.439686944038495,12.117134364506219,11.529148374045983,10.677098188029781,13.361134533272816,12.739812081010971,12.118489628749126,22990276000,0.20575404760426608,0.3578581376791689,-0.15210409007490283,16.046352839438384,22.657864817111292,NVDA
2020-09-21,12.477787971496582,12.483021397443737,11.866969684042157,11.887405237931358,721044000,48.786769379762326,51.78384106708972,54.62455953016825,12.751076936721802,11.657903156280518,10.2286878824234,8.258849468231201,12.488848740603824,12.443150673807413,12.137743142048524,11.563028359669218,10.717113516551265,13.37578798573284,12.74867914838934,12.121570311045835,23711320000,0.18603807405560957,0.323494124954457,-0.13745605089884744,26.898344969879624,22.688219375819454,NVDA
2020-09-22,12.597906112670898,12.608123888333473,12.117177260031074,12.535354084103151,646452000,52.02780645084627,53.02649589133509,55.39761316037237,12.747154569625854,11.70951005935669,10.281882319450379,8.29586394071579,12.513083712174284,12.457219350067728,12.16403816894123,11.599988279419279,10.758908907576146,13.36633477420648,12.744961027965084,12.123587281723687,24357772000,0.17805306816038957,0.2944059135956435,-0.11635284543525393,30.885047506865085,24.609915105394396,NVDA
2020-09-23,12.08552360534668,12.686872062799841,12.04116451446555,12.535849041917816,647012000,39.29761451424629,47.413088969630415,51.485892260044515,12.716130638122559,11.744396743774415,10.33231866836548,8.329889678955078,12.418070355101484,12.42342882782036,12.159551622450113,11.617328826773829,10.78838923419327,13.358894182582937,12.725991651096505,12.093089119610072,23710760000,0.12889409636863647,0.2613035501502421,-0.13240945378160562,19.240776010665595,25.6747228291368,NVDA
2020-09-24,12.309070587158203,12.529872669499609,11.976123939065822,12.034190722797042,731240000,46.190684182607,49.90475210306497,52.99965403122444,12.69513816833496,11.786739006042481,10.382871284484864,8.365033152103424,12.393848184447421,12.4130326241238,12.168095563290574,11.6420338896447,10.822182153148045,13.358293853823714,12.707920095842823,12.057546337861933,24442000000,0.1067431615040082,0.23039147242099534,-0.12364831091698714,39.96594408862767,30.030589202052813,NVDA
2020-09-25,12.833162307739258,12.842881933702188,12.207142912715822,12.408256652197235,588016000,59.2189144513157,55.25726106430467,56.3387528019313,12.707562685012817,11.841406688690185,10.438054699897766,8.40257185459137,12.491473545178941,12.451226231725204,12.206099377259068,11.684574190290936,10.866870601027848,13.374692579933134,12.703097527668778,12.031502475404423,25030016000,0.12997988071335698,0.21030915407946768,-0.0803292733661107,72.60598619691623,43.9375687654032,NVDA
2020-09-28,12.993901252746582,13.010598775607933,12.709799993239777,12.999134676986603,573808000,62.555561992007114,56.782435983841765,57.31118926868924,12.702138900756836,11.897958793640136,10.493836979866028,8.440496139526367,12.603124146860639,12.50056032454533,12.251116627286926,11.731335871092924,10.91413794884382,13.388274574710982,12.715809216343185,12.043343857975392,25603824000,0.1595265152430514,0.20015262631218445,-0.04062611106913305,80.27112170316508,64.28101732956969,NVDA
2020-09-29,13.184052467346191,13.400368327891107,12.89247510346008,12.896711278367409,621460000,66.45207757749743,58.58113285374581,58.455545671503856,12.694924211502075,11.952150325775147,10.549757680892945,8.478533716201783,12.73221932919076,12.562695973890863,12.304427246718884,11.783218606673397,10.964580493699428,13.3991545119163,12.726492112234409,12.05382971255252,26225284000,0.19602637975439663,0.1993273770006269,-0.0033009972462302584,85.97283586246806,79.61664792084981,NVDA
2020-09-30,13.48784351348877,13.579553477522746,13.108792330522316,13.116019306510315,689184000,72.03178002166105,61.34884381391409,60.23595093578561,12.680445003509522,12.01605007171631,10.606816239356995,8.51810020685196,12.900135814590318,12.646800295672492,12.372051033391449,11.84409806763109,11.020653005250301,13.401266061090672,12.73168149118202,12.062096921273366,26914468000,0.24662326440851245,0.208786554482204,0.03783670992630844,94.67207168697253,86.9720097508686,NVDA
2020-10-01,13.571577072143555,13.71935930583392,13.418311387565605,13.714624981038467,525004000,73.49012068514291,62.1005781121512,60.72101136022136,12.64396047592163,12.079427032470702,10.662191996574402,8.557941009998322,13.04934498293548,12.730870911715316,12.440595378462998,11.90579374636368,11.077340206736817,13.382610699899946,12.725142573060422,12.067674446220897,27439472000,0.29013377684321995,0.2250559989544072,0.06507777788881275,92.02207613604418,90.88899456182828,NVDA
2020-10-02,13.02106761932373,13.476875649121473,13.00985259385237,13.183304746291645,552496000,52.06977981505434,54.58404602993083,56.023719281806194,12.64629054069519,12.137952575683594,10.71468240737915,8.594638543128967,13.043061124355091,12.757252430588808,12.473765220797896,11.945624956112253,11.120534149238749,13.312748346644455,12.672285984345386,12.031823622046316,26886976000,0.27700155784953395,0.23544511073343258,0.041556447116101375,62.30319592080457,82.99911458127379,NVDA
2020-10-05,13.5994873046875,13.601231779612217,13.181060496314407,13.194269071030487,479820000,64.95047025071824,60.05482499156325,59.46793788378498,12.697129774093629,12.20675594329834,10.773181133270263,8.634076352119445,13.166711386651182,12.833819237325052,12.538092197020159,12.00469146856137,11.17562199713761,13.296577189043122,12.6838485224223,12.071119855801479,27366796000,0.30969781065729407,0.2502956507182049,0.05940215993908915,93.52879114975433,82.61802106886772,NVDA
2020-10-06,13.693193435668945,14.097415447530537,13.62191902493489,13.786398799962601,784420000,66.69068028961962,60.87703380295676,59.998551061570545,12.788017416000367,12.27290906906128,10.830121707916259,8.673242290019989,13.283707397544017,12.911944164447224,12.604097982085804,12.064995110243784,11.231568029104972,13.313373452805473,12.74779326810714,12.182213083408808,28151216000,0.33926034611878997,0.26808858979832195,0.07117175632046802,81.8770750457794,79.23635403877947,NVDA
2020-10-07,13.919974327087402,14.074735405554517,13.819791075017143,13.955612003069618,418084000,70.88833081777983,62.86898090935967,61.281019974595026,12.85027060508728,12.347703590393067,10.884745559692384,8.71305558204651,13.42510004855366,13.003583270141785,12.679290916085895,12.131244367988199,11.291310391282359,13.376815703712975,12.839242139489976,12.301668575266975,28569300000,0.37664644534145,0.2898001609069476,0.08684628443450237,92.04458932166008,89.15015183906463,NVDA
2020-10-08,13.795117378234863,14.040092973403969,13.714622463476868,14.03062242421629,378900000,65.4399091726913,61.026695860325006,60.170651173963705,12.926379728317261,12.41501829147339,10.935535974502564,8.75231303215027,13.507326121816149,13.075540916332065,12.743052428208692,12.190668404068436,11.34695054654797,13.42701012504894,12.901351275617092,12.375692426185244,28190400000,0.39168518305368494,0.3101771653362951,0.08150801771738986,86.44674198116861,86.78946878286939,NVDA
2020-10-09,13.719359397888184,13.780666052397772,13.617681691548734,13.723596523541781,346892000,61.97184366395366,59.88011837127991,59.48692281301247,13.00604019165039,12.477857990264893,10.985018463134766,8.791216580867767,13.554444627609934,13.134069869200802,12.798841397904662,12.24526451099057,11.399670743244418,13.450736622945628,12.959955596688328,12.469174570431024,27843508000,0.3929606494039515,0.32673386214982636,0.06622678725412512,82.17802465461376,86.88978531914752,NVDA
2020-10-12,14.181146621704102,14.301765409334289,13.868635604663355,13.945392496427578,434744000,72.59527515340153,64.28498352020387,62.222510598210704,13.073514223098755,12.54991849899292,11.037480268478394,8.832358133792876,13.693711737408638,13.22925866488292,12.877830267836057,12.314403157801767,11.4614813183213,13.526781624054806,13.051297481272575,12.575813338490342,28278252000,0.42631948961919974,0.34665098764370106,0.07966850197549868,94.81352611001286,87.81276424859846,NVDA
2020-10-13,14.203329086303711,14.303263268238275,13.974552820948032,14.251427164697901,344604000,73.02958168738894,64.48668854248686,62.35018133138263,13.136178541183472,12.61454002380371,11.09210376739502,8.873899300098419,13.8069600371631,13.31781052137572,12.95357305746278,12.381864798105408,11.522411268720909,13.570057551628627,13.111377362565726,12.65269717350282,28622856000,0.4493665326662253,0.3671940966482059,0.08217243601801938,95.70570697328631,90.89908591263769,NVDA
2020-10-14,14.050812721252441,14.297531907685247,13.915989026074767,14.24544672497904,276100000,64.58478788393009,61.89826314535085,60.8714684939898,13.214966964721679,12.67177619934082,11.14270191192627,8.915244064331056,13.861149522516286,13.384447085000875,13.016272466822189,12.441470081074945,11.578597967666052,13.617775735880818,13.163284684390316,12.708793632899813,28346756000,0.45013579900762757,0.38378243712009025,0.06635336188753732,87.9562952422686,92.82517610852263,NVDA
2020-10-15,13.925955772399902,13.961592497317445,13.72434294529411,13.767207595825163,267224000,57.99654124962036,59.78271851716641,59.660495644247995,13.29005446434021,12.725339298248292,11.195124444961548,8.955593724250793,13.87555091137931,13.433675147491696,13.068254369998058,12.494487427193693,11.630761474437914,13.658907566273964,13.220603396286013,12.782299226298061,28079532000,0.4356486493779528,0.39415567957166275,0.041492969806290025,76.3215442892006,86.66118216825187,NVDA
2020-10-16,13.767955780029297,14.076978854570742,13.74901562850576,13.99249587281889,242392000,50.217589654307865,57.12213327307907,58.130554938832724,13.37091121673584,12.774770774841308,11.247884454727172,8.994579730033875,13.851640882190418,13.464064295904205,13.108237307714129,12.539968439794965,11.678254681228834,13.72155863097354,13.29398242786319,12.866406224752842,27837140000,0.40672967350316647,0.3966704783579635,0.010059195145202982,62.05613985334645,75.44465979493857,NVDA
2020-10-19,13.455195426940918,13.939413232064247,13.364481770808682,13.859167377230175,298068000,38.08382831851708,52.17240157270254,55.20104596035828,13.419781589508057,12.820657653808594,11.297897891998291,9.032479774951934,13.763541892134974,13.463258035089359,13.128063485955659,12.57265511790732,11.71774225335577,13.782896388736892,13.358500576883655,12.93410476503042,27539072000,0.3544877163919029,0.3882339259647514,-0.03374620957284852,34.43166520177288,57.603116448106675,NVDA
2020-10-20,13.602476119995117,13.756239916495703,13.464412595526133,13.540671331298878,229212000,45.52214937643211,54.18565092853846,56.28560723643804,13.470010089874268,12.870177764892578,11.345514297485352,9.070993027687074,13.727749498326116,13.475914224626246,13.155172779329343,12.609434439410455,11.759625228169977,13.830875379240675,13.421918824169918,13.012962269099157,27768284000,0.32126654925330556,0.3748404506224623,-0.05357390136915674,45.81866671419864,47.43549058977269,NVDA
2020-10-21,13.482110023498535,13.748019370402716,13.43500919480444,13.58204420681316,219596000,40.72412757887395,52.249908498400295,55.14494917774795,13.53983941078186,12.923568840026855,11.39261682510376,9.10854731798172,13.673162948364432,13.47647747906918,13.17385490756758,12.640601424556458,11.797902668066166,13.875448743836833,13.474965353180556,13.07448196252428,27548688000,0.2819755581933858,0.356267472136647,-0.07429191394326118,36.512566271372904,38.92096606244817,NVDA
2020-10-22,13.318876266479492,13.568835305575032,13.1900332336967,13.47986707572771,290480000,34.761648513889966,49.65900197090399,53.604765650257896,13.590329694747926,12.9619309425354,11.43789776802063,9.145229442119598,13.594432574612224,13.462150096106482,13.182141842362547,12.66482552605371,11.83170208136424,13.914551413579236,13.526777807516098,13.139004201452959,27258208000,0.23495712522818835,0.3320054027549553,-0.09704827752676698,12.28082603367824,31.537353006416627,NVDA
2020-10-23,13.547401428222656,13.550392228128988,13.249344355802839,13.407593415945206,233484000,47.64046972390169,53.160749867255966,55.426853168510654,13.626041650772095,13.004808731079102,11.486019287109375,9.182725677490234,13.583981208747876,13.469900217207952,13.20301381869741,12.696346093988314,11.869828733516648,13.958582655517453,13.58284242364992,13.207102191782388,27491692000,0.21367167497880502,0.3083386571997253,-0.09466698222092029,32.10191815145544,26.965103485502226,NVDA
2020-10-26,13.099818229675293,13.649579792696025,12.997392352414028,13.384667711577912,336896000,32.541870795443174,46.3589878240733,51.301414755859284,13.63133749961853,13.036323204040528,11.52965500831604,9.217822232246398,13.476389435620634,13.436256400159527,13.197116927896147,12.710755813119992,11.897161833431284,13.988946917081185,13.612423427151953,13.235899937222722,27154796000,0.15885539270580828,0.2784420043009419,-0.11958661159513362,7.843491728017771,17.408745304383853,NVDA
2020-10-27,13.354513168334961,13.39962044326866,13.149909542923867,13.264048592896252,250520000,44.543514788582456,50.2590841694273,53.36632519483248,13.639860534667969,13.057524967193604,11.574307975769043,9.253239061832428,13.449305820668261,13.428825197266384,13.206110998778366,12.733747147234812,11.929547418651365,14.00539897242822,13.631308238785815,13.257217505143409,27405316000,0.13441539010345238,0.24963668146144402,-0.11522129135799164,27.34732901953966,22.430912966337658,NVDA
2020-10-28,12.587188720703125,13.218193334409735,12.56924582198825,13.156388537797922,376520000,27.10777726543047,40.6660897746015,47.07887155597145,13.594827795028687,13.064899978637696,11.61243371963501,9.28540412902832,13.257724242898231,13.352312790306087,13.17074401145978,12.728512917715824,11.94416166980807,13.994619525481792,13.613811920982698,13.233004316483605,27028796000,0.05252437355144757,0.21021421987944475,-0.15768984632799718,1.0347588343864613,12.07519319398133,NVDA
2020-10-29,12.982938766479492,13.15115654997992,12.70980245234301,12.798023456887062,320080000,41.3228223212091,46.35341806986728,50.239950861046395,13.565395879745484,13.082626552581788,11.652115278244018,9.319760737419129,13.196660803694067,13.318733333594578,13.160012283175192,12.73759955517167,11.967245605289657,13.972071704833825,13.592664436018708,13.213257167203592,27348876000,0.019335981060656593,0.17203857211568713,-0.15270259105503053,23.85748455910242,17.41319080434288,NVDA
2020-10-30,12.494484901428223,12.89571515549581,12.261222419524849,12.809488644305967,416820000,32.06213355640675,41.115077813527016,46.644798897518584,13.539066743850707,13.090534210205078,11.683715848922729,9.351256961822509,13.040621714301658,13.243801657943091,13.121982147075364,12.728916888966546,11.978962034092735,13.939413120135628,13.544127526668008,13.148841933200382,26932056000,-0.045851654496740224,0.12846052679320166,-0.1743121812899419,11.423007627410554,12.10508367363318,NVDA
2020-11-02,12.541086196899414,12.796278653138547,12.355921817146161,12.6178430986326,299652000,33.761623799199,41.79094538460655,47.02292409987924,13.486146688461304,13.08856128692627,11.721467742919922,9.382942640781403,12.929613821545603,13.179918434211848,13.088788092779595,12.72220864996415,11.991453682155106,13.909341566914303,13.515325793412238,13.121310019910172,27231708000,-0.09268458010102343,0.08423150541435664,-0.17691608551538007,13.743675949150255,16.341389378554442,NVDA
2020-11-03,12.978449821472168,13.063680007657823,12.563013863032255,12.668430521209544,272900000,48.321105178797474,47.841709291738994,50.467226949244534,13.450409507751464,13.094603214263916,11.762235479354858,9.416981887817382,12.940466265973729,13.161603105780966,13.082483048704884,12.73136012037515,12.013386929695486,13.88497408589099,13.487125223754271,13.089276361617552,27504608000,-0.09343140270141426,0.04869892379120246,-0.14213032649261673,39.50019882094987,21.555627465836924,NVDA
2020-11-04,13.750757217407227,13.78390318861694,13.294949252565239,13.347034420655579,410228000,64.74266714648815,56.450382531270854,55.77523497168951,13.441948652267456,13.115498313903808,11.808322143554687,9.454612638950348,13.12053092184784,13.215162570474261,13.120670144059302,12.767767159554866,12.051995158311302,13.876362249237394,13.477872553126574,13.079382857015757,27914836000,-0.03134320759634157,0.032690497513693656,-0.06403370511003523,82.03384380927335,45.0925728597912,NVDA
2020-11-05,14.11535358428955,14.29378910115566,13.946886765736439,14.117846234201497,319028000,70.12124156550404,59.821783117256764,57.996749349140075,13.45796046257019,13.143226985931397,11.85910364151001,9.493724174499512,13.341602624612664,13.29699811718474,13.177509197786744,12.815895246152534,12.097847567777485,13.88933689460514,13.486468245880898,13.08359959715666,28233864000,0.04674318772270425,0.035501035555495775,0.011242152167208475,91.22117279208064,70.91840514076797,NVDA
2020-11-06,14.51608943939209,14.542754714559118,13.851192528563923,14.06526480662683,383348000,75.12607048790242,63.19442457249105,60.288916834135364,13.497796964645385,13.181855335235596,11.912223262786865,9.53513554096222,13.602599694563647,13.40782460102177,13.25399949730705,12.87661646733966,12.151586276035587,13.928360369138531,13.508058783458669,13.087757197778805,28617212000,0.13935683417489209,0.056272195279375034,0.08308463889551705,98.83125585269755,90.69542415135055,NVDA
2020-11-09,13.587773323059082,14.645178892872087,13.567836875389528,14.506617206699142,582976000,51.258376132848866,52.25218242598155,53.25114418696566,13.468128299713134,13.191563262939454,11.956239099502563,9.573184549808502,13.59930494534041,13.424183575752433,13.273072287350022,12.902014926472498,12.18350154374722,13.982743780557367,13.51890135408543,13.055058927613496,28034236000,0.13627556403337593,0.07227286903017521,0.06400269500320072,55.64492969419299,81.89911944632375,NVDA
2020-11-10,12.72973918914795,13.563601087866017,12.588435764036982,13.563601087866017,644068000,37.90238200086252,44.57031784409916,47.85326504017726,13.394448804855347,13.179591121673583,11.99124361038208,9.605976510047913,13.406068110630974,13.361052267879298,13.242024681738474,12.89586222156805,12.195640158089459,13.95347925615774,13.4638256144878,12.97417197281786,27390168000,0.06386129823690112,0.0705905548715204,-0.006729256634619277,19.65290788070769,58.043031142532776,NVDA
2020-11-11,13.37569808959961,13.392644692449075,12.907428639416796,13.012596256393248,404744000,49.734510107476886,50.47348385633841,51.70619499818674,13.360693073272705,13.17155652999878,12.030061855316163,9.64230064868927,13.399319217068449,13.362383706217509,13.24966316218768,12.912999216854892,12.221863667678573,13.916402161922845,13.419295872360424,12.922189582798008,27794912000,0.05792819546102912,0.06805808298942215,-0.010129887528393028,46.74899405818263,40.6822772110278,NVDA
2020-11-12,13.414324760437012,13.72259966489357,13.274018572039523,13.436504787685358,365812000,50.41250085303949,50.81083264512414,51.928240285556136,13.335111522674561,13.153817672729492,12.070031213760377,9.678784320354461,13.402653782261464,13.367105620237462,13.259072396373355,12.930903700554254,12.248362803073205,13.890175558368691,13.38987697303277,12.889578387696847,28160724000,0.05570093260700659,0.06558665291293904,-0.009885720305932447,48.36926990085219,38.25705727991421,NVDA
2020-11-13,13.255077362060547,13.625655192905109,13.018076883230666,13.58428594217903,346312000,47.25892012215361,49.319315776886505,50.91916941472899,13.309467601776124,13.159429893493652,12.110545692443848,9.715638980865478,13.369859022216815,13.35692123313047,13.258844108698337,12.942481331322336,12.270734237717367,13.880618486878818,13.362685198797609,12.844751910716395,27814412000,0.04061766146790191,0.060592854623931616,-0.019975193156029705,41.68930740334607,45.602523787460335,NVDA
2020-11-16,13.472640991210938,13.606467432541349,13.114523521877004,13.130971023574494,413776000,52.164713831758036,51.417531176538056,52.24460791839045,13.310339879989623,13.177228660583497,12.15069959640503,9.753096141815185,13.392699459771064,13.367441211137784,13.271061073413343,12.961415604889785,12.29744327668389,13.866199816026782,13.340457923917029,12.814716031807276,28228188000,0.04569290764193745,0.05761286522753279,-0.011919957585595338,50.81546518276712,46.95801416232183,NVDA
2020-11-17,13.379931449890137,13.55338264099066,13.261805306020042,13.509770768324225,312028000,49.79620038849601,50.45886392915596,51.62354048305577,13.299212646484374,13.207318477630615,12.193264856338502,9.789243595600128,13.389862124241969,13.368576687387998,13.277282237783446,12.976362599354085,12.321498569421806,13.843754841236816,13.331506002759681,12.819257164282543,27916160000,0.0417528902923916,0.05444087024050455,-0.012687979948112951,46.926571138043634,46.477114574718975,NVDA
2020-11-18,13.38641357421875,13.562855596647298,13.14343241864319,13.422798478821212,510924000,49.98672823607307,50.52831692174756,51.66554076710277,13.294427824020385,13.221548538208008,12.235446462631225,9.82497174501419,13.389095779792365,13.37019822255443,13.283518314151177,12.991007277027823,12.345163347306181,13.838236754389134,13.319911922719873,12.801587091050619,28427084000,0.038707258237995035,0.05129414784000265,-0.012586889602007614,47.19847729073911,48.31350453718332,NVDA
2020-11-19,13.397876739501953,13.444977567044422,13.058699445144363,13.171094026592812,565936000,50.38629739240882,50.66005022620241,51.74299957751692,13.298377847671508,13.244047374725342,12.274775495529175,9.860322921276092,13.391047104172275,13.372714451367841,13.29005308131408,13.005538329259041,12.368556978243864,13.829605309974696,13.307791528481543,12.785977746988392,28993020000,0.03679441145741791,0.04839420056348571,-0.0115997891060678,45.51498096933422,46.546676466039024,NVDA
2020-11-20,13.046487808227539,13.451955146489949,13.023808681876831,13.411583145369244,341088000,38.94198825112979,46.56666825404268,49.21542556414622,13.273332166671754,13.26245412826538,12.310269241333009,9.894248161315918,13.314478371740112,13.343057483809632,13.276135065709134,13.007000810650773,12.383622107799056,13.823137691070682,13.298974176590164,12.774810662109639,28651932000,0.006845406938410292,0.04008444183847063,-0.03323903490006034,23.219770684193776,38.644409648089066,NVDA
2020-11-23,13.098573684692383,13.340308505174802,12.974465923751294,13.129725162390375,361356000,41.312992045402225,47.247092282813654,49.5969707457663,13.273269939422608,13.267792282104493,12.34546417236328,9.92701773405075,13.266499552396171,13.320831683889882,13.265988701079605,13.010271270437972,12.399509920618906,13.811401091527133,13.28415211470864,12.756903137890147,29013288000,-0.012541924484567701,0.029559168573862968,-0.04210109305843067,24.803190709786502,31.179314121104866,NVDA
2020-11-24,12.91689682006836,13.120502239825685,12.844376096717541,13.101063940439783,346500000,35.53694666080992,45.09026907805766,48.27440909036289,13.251389122009277,13.267129364013671,12.376580190658569,9.958266687393188,13.188810056323323,13.284110332633379,13.246040593593248,13.006936468639058,12.411007407273337,13.779763010420854,13.270421714420168,12.761080418419478,28666788000,-0.0420812425838637,0.015231086342317634,-0.057312328926181336,15.969960051229679,21.33097381507002,NVDA
2020-11-25,13.193023681640625,13.227664107698024,12.978951400504695,12.991411800755374,259916000,48.634874123628805,48.90784265670546,50.37701484018708,13.281680870056153,13.28148895263672,12.410133609771728,9.990317637920379,13.189746417504946,13.275829727997673,13.243011055767383,13.013582440531971,12.42838554670372,13.7717090652758,13.262415302282323,12.753121539288847,28926704000,-0.04271781062644742,0.003641306948564625,-0.04635911757501204,29.395402329413336,23.38951769680987,NVDA
2020-11-27,13.219440460205078,13.365230096581229,13.128976828642482,13.332832293979013,167276000,49.8057164484358,49.27121215409568,50.57794703262663,13.293505954742432,13.297393646240234,12.440520553588867,10.022719690799713,13.19634509366053,13.270703430925618,13.241664164592395,13.020934512663155,12.445964544781527,13.773311236305634,13.283669580192287,12.794027924078941,29093980000,-0.04062241224867158,-0.005211436890882616,-0.03541097535778896,30.679800861932808,25.348387747525308,NVDA
2020-11-30,13.359246253967285,13.370212203387892,12.931349869037602,13.223177217073376,286952000,56.153109809251,51.247372809520044,51.66091480487647,13.336744022369384,13.321562156677246,12.469385671615601,10.053455209732055,13.232545351506477,13.27875277847486,13.248383141128103,13.033017074852587,12.466259693874543,13.786159415158497,13.296636414439753,12.807113413721007,29380932000,-0.02736518595743398,-0.009642186704192889,-0.01772299925324109,67.96288343758263,42.67936220964296,NVDA
2020-12-01,13.347784996032715,13.48609762777796,13.186544162676142,13.449712726033608,296948000,55.46313390889147,51.07172606720015,51.56407492240326,13.377078962326049,13.338962097167968,12.498432626724243,10.083289742469788,13.258154161401198,13.285028434616484,13.254063247122652,13.044258786323306,12.485849145033614,13.807813169085968,13.334239657456227,12.86066614582649,29083984000,-0.017580904613407,-0.011229930286035712,-0.006350974327371289,57.32126961255401,51.98798463735651,NVDA
2020-12-02,13.501794815063477,13.63038779166752,13.192522745646151,13.30840624977212,283360000,62.82812105646791,53.383822580152795,52.80684964160441,13.403246212005616,13.35703987121582,12.533274965286255,10.111638276576995,13.312296528881705,13.304734469202574,13.26821933671927,13.060599358778314,12.50842571547872,13.849463062979298,13.376008208014845,12.902553353050394,29367344000,0.0025708786370817194,-0.008469768501412225,0.011040647138493944,74.85778589514737,66.71397964842804,NVDA
2020-12-03,13.357710838317871,13.620956200375707,13.290902903796256,13.548663195020822,199520000,52.99033207913509,50.95772612505165,51.51407405925061,13.383593893051147,13.382483615875245,12.563440179824829,10.140013010501862,13.322388597645297,13.30955050275851,13.273333136810619,13.071210483047583,12.52729871820848,13.867758105934687,13.402427672305762,12.93709723867684,29167824000,0.006836136558616701,-0.00540858748940644,0.012244724048023141,65.30879182821806,65.8292824453065,NVDA
2020-12-04,13.51949691772461,13.521241908096885,13.350481049154592,13.410059870301074,202244000,61.180613251108525,53.51245688172302,52.868559115885134,13.353801059722901,13.406692142486571,12.596715574264527,10.171017198562621,13.366190446551812,13.328636540482702,13.287399638577133,13.087220712857476,12.549347567086617,13.845647486649895,13.395469104311898,12.9452907219739,29370068000,0.02300597019273809,0.00027432404702246605,0.022731646145715625,85.89195623228387,75.35284465188313,NVDA
2020-12-07,13.56785774230957,13.692002161308737,13.46141332691698,13.562373622565351,223244000,63.4639353878743,54.27915781108553,53.276457503608476,13.306389474868775,13.42138605117798,12.631396369934082,10.204850239753723,13.411005401164648,13.350383922466962,13.303425815933272,13.104386321052194,12.571981126536015,13.8141602370669,13.369520592873068,12.924880948679236,29593312000,0.03927031052604768,0.008073521342827508,0.03119678918322017,85.35386956758568,78.85153920936257,NVDA
2020-12-08,13.311842918395996,13.559881665713313,13.243538190304427,13.546170890394157,271920000,46.200771131674536,49.6141630145073,50.84126022658405,13.29259295463562,13.427744884490966,12.662851839065551,10.238800642490387,13.388969293882726,13.346880194824147,13.303906793216855,13.111795485243045,12.588422499688459,13.751931188815153,13.325159102268282,12.898387015721417,29321392000,0.03114266744905514,0.012687350564073035,0.018455316884982104,55.15012352810442,75.46531644265802,NVDA
2020-12-09,12.893787384033203,13.375655680647423,12.831466040092696,13.262480477608001,401300000,30.13709592478631,43.10012693063932,47.16117838332814,13.300795364379884,13.421939582824708,12.687044954299926,10.269963912963867,13.27892886947172,13.305689939297697,13.28047139840636,13.104009481628408,12.595208386007231,13.683687742508308,13.282303864386579,12.880919986264846,28920092000,-0.008929205708003707,0.008364039309657687,-0.017293245017661392,7.242153165219777,49.24871542030332,NVDA
2020-12-10,12.935171127319336,13.031395694916,12.812771704768545,12.832216697833104,207764000,32.90813466239693,43.8855429117458,47.55405307279676,13.27876901626587,13.410886135101318,12.713468103408813,10.303188083171845,13.202538260104525,13.272006410936028,13.260739954344245,13.097979540403083,12.602763113591944,13.646035972427487,13.280677872100117,12.915319771772747,29127856000,-0.03692152332437715,-0.0006930732171492801,-0.03622845010722787,13.921199116831923,25.437825270052073,NVDA
2020-12-11,12.976055145263672,12.982785958539413,12.786348532943185,12.930186145778586,209264000,35.921245245864895,44.6977001348334,47.9537395107784,13.256855535507203,13.39897569656372,12.739201364517212,10.334441449642181,13.15220867902878,13.245101750420359,13.244472250968213,13.093625097719533,12.611058492073537,13.61751346977626,13.265906732660131,12.914299995543999,29337120000,-0.055170665058748014,-0.011588591585469026,-0.043582073473278984,20.94692787383334,14.036760051961712,NVDA
2020-12-14,13.270710945129395,13.350482212225353,13.040122096463001,13.050592039608777,270156000,53.84730797967868,50.282651688233884,50.780021430466796,13.257637214660644,13.403968563079834,12.770960569381714,10.366376202106476,13.178542515940029,13.24742985903027,13.245971604920282,13.099949592269885,12.625717435474778,13.59903266541392,13.25400787958787,12.908983093761822,29607276000,-0.04533439417691376,-0.018337752103757973,-0.026996642073155788,53.48208156139628,29.45006951735388,NVDA
2020-12-15,13.322310447692871,13.425514015697209,13.14905717380978,13.401333301891295,193016000,56.4098499068576,51.21184445729019,51.26453587808436,13.250120687484742,13.398425025939941,12.80259048461914,10.399881303310394,13.210490945218439,13.254237185272324,13.250333824507287,13.107891051392134,12.641197280190736,13.583234376455867,13.253977279572052,12.924720182688244,29800292000,-0.032995083233924305,-0.021269218329791242,-0.011725864904133063,59.17956909386485,44.53619284303152,NVDA
2020-12-16,13.2046480178833,13.398841178227903,13.174733085029276,13.384132860265757,223116000,48.96980048628853,48.964566662685804,50.08908135608983,13.2413565158844,13.38865411758423,12.830781593322754,10.430479688644409,13.20919251692174,13.249729079146048,13.247723206985917,13.111346657338247,12.653718407695015,13.563886485711643,13.24738347537382,12.930880465035992,29577176000,-0.032337696317716436,-0.02348291392737628,-0.008854782390340155,46.18757898591181,52.94974321372435,NVDA
2020-12-17,13.303117752075195,13.341258393471877,13.140832689289908,13.328544212374,231384000,54.93841509858724,50.906180251528774,51.07066701522453,13.237191724777222,13.376316986083985,12.862010288238526,10.462967443466187,13.230064791400288,13.254582594866879,13.250888609562447,13.118195625007424,12.668149504236798,13.553039415006408,13.24087695851566,12.928714502024915,29808560000,-0.023598993341643393,-0.023506129810229703,-9.286353141368942e-05,57.06035982703806,54.142502635604934,NVDA
2020-12-18,13.234065055847168,13.366684324788022,13.033141062616313,13.34075861756635,342064000,50.01562732800431,49.484433777454925,50.34477820194527,13.229001140594482,13.36509593963623,12.890057115554809,10.496012637615204,13.230953739055149,13.252717364046905,13.24992726363586,13.122333818965988,12.680725405383694,13.541667178597597,13.233594241908397,12.925521305219192,29466496000,-0.02199197397582786,-0.023203298643349336,0.0012113246675214753,49.435734466385796,50.89455775977859,NVDA
2020-12-21,13.294144630432129,13.331786980293364,12.93043721666074,13.037380897577131,302332000,54.29181193984585,50.772650676478854,50.978554581484396,13.241383981704711,13.356591644287109,12.917224817276,10.531923182010651,13.244996159361145,13.256483479172834,13.252453970309931,13.128469919375492,12.694356943718104,13.536905750040349,13.228115116125785,12.919324482211223,29768828000,-0.015689619816619427,-0.021700562878003357,0.00601094306138393,56.069570262239395,54.188554851887794,NVDA
2020-12-22,13.240296363830566,13.299127738654636,13.016687499991681,13.2811795382145,185580000,49.71719297688949,49.552923745313436,50.376070680098955,13.248470115661622,13.33777463912964,12.943846569061279,10.56561712026596,13.24395176035435,13.255011923232628,13.251759249939681,13.132463720963173,12.706488930831714,13.530504818104351,13.228652575901698,12.926800333699047,29583248000,-0.014868667086691545,-0.020334183719740995,0.00546551663304945,50.12377985020921,51.87636152627817,NVDA
2020-12-23,12.972065925598145,13.237056275687273,12.96782849920963,13.218110529291765,179144000,33.064100860508205,43.89601830798808,47.45538439371548,13.25122857093811,13.313149375915527,12.963844699859619,10.599789028167725,13.183532685964082,13.22928955981131,13.235776774263021,13.126735228271565,12.712390641826522,13.522151773216077,13.22490023601085,12.927648698805623,29404104000,-0.03545332691982672,-0.02335801235975814,-0.012095314560068581,20.50644825330482,42.23326612191784,NVDA
2020-12-24,12.956607818603516,13.09496128670315,12.901765679220919,12.999983423390296,97884000,32.3155364934577,43.587201058920904,47.290193873299884,13.239407777786255,13.291265277862548,12.981520738601684,10.6376389169693,13.133104937661733,13.204500310610602,13.21982426251105,13.12065924935485,12.717817690199343,13.519338567200814,13.226036103120629,12.932733639040444,29306220000,-0.05241000823687081,-0.029168411535180676,-0.023241596701690133,18.799602886547287,29.809943663353806,NVDA
2020-12-28,12.863127708435059,13.025163617065004,12.726769309604906,13.025163617065004,212564000,27.75552414468548,41.67766698738861,46.27187272254767,13.221592140197753,13.270008716583252,12.997674007415771,10.671967134475707,13.073109997833583,13.173466437685551,13.199441602278137,13.111461694322,12.721046801715692,13.509250729836719,13.21358247526764,12.917914220698563,29093656000,-0.07255499517122033,-0.037845728262388606,-0.03470926690883172,16.367348032995583,18.5577997242826,NVDA
2020-12-29,12.906255722045898,13.035136828772556,12.805544564367517,12.888058370495152,170372000,32.9904757295928,42.92011000909634,46.82417055416039,13.198942613601684,13.252774715423584,13.013772745132446,10.712044296264649,13.036031269880764,13.149174554445583,13.182688123407724,13.104132909597853,12.725162555500807,13.493588931728084,13.198237867803467,12.902886803878852,29264028000,-0.08407085569873374,-0.047090753749657634,-0.036980101949076104,25.686979933595744,20.284643617712902,NVDA
2020-12-30,13.108177185058594,13.175982669365197,12.859889273960427,12.953121220539163,225396000,52.377923082794666,48.45646011509461,49.37155452195667,13.186962223052978,13.245834350585938,13.033246002197266,10.750532503128051,13.052063695475837,13.145447520864947,13.178430355502059,13.104277348007166,12.733673991713202,13.479540264825781,13.19003534085095,12.90053041687612,29489424000,-0.07602748606316823,-0.05287810021235975,-0.023149385850808474,54.58472488281071,32.213017616467376,NVDA
2020-12-31,13.01768684387207,13.113412177695672,12.878086645878383,13.098953955951297,192424000,45.32564994122914,46.289612412538865,48.28777185450637,13.162756824493409,13.234138565063477,13.052158164978028,10.790367457866669,13.044424395119444,13.133832913865593,13.169245011980344,13.101184830002342,12.739985388427844,13.460430345478253,13.173983894516972,12.887537443555692,29297000000,-0.07607789335430581,-0.05751805884074897,-0.018559834513556847,41.634309602731314,40.63533813971262,NVDA
2021-01-04,13.076018333435059,13.613478260876672,12.925449902304845,13.066795083910115,560640000,50.48289947030316,47.906738115891606,49.041625367659194,13.148672199249267,13.226016731262208,13.074792785644531,10.829230270385743,13.051445270300693,13.128577042917362,13.163917773206327,13.100286026553512,12.74745278720578,13.46107687058763,13.16271788093347,12.86435889127931,29857640000,-0.07059717746793126,-0.06013388256618543,-0.010463294901745829,39.38710930223955,45.20204792926055,NVDA
2021-01-05,13.366436004638672,13.405074943901147,13.049594230220292,13.062307460654432,322760000,68.3304238712536,55.14739288303647,52.63556824900738,13.141019153594971,13.22696792602539,13.094449434280396,10.870444147586822,13.121443211264687,13.150200584892026,13.175490243573888,13.109791382913697,12.7612079698154,13.45516921166024,13.1555993926203,12.856029573580358,30180400000,-0.04233142142141588,-0.05657339033723153,0.014241968915815646,72.13942005618881,51.05361298705326,NVDA
2021-01-06,12.578444480895996,13.207142186008463,12.55002633699992,13.184706458898969,580424000,31.437208524070428,39.21889472724167,43.86079731606982,13.091548490524293,13.207588787078857,13.10619875907898,10.906853952407836,13.000776826738312,13.098222757256023,13.141373342849437,13.090814707841636,12.757146558950524,13.445700292598767,13.122970712127099,12.800241131655431,29599976000,-0.08256319938813128,-0.06177135214741149,-0.020791847240719794,2.672254688531579,38.06626134898668,NVDA
2021-01-07,13.30585765838623,13.339511720637944,12.849665861110775,12.930433708618178,461480000,57.09728819816199,52.778181674349035,51.64111799586611,13.091249227523804,13.211709575653076,13.124016389846801,10.942357387542724,13.068572567104516,13.11709865735877,13.150772446594397,13.09849481321823,12.769340138937984,13.438581770138542,13.10350661704138,12.768431463944214,30061456000,-0.05511566996809769,-0.06044021571154873,0.005324545743451037,71.07338887788846,48.62835454086966,NVDA
2021-01-08,13.238801002502441,13.382638612575214,13.004722188085635,13.324306483553258,292528000,54.827376576660505,51.63463272035197,50.96045763602799,13.108499908447266,13.209395332336426,13.133460149765014,10.977968800067902,13.106401108304055,13.128162506917285,13.155802649789143,13.103505748549809,12.77977260257275,13.433750307852693,13.095743109561212,12.75773591126973,29768928000,-0.0383323454506197,-0.056018641659362926,0.017686296208743228,64.76782354124984,46.17115570255667,NVDA
2021-01-11,13.58256721496582,13.921097286354001,13.324307660487984,13.380396507064923,518344000,63.704114637055774,56.802006670808744,54.196122414467254,13.14086971282959,13.22930290222168,13.147101440429687,11.013852214813232,13.212215798673338,13.169472025830789,13.180189196370668,13.120615086636095,12.797612482848152,13.463668768376001,13.12315680887922,12.78264484938244,30287272000,0.002676764444206725,-0.044279560438649,0.04695632488285573,75.30907707236707,70.38342983050183,NVDA
2021-01-12,13.44620418548584,13.715183709480115,13.30685412684402,13.713188619994586,291476000,58.254999409918355,54.32267469286423,52.752677459484644,13.164377164840698,13.238568210601807,13.160597381591797,11.049615368843078,13.264213217965004,13.19462949489034,13.195390052891534,13.132243268737872,12.812025631795656,13.499510359999368,13.14996480086027,12.800419241721173,29995796000,0.023897942044950327,-0.03064405994192914,0.05454200198687947,65.3633459966542,68.48008220342375,NVDA
2021-01-13,13.493071556091309,13.586055290946524,13.346741517718936,13.451440936900354,210028000,59.677527515104444,55.04889766262678,53.2005473726679,13.175495195388795,13.258539943695068,13.174537076950074,11.084011631011963,13.315070626437517,13.221760591363156,13.21240042450295,13.14512999328621,12.827159985668892,13.528229530966108,13.176642240987421,12.825054951008735,30205824000,0.04399058719873139,-0.015717130513797035,0.059707717712528426,68.78164981437773,69.81802429446638,NVDA
2021-01-14,13.162519454956055,13.56087745931454,13.142826263852895,13.536198445576108,283120000,46.318819787584545,49.11746899474775,49.724994362620635,13.167505645751953,13.2709686088562,13.179764947891236,11.117002918720246,13.281170366108302,13.216375033507964,13.209550083385986,13.145751045488703,12.834612418319718,13.536610184353465,13.17989474772243,12.8231793110914,29922704000,0.03286254228907026,-0.006001195953223576,0.03886373824229384,44.67260561859933,59.60586714321047,NVDA
2021-01-15,12.822744369506836,13.28716288467263,12.811776129686693,13.190190863914939,277780000,36.29680789679773,43.883315989267686,46.463079859044896,13.14841046333313,13.267854499816895,13.181228857040406,11.150851554870606,13.179297922419087,13.18059042768968,13.187446899735749,13.134215092775065,12.834348683901654,13.53060370000365,13.16441541036793,12.798227120732204,29644924000,-0.0033350785425323437,-0.00546797247108533,0.0021328939285529865,19.890876736568195,44.44837738984845,NVDA
2021-01-19,12.988019943237305,13.056572862335285,12.807287445364308,12.979044892252457,226188000,43.44018822320613,46.850286232320144,48.19139150888721,13.132655572891235,13.252599754333495,13.184049034118653,11.183982622623443,13.136791704823136,13.16308402001219,13.176051073650124,13.12899383743443,12.83776360077578,13.517098778434026,13.149711568618667,12.782324358803304,29871112000,-0.018472655038449304,-0.008068908984558126,-0.010403746053891178,31.945364056012238,32.16961547039329,NVDA
2021-01-20,13.327548027038574,13.392112675663085,13.019431202517943,13.074273353645776,258572000,55.68918657114359,52.416148949122956,51.5505443157483,13.137329721450806,13.236843643188477,13.190035314559937,11.220250685214996,13.179181998648788,13.178035293378224,13.184708042415178,13.136085058491721,12.848647699137175,13.524569419343106,13.148979553862835,12.773389688382562,30129684000,-0.003037203670324118,-0.007062567921711324,0.004025364251387206,56.70907770345134,36.18177283201063,NVDA
2021-01-21,13.827862739562988,13.959236264193995,13.21511912323299,13.380145761603893,337780000,67.95919492082004,59.19688895480558,55.95043773334514,13.164015626907348,13.223079109191895,13.202467222213745,11.255971026420593,13.3233332744075,13.237110515758658,13.221459739395051,13.160791404244266,12.870408033368859,13.56584004347178,13.1706990409063,12.775558038340824,30467464000,0.049001855849903464,0.0041503168326116335,0.04485153901729183,90.67750502633847,59.77731559526739,NVDA
2021-01-22,13.673304557800293,13.802185641575923,13.588298330647525,13.700726105452485,246820000,61.632526435387675,56.51751122348493,54.35618880540012,13.185666036605834,13.224789733886718,13.208176498413087,11.292085254192353,13.40110467071701,13.276764519580626,13.247279443303922,13.179095445442696,12.888250178356223,13.580840556876936,13.194626337773565,12.808412118670192,30220644000,0.0768853454661631,0.018697322559321928,0.05818802290684118,79.70978625143306,75.69878966040766,NVDA
2021-01-25,13.61422348022461,13.788972601299603,13.198664758310809,13.742356162385255,251112000,59.10838547944303,55.48369924407027,53.74419675003652,13.217773914337158,13.242479419708252,13.211035270690918,11.326917948722839,13.448464406163144,13.307442606911897,13.268247673985103,13.194635732399194,12.904382918397744,13.612100113231469,13.211225532017343,12.810350950803219,29969532000,0.09314217763279409,0.033586293574016365,0.05955588405877772,75.51728970173008,81.96819365983391,NVDA
2021-01-26,13.396848678588867,13.605749231505072,13.349234689420664,13.541682883107807,163980000,50.05708071345456,51.73413179352581,51.51328703450801,13.239785957336426,13.242902431488037,13.207229480743408,11.361161813735961,13.43699424447997,13.315570431609803,13.275596302819604,13.20185762333454,12.915326601957545,13.630143640149564,13.229874451049401,12.829605261949238,29805552000,0.08747712261710028,0.04436445938263315,0.04311266323446713,60.09199376526414,71.77302323947579,NVDA
2021-01-27,12.880826950073242,13.194926152460098,12.757180837312008,13.192183617318866,371272000,34.853435640687636,44.11290487380043,46.702114732323814,13.240670919418335,13.232232475280762,13.193025074005128,11.391966433525086,13.313401512389587,13.27604829692466,13.253038054091242,13.190392242146638,12.914559943026783,13.639877739805362,13.227963326530633,12.816048913255909,29434280000,0.040877672422739764,0.043667101990654475,-0.0027894295679147113,10.286223912482956,48.6318357931591,NVDA
2021-01-28,13.01369571685791,13.301621023796079,12.923454516478738,12.959102719549616,228316000,40.44268488076294,46.30626983787359,48.00924197844091,13.246042919158935,13.227404842376709,13.193417367935181,11.421679785251618,13.246800224493658,13.252198062373136,13.239361349106481,13.184081651957754,12.91676296022303,13.653576584592653,13.237863495134249,12.822150405675846,29662596000,0.014501507114562884,0.037833983015436154,-0.02333247590087327,21.339688154919465,30.57263527755556,NVDA
2021-01-29,12.952621459960938,13.29663561680807,12.874595189478477,13.03762769199586,271552000,38.615268347264895,45.423794162605056,47.45001936308221,13.238265132904052,13.21700445175171,13.197116556167602,11.451474993228912,13.181427165708609,13.224963825790208,13.222976212583879,13.175815216529296,12.917559815772762,13.668723563002738,13.243846275309828,12.818968987616921,29391044000,-0.011200859498890381,0.028027014512570846,-0.03922787401146123,16.258869456284806,15.961593841229112,NVDA
2021-02-01,13.199165344238281,13.232818458698954,12.865870277184177,13.015940401973044,217204000,49.63859540702985,49.599398947132784,49.912270898304904,13.247339057922364,13.213389129638673,13.210353803634643,11.480777184963227,13.185368983159647,13.222618509285487,13.221615591535558,13.17664914966176,12.92381771640533,13.673586567924438,13.246287623750103,12.818988679575765,29608248000,-0.011543077792163459,0.020112996051623987,-0.03165607384378745,36.76906214489104,24.78920658536514,NVDA
2021-02-02,13.5180025100708,13.533208177107893,13.247527071774433,13.360454111923822,220440000,60.6145854512798,54.45270850086819,52.89624627750248,13.26943826675415,13.216020908355713,13.21878472328186,11.51196990251541,13.259287544695457,13.24947160026597,13.238551986880427,13.188840341104939,12.937021822931229,13.696453533195163,13.266756704567673,12.837059875940186,29828688000,0.013754651335554868,0.018841327108410164,-0.005086675772855296,63.29339361099919,38.773775070725044,NVDA
2021-02-03,13.491825103759766,13.891928064775945,13.477865181936796,13.597022814369032,245408000,59.34039248126447,53.993000463910654,52.627132193304526,13.275707721710205,13.21789987564087,13.230973625183106,11.543687908649444,13.310962557820858,13.271503736947224,13.25302473641639,13.199661225485467,12.949350784727418,13.703196000284969,13.28654514669237,12.86989429309977,29583280000,0.031329835176213905,0.021339028721970913,0.009990806454242992,61.11567320596456,53.72604298728496,NVDA
2021-02-04,13.625194549560547,13.634417798850047,13.299627828583862,13.492325175349118,201340000,63.970842027369905,56.029742535574364,53.876999795072585,13.328045225143432,13.229474010467529,13.245964069366455,11.57825670003891,13.380791889318566,13.303657447184797,13.27429158288177,13.214858844202434,12.964369535057042,13.713927155332433,13.298261575235772,12.882595995139113,29784620000,0.055381689016382296,0.02814756078085319,0.027234128235529106,72.21078935603498,65.53995205766627,NVDA
2021-02-05,13.552153587341309,13.6979862959355,13.50703298248736,13.68577136233769,169152000,59.5164505519481,54.60403103984993,53.07524487191565,13.340360021591186,13.238545608520507,13.2531689453125,11.6103884100914,13.418872266656953,13.326248005380844,13.29016941170803,13.226905085028822,12.97743140288558,13.730166397478126,13.33669903336053,12.943231669242937,29615468000,0.06776797422390679,0.03607164346946391,0.03169633075444288,66.13445039646642,66.48697098615536,NVDA
2021-02-08,14.397481918334961,14.43238173036447,13.68801533625432,13.68801533625432,434624000,79.41909927170983,65.53454652159208,60.23507185545932,13.398294067382812,13.26815731048584,13.267643337249757,11.647013218402863,13.636341078140955,13.423632906558492,13.353444412086711,13.26871140050404,13.008988081006677,13.790268069677614,13.384680680103688,12.979093290529761,30050092000,0.14413364317831068,0.05768404341123327,0.08644959976707742,97.91667899806829,78.7539729168566,NVDA
2021-02-09,14.222482681274414,14.541567742930555,14.181848652102182,14.299760559735732,287560000,70.7752766281711,62.195826431609454,58.309517225711275,13.430289840698242,13.288746490478516,13.285117721557617,11.682068257331848,13.766594767726168,13.496255613350849,13.40310374175458,13.302774660531554,13.035954627679294,13.842095772410316,13.437374922534543,13.032654072658767,29762532000,0.1883616937539614,0.08381957347977889,0.1045421202741825,82.11794422771041,82.05635787408174,NVDA
2021-02-10,14.722051620483398,14.862399269875676,14.300510375245974,14.421912275901287,485352000,78.71220004014485,67.31502346611286,61.94057426275187,13.49408221244812,13.318798713684082,13.308096179962158,11.718688542842864,13.97891851278333,13.607691613999261,13.478472191967656,13.353463123386978,13.073423449741606,13.888957469395844,13.485898559102752,13.08283964880966,30247884000,0.26071838159196403,0.11919933510221593,0.1415190464897481,93.33334502390015,91.12265608322632,NVDA
2021-02-11,15.207159042358398,15.22859817563987,14.882340720231461,14.937432968957507,450828000,83.82957242430281,71.36936435682117,65.0323647467642,13.579786586761475,13.355756969451905,13.338659563064574,11.758446576595306,14.251860852688901,13.753097743850091,13.57725429770427,13.419666549064528,13.120839796244201,13.962983493756745,13.562880399045923,13.162777304335101,30698712000,0.35313497259362414,0.1659864626004976,0.18714850999312654,99.13251667579635,91.52793530913567,NVDA
2021-02-12,14.918487548828125,15.247544255487185,14.732769210253142,15.006983766434686,374756000,71.5478312526029,66.11385035015218,61.903860876197726,13.667584991455078,13.387171020507813,13.363066558837891,11.795877220630645,14.40000011849762,13.859042271575367,13.65389619776849,13.473195870484657,13.1607875240794,14.047099628135015,13.633879329995315,13.220659031855616,30323956000,0.3984888780529836,0.2124869456909948,0.1860019323619888,86.7867996992914,93.08422046632933,NVDA
2021-02-16,15.286430358886719,15.328560224455654,14.907267274456522,15.021190889000872,321960000,76.75645241455493,69.22462029343043,64.19887519099268,13.790769290924072,13.422863731384277,13.389951801300048,11.835917060375214,14.596984616361864,13.988804824967307,13.747183864118101,13.537954245070445,13.208024031519562,14.137032325647521,13.723657658244132,13.310282990840742,30645916000,0.458832944066522,0.26175614536610026,0.19707679870042172,98.3615850006586,94.76030045858215,NVDA
2021-02-17,14.863391876220703,15.179984428092627,14.737751639451629,15.12763377471902,274756000,61.27898895086597,62.159239107316175,59.86401601674633,13.884537887573241,13.452977352142334,13.41773048400879,11.875024576187133,14.656186229663827,14.068312738717616,13.810967179095393,13.58529130332581,13.24480998362403,14.228460621851712,13.816664714750463,13.404868807649212,30371160000,0.4671355334192526,0.30283202297673073,0.1643035104425219,81.11137178472949,88.75325216155984,NVDA
2021-02-18,14.786614418029785,14.830737473228302,14.533339769901213,14.686899869828187,233868000,58.701088466001686,60.94349846792516,59.10675827011435,13.957491207122803,13.478319702148438,13.442505922317505,11.912688603401184,14.685170271522928,14.133612891382358,13.866718449891643,13.628195700279523,13.279072304388603,14.314859800729344,13.900772832373036,13.486685864016735,30137292000,0.462192231735429,0.3347040647284704,0.12748816700695859,77.99374594327986,85.82223424288935,NVDA
2021-02-19,14.883837699890137,15.133621451996458,14.804315578862303,14.98155717225238,271724000,61.18250598770338,61.958152704115435,59.78029069126678,14.01028995513916,13.504639301300049,13.463012676239014,11.95053368806839,14.729318588937863,14.201815146701247,13.924839549891557,13.673040057408475,13.314733757621969,14.393471801134048,13.98145033754017,13.569428873946295,30409016000,0.4608078300320013,0.3599248177891766,0.1008830122428247,81.94159500028638,80.34890424276529,NVDA
2021-02-22,14.314716339111328,15.089994124865994,14.284053959471905,14.732518363727369,325884000,43.02377167618118,53.23900634547358,54.306381406160156,14.042360544204712,13.524696769714355,13.476220827102662,11.985028903484345,14.637184755643077,14.212078891465799,13.947118223561258,13.69595706746929,13.336955592766177,14.439059346685767,14.024093929547462,13.609128512409152,30083132000,0.40907181894830735,0.36975421802100283,0.03931760092730452,51.28170428048776,70.40568174135137,NVDA
2021-02-23,14.101579666137695,14.198053394853817,13.35122992204336,14.035019925437572,391780000,37.96056636345495,50.37964781926552,52.426840799873936,14.066728353500366,13.548852615356445,13.485396099090575,12.01757688999176,14.518161402419658,14.202033507345062,13.955944591708482,13.710443588850305,13.3539472388411,14.478517806029535,14.033412571658747,13.588307337287961,29691352000,0.34687376434126627,0.3651781272850555,-0.018304362943789232,39.52580377668279,57.583034352485676,NVDA
2021-02-24,14.457555770874023,14.465284128044166,13.716679525715865,14.082381925555026,448320000,49.80074468367101,54.750809167073,55.13795453934666,14.119763708114624,13.57930030822754,13.495093221664428,12.050954730510712,14.504693484298405,14.225262804029512,13.984608087660797,13.737126166779724,13.378471872886275,14.518399534010769,14.065756358719051,13.613113183427334,30139672000,0.32258707162991485,0.35665991615402737,-0.03407284452411252,57.07079963069065,49.2927692292871,NVDA
2021-02-25,13.269463539123535,14.3336633080336,13.178474888234955,14.005354056686674,824436000,28.225869163051357,41.584075775680525,45.99246606304178,14.139195537567138,13.585168476104736,13.492072086334229,12.077132041454314,14.230197940926214,14.138371961765332,13.943742684887239,13.720423930077718,13.376049465469324,14.568015260503149,14.072578091034567,13.57714092156598,29315236000,0.20510624179756576,0.32634918128273505,-0.12124293948516929,4.231862305917337,33.60948857109696,NVDA
2021-02-26,13.675302505493164,13.814901757699483,13.322812491775041,13.713193051843033,500932000,39.04953377899278,46.3318734683696,49.01261090521676,14.172275876998901,13.593260307312011,13.498614435195924,12.106648421287536,14.106887844163314,14.096274738467862,13.92840324606472,13.718812450628269,13.38269953302541,14.6020329536373,14.10400797698889,13.605983000340478,29816168000,0.14310008193221968,0.28969936141263203,-0.14659927948041235,23.107344108095027,28.13666868156771,NVDA
2021-03-01,13.802186965942383,13.885199062295472,13.51451173836479,13.835341784593728,353184000,42.313292724240995,47.76139884455033,49.92783954936622,14.214754152297974,13.602857837677002,13.500641431808472,12.136911282539367,14.039176537891995,14.06953948642009,13.921190887200586,13.721790111889486,13.39202147597912,14.632837540293012,14.135168715234443,13.637499890175873,30169352000,0.10301082438771303,0.25236165400764826,-0.14935082961993523,29.00871268689987,18.782639700304113,NVDA
2021-03-02,13.367929458618164,13.880709324156625,13.357708666016107,13.86026773895251,264116000,34.685352233191,43.491626991396906,46.91469621262993,14.223192358016968,13.606123466491699,13.497388792037963,12.163755249977111,13.890010520275588,14.005756756619915,13.889575948424447,13.70915223141551,13.391486097815545,14.66117683989581,14.158700384798625,13.656223929701438,29905236000,0.035786324879543585,0.20904658818202734,-0.17326026330248376,8.811490743721897,20.309182512905632,NVDA
2021-03-03,12.768152236938477,13.41305321076399,12.76216886866683,13.38787589697503,377592000,26.70606279718747,38.387258226172506,43.154178332435194,14.185699844360352,13.595424156188965,13.485870571136475,12.185308065414429,13.640708679534008,13.893247254830694,13.825494593482393,13.675545088755616,13.377634234240498,14.66907094653065,14.153073721881924,13.637076497233195,29527644000,-0.06513574028084435,0.154210122489453,-0.21934586277029736,0.23314325222263282,12.6844488942815,NVDA
2021-03-04,12.334893226623535,12.93791536777413,12.049212120822903,12.764162806346638,573344000,22.265914052986744,35.175661681275486,40.690978355348534,14.12785325050354,13.577440719604493,13.471268329620361,12.203402152061463,13.350527467776125,13.751578706811861,13.740317372519028,13.627664665108043,13.35446221184901,14.650536809723043,14.105824244997283,13.561111680271516,28954300000,-0.17802541904666214,0.08776301418222998,-0.2657884332288921,8.711521216188201,5.918718404044277,NVDA
2021-03-05,12.425880432128906,12.514127488088242,11.64586599874504,12.514127488088242,542840000,25.391904018113607,36.3794461620965,41.42503026259063,14.067887544631958,13.560075435638428,13.45833353996277,12.221676001548767,13.14505034874341,13.631060681840683,13.665206690211022,13.584743799644501,13.333827061188563,14.604296355564342,14.037955285766957,13.471614215969575,29497140000,-0.257184730243992,0.018773465296985578,-0.2759581955409776,21.18053755150837,10.041734006639766,NVDA
2021-03-08,11.560114860534668,12.435604699983601,11.533440753468302,12.414415664202755,543112000,17.401559754032448,30.56352222716467,36.88386250460691,13.968285608291627,13.526471805572509,13.432123222351073,12.234801745414734,12.792842462474802,13.442792879903772,13.54491572851523,13.512435623247722,13.294411234507365,14.551471626449096,13.958112748258898,13.364753870068697,28954028000,-0.38533717372811793,-0.06204866250803513,-0.3232885112200828,0.7314901300095994,10.207849632568756,NVDA
2021-03-09,12.488775253295898,12.585032103241234,12.028933734894563,12.099755344603127,521824000,41.213144956095654,41.38765324114665,43.793468228685164,13.872850275039672,13.516805992126464,13.414977684020997,12.253540725708008,12.725271971546157,13.356064004757602,13.484564844216981,13.475876324320872,13.276508212702666,14.510852632645337,13.900105894698063,13.289359156750788,29475852000,-0.40726903203554876,-0.13109273641353786,-0.2761762956220109,26.535737503902553,16.149255061806873,NVDA
2021-03-10,12.436904907226562,12.947367629501878,12.426182115532276,12.808218669435043,384376000,40.431905551288374,41.00317676894007,43.51529065242688,13.78357138633728,13.506411933898926,13.398838605880737,12.270770258903504,12.661190401697358,13.272504086800236,13.424698562103243,13.43877020228179,13.257850361469862,14.425503950532406,13.825384873544206,13.225265796556005,29091476000,-0.4239486747601706,-0.18966392408286442,-0.2342847506773062,25.094966875624316,17.454064836512188,NVDA
2021-03-11,12.960830688476562,13.013448647123326,12.702482057463122,12.917440112160783,299916000,51.561324966285305,46.41764796453634,47.065909186256995,13.695510339736938,13.508365993499757,13.389187355041503,12.292155900001525,12.727777132092736,13.244170141498083,13.398191826467432,13.421700933931604,13.251249924292232,14.355418312647506,13.75762078333398,13.159823254020457,29391392000,-0.39039079776652486,-0.22980929881959655,-0.1605814989469283,40.13407886656598,30.588261082030982,NVDA
2021-03-12,12.823678016662598,12.856345807578716,12.55834698640387,12.616450011981625,243964000,48.702883985714315,45.24697350918861,46.269912151036735,13.576336288452149,13.50671443939209,13.379744577407838,12.313814516067504,12.749088439774928,13.205943584694857,13.365362465907154,13.400342972600567,13.241748326344906,14.253223698753468,13.667992363413983,13.082761028074499,29147428000,-0.3705910696937966,-0.2579656529944366,-0.11262541669936005,44.00771454515194,36.41225342911411,NVDA
2021-03-15,13.158087730407715,13.173548832704668,12.735153857472499,12.83240859533205,221988000,55.86220238652473,48.647703686518945,48.49052029252432,13.488316297531128,13.507712650299073,13.376773500442505,12.337335696220398,12.839977171026659,13.201593052486935,13.353518195307185,13.391690999665109,13.239889201990746,14.158384096242777,13.568765259959301,12.979146423675832,29369416000,-0.32417864381448247,-0.27120825115844577,-0.0529703926560367,55.4138393281136,46.51854424661054,NVDA
2021-03-16,13.25783634185791,13.478529706057202,13.083774566485411,13.322921749363832,272128000,57.96224203577185,49.65222007959079,49.14593052738018,13.386886596679688,13.512515640258789,13.373327102661133,12.359420700073242,12.932834764544715,13.206706078793387,13.348050660824368,13.386910476171995,13.240288027321126,14.072055205494289,13.488151602813778,12.904248000133272,29641544000,-0.2761641343766641,-0.27219942780208944,-0.00396470657457465,61.580662064815805,53.66740531269382,NVDA
2021-03-17,13.307709693908691,13.419427631953024,12.956843642184772,13.006967363859617,243864000,59.12898503635489,50.176995465764314,49.481930818953906,13.309102487564086,13.517149467468261,13.371583099365234,12.382099962234497,13.016140304403375,13.21588822562205,13.345745462714902,13.384081876805448,13.241786286578629,13.981350383741196,13.395480541071679,12.809610698402164,29885408000,-0.23142025833584334,-0.26404359390884025,0.0326233355729969,75.44435726157693,64.14628621816881,NVDA
2021-03-18,12.690513610839844,13.15085349936061,12.685027598463575,13.103473263809228,293896000,41.87114766171563,44.05704654201879,45.58522348997957,13.20429744720459,13.503631019592286,13.365299472808838,12.401598620414735,12.943778816944812,13.168126897005486,13.308303642607754,13.35931158159239,13.229535782673322,13.883192385354956,13.296199061149439,12.709205736943927,29591512000,-0.24296226227133744,-0.2598273275813397,0.01686506531000226,49.20033036679599,62.075116564396275,NVDA
2021-03-19,12.81345272064209,12.889012617997281,12.580789498998723,12.717943602495817,299208000,45.662007165664576,45.48338826804,46.46318552217955,13.100778198242187,13.508331184387208,13.357959985733032,12.421989636421204,12.914817462210873,13.135883790063358,13.280026447066858,13.339816622272735,13.22028949240596,13.790573963505643,13.203065143315774,12.6155563231259,29890720000,-0.23942923366367985,-0.2557477087978077,0.016318475134127874,54.53197742934172,59.72555501923824,NVDA
2021-03-22,13.15310001373291,13.36082652698952,12.874302658257664,12.880288091985491,297804000,55.32167445849434,49.32731326555201,48.84700414395108,13.042697381973266,13.505276031494141,13.358492803573608,12.444073905944824,12.967769140326881,13.137448901306046,13.272773508019203,13.333148171967741,13.218796392879891,13.71181378025206,13.11681838884325,12.52182299743444,30188524000,-0.20683828207307187,-0.24596582345286055,0.03912754137978869,83.26916144934415,62.33382308182732,NVDA
2021-03-23,13.037887573242188,13.310948660290906,12.988511562612349,13.220925552884216,222048000,51.58861498455539,48.08867425143459,48.087673681301084,12.98951277732849,13.501257762908935,13.355326547622681,12.464817261695861,12.983351014308061,13.128397871482058,13.259351454603372,13.322603150584685,13.214776196887943,13.619719719451263,13.047748283647953,12.475776847844646,29966476000,-0.18813766531532394,-0.23440019182535324,0.046262526510029295,77.34591355174155,71.71568414347584,NVDA
2021-03-24,12.611213684082031,13.126166380625975,12.604979968071678,13.118186120651787,245840000,39.687212864906876,43.71112856636479,45.35777530071469,12.897195672988891,13.48183069229126,13.35556679725647,12.48400025844574,12.900653829813388,13.081381127172964,13.222315010573581,13.297196383923877,13.201363696603366,13.551697272927077,12.995232363802632,12.438767454678189,29720636000,-0.2053788294943626,-0.22859591935915513,0.02321708986479254,55.40995588809556,72.00834362972712,NVDA
2021-03-25,12.503734588623047,12.682783882467008,12.241147031908534,12.46807503156729,295144000,37.1000267826865,42.65771693197998,44.68965782149251,12.858909225463867,13.462981300354004,13.350774755477905,12.501445016860963,12.81244955399331,13.028867805486607,13.181253272176408,13.268858462663134,13.185860827537136,13.454351920912078,12.912504523776672,12.370657126641268,29425492000,-0.22512019560293695,-0.2279007746079115,0.002780579004974554,49.88429109441451,60.88005351141723,NVDA
2021-03-26,12.80696964263916,12.823927099731126,12.342390872874107,12.522935565816912,363968000,48.472454150054986,46.57000906642227,46.99267681045907,12.815492582321166,13.449259262084961,13.353899602890015,12.518807725906372,12.81123179591461,13.008695245227747,13.15986563620285,13.252362433376565,13.177441023428292,13.377696830452196,12.867928109171155,12.358159387890112,29789460000,-0.21383191464850704,-0.22508700261603062,0.011255087967523586,53.672604175395044,52.988950385968394,NVDA
2021-03-29,12.915695190429688,13.029658124517944,12.668069335591795,12.78801675063455,273520000,52.19157740970836,47.94147504332729,47.80730281497175,12.771167993545532,13.444322776794433,13.357645692825317,12.53955671787262,12.834445883584628,13.00024069479156,13.145913039301528,13.240338603271319,13.171624449361655,13.336568329889923,12.833013917037372,12.329459504184822,30062980000,-0.1938777258758666,-0.21884514726799784,0.024967421392131234,54.5141105184174,52.69033526274234,NVDA
2021-03-30,12.839390754699707,12.942630924656342,12.673060003954117,12.809715674519502,200204000,49.200873921576346,47.02910809469781,47.27424983202792,12.744741058349609,13.444655704498292,13.356255102157593,12.559245290756225,12.835544743832424,12.985617972965027,13.128397480181423,13.226019037250905,13.164241478369167,13.288153007779163,12.789413661747014,12.290674315714867,29862776000,-0.18212163295409844,-0.21150044440521798,0.029378811451119535,48.34751086221332,52.17807518534195,NVDA
2021-03-31,13.314692497253418,13.436634761447108,12.949861691430945,12.982778720855652,314776000,64.4344859805494,53.0259238309434,50.84353736529878,12.772068071365357,13.451189155578612,13.351894454956055,12.580108299255372,12.942022022370422,13.015533838809427,13.139042909728394,13.22918594653671,13.167584834344371,13.27206028931833,12.7750460665302,12.278031843742069,30177552000,-0.13291975011419588,-0.19578430554701357,0.06286455543281769,86.75937426418989,63.20699854827357,NVDA
2021-04-01,13.77702522277832,13.835128246846539,13.477279865489436,13.53812732257779,308276000,73.65588380951834,58.00604705318513,54.00957842127524,12.844174671173096,13.460178699493408,13.348511171340942,12.603807406425476,13.127578289127733,13.084760328261144,13.175499041902675,13.24875163497391,13.181127954087348,13.292170624818725,12.809110495399166,12.326050365979611,30485828000,-0.055975268358846364,-0.16782249810938013,0.11184722975053377,96.35484888255233,77.15391133631854,NVDA
2021-04-05,13.952332496643066,13.97876561859769,13.698471978264806,13.832634317551104,255672000,76.43588710395485,59.74862627757695,55.15457584997292,12.920497274398803,13.46266809463501,13.342873601913452,12.627548432350158,13.310857001908918,13.163630525386772,13.219889525030696,13.273879522890667,13.198265832810808,13.331572538444597,12.877484295054481,12.423396051664373,30741500000,0.01893139040003966,-0.1304717204074962,0.14940311080753585,98.47877306578606,93.86433207084279,NVDA
2021-04-06,13.826650619506836,14.018916004314782,13.738872514596373,13.964553395548302,191744000,70.07417999943749,57.89383311945003,54.14423658142947,13.033824062347412,13.465735015869141,13.34526237487793,12.650750737190247,13.425477805819565,13.223905079397685,13.254561587572189,13.293621347769816,13.21222993918183,13.38290446258081,12.956826600125211,12.530748737669612,30549756000,0.06737729648915547,-0.09090191702816586,0.15827921351732133,89.18501853771748,94.67288016201866,NVDA
2021-04-07,14.107943534851074,14.207691563848941,13.677029424056386,13.845853464933775,251284000,75.54149039707559,60.82504295077517,56.02894370967647,13.114782476425171,13.47560941696167,13.35904441833496,12.675144014358521,13.577136856715455,13.304272211711629,13.303326270273839,13.32270428302272,13.232134685752257,13.467809205257026,13.05942190502632,12.651034604795614,30801040000,0.12700497916205755,-0.04732053779012117,0.17432551695217874,94.92775132330999,94.19718097560455,NVDA
2021-04-08,14.281007766723633,14.435119364750422,14.213177925757599,14.216919297413037,244416000,78.44843204883767,62.552309826725796,57.16144432123205,13.206987619400024,13.493292598724365,13.368097515106202,12.699079685211181,13.73355261449505,13.393066353076355,13.359193784356684,13.35692940744061,13.25544297644051,13.544382112840175,13.151907047340606,12.759431981841036,31045456000,0.18608016808180494,-0.0006403966157359497,0.1867205646975409,92.9756817932537,92.36281721809375,NVDA
2021-04-09,14.363795280456543,14.371775539835284,14.13936154401989,14.178263049209333,195172000,79.82488422822433,63.38400458608639,57.70621134858929,13.277135848999023,13.522951965332032,13.377592220306397,12.723811717033387,13.87360654026427,13.481314437383645,13.416599584133818,13.392888902905465,13.280073027640865,13.611019623278088,13.232295582452526,12.853571541626964,31240628000,0.23684770843828673,0.04685722439506859,0.18999048404321814,96.74908916460711,94.88417409372363,NVDA
2021-04-12,15.170762062072754,15.313901610057965,14.103701731984685,14.253823650541044,869324000,88.45194847347153,70.30666992119157,62.55828811404966,13.394490051269532,13.566093292236328,13.39674906730652,12.753647379875183,14.161863322888378,13.634900585082654,13.516837440016042,13.456384372875725,13.322088339517128,13.747675240362081,13.326130566754944,12.904585893147809,32109952000,0.3382971461862443,0.10514520875330374,0.23315193743294055,95.34165373951157,95.02214156579083,NVDA
2021-04-13,15.640079498291016,15.660528141496703,15.087721653634365,15.193205869262812,676212000,91.10612731600165,73.45047080231168,64.99968934288901,13.518589639663697,13.61984245300293,13.418423452377318,12.784561524391174,14.490355806311186,13.817189577192504,13.638165557631755,13.5343734844977,13.373599254156549,13.890125740089688,13.45549498711648,13.020864234143275,32786164000,0.4513635137362577,0.17438886974989454,0.2769746439863632,99.40197823669469,97.16424038027115,NVDA
2021-04-14,15.238592147827148,15.6809766998769,15.189216132761569,15.585716806366602,385500000,73.71383262918064,66.92277473799146,61.417987925517984,13.617627429962159,13.660630989074708,13.43701005935669,12.815137457847595,14.65663054887029,13.946407992704744,13.72961850564292,13.595238436759466,13.415043540682563,14.004444650177469,13.56727267854316,13.130100706908852,32400664000,0.5027770499422992,0.2400665057883755,0.2627105441539237,87.13934715520278,93.96099304380306,NVDA
2021-04-15,16.0966796875,16.17348576432492,15.592200556342737,15.623122755169474,598480000,82.35365801832631,72.53987593950917,65.64759591395665,13.757075929641724,13.712204532623291,13.464112720489503,12.849779591560363,14.97664146856578,14.14188723768613,13.864879144606181,13.684575624285912,13.474635455056282,14.140981405717124,13.694927049872799,13.248872694028469,32999144000,0.6057800851780009,0.3132092216663006,0.29257086351170025,97.99519252325715,94.84550597171824,NVDA
2021-04-16,15.8724946975708,16.125108122447834,15.82536274319291,16.0126405831472,335208000,74.6601768850155,69.23199664475206,63.73905721044476,13.916174983978271,13.759817924499512,13.488858900070191,12.881817197799682,15.175719963900228,14.299215188584737,13.979600033347017,13.762715591188943,13.52792121600105,14.262417417838156,13.824117281542081,13.38581714524601,32663936000,0.6616932892551795,0.3829060351840764,0.27878725407110305,91.41354321595114,92.18269429813705,NVDA
2021-04-19,15.323127746582031,15.767757295505456,15.194701596936312,15.497438724293298,404420000,58.57024274452509,61.79546957435819,59.320806602762,14.041658735275268,13.793776588439941,13.511625299453735,12.910947270393372,15.20847724894063,14.392298148402672,14.056373045531876,13.818444596738697,13.567814694458404,14.390685375352064,13.947279058214463,13.503872741076858,32259516000,0.6541351221227476,0.43715185257181066,0.21698326955093694,75.70701177639576,88.37191583853472,NVDA
2021-04-20,15.133106231689453,15.45803661793701,14.925379775783004,15.284723542634095,334132000,53.761229868465854,59.41804580409967,57.87021483997996,14.140659046173095,13.825395641326905,13.531970624923707,12.938717398643494,15.191728133995923,14.459644337792378,14.117900656169452,13.865396797986937,13.602598950841315,14.516186469911393,14.062092832623529,13.607999195335667,31925384000,0.6256005384563608,0.4748415897487207,0.15075894870764006,67.7264001909045,78.28231839441717,NVDA
2021-04-21,15.321884155273438,15.323878982694655,15.064283157882592,15.080741197565226,216776000,57.883711098082614,61.022392605947736,58.913705856071616,14.254858875274659,13.843883686065674,13.556020498275757,12.966300344467163,15.220651694279816,14.538029775745201,14.186699713261108,13.917414203604313,13.640805288717585,14.605726675706808,14.162439135748462,13.719151595790114,32142160000,0.6111742398759343,0.5021081197741635,0.10906612010177086,68.41481544791158,70.61607580507065,NVDA
2021-04-22,14.81291389465332,15.399685082246794,14.746331191725861,15.336344329965497,277788000,44.92497362260142,54.73907988516396,55.06908359112061,14.364943885803223,13.855692310333252,13.572219400405883,12.991176505088806,15.130043294362817,14.563019241100484,14.222483380769233,13.949396335427492,13.666852146627267,14.710716084452962,14.251670601978311,13.792625119503658,31864372000,0.5523050194586006,0.5121474997110509,0.040157519747549664,45.49987325132841,60.54702963004819,NVDA
2021-04-23,15.2268705368042,15.296445004947893,14.862788442781444,14.896702404932322,227500000,54.80093662644282,58.48336349473623,57.43117448976526,14.50110068321228,13.865788688659668,13.592293701171876,13.01640712738037,15.151560459349792,14.62336935889173,14.27987693254266,13.995020414048088,13.701519221964533,14.818353455890904,14.36347606152996,13.908598667169015,32091872000,0.532910518853539,0.5163001035395485,0.016610415313990545,62.081642997253596,58.66544389883123,NVDA
2021-04-26,15.439087867736816,15.44008575706988,15.086975624680411,15.146825202745054,197796000,59.291651327708415,60.29671691008291,58.59773319076276,14.632706594467162,13.870427265167237,13.61309211730957,13.041238894462586,15.215455438991352,14.697525586968556,14.346117557410897,14.046594251679828,13.74013185853725,14.949669385922356,14.49900754956946,14.048345713216563,32289668000,0.5285713608031326,0.5187543549922653,0.009817005810867308,70.58238573044275,59.38796732634162,NVDA
2021-04-27,15.343079566955566,15.63110332965213,15.31589778572029,15.539334614946952,164572000,56.25724542579377,59.04033485835888,57.84794950055414,14.754075813293458,13.878919105529786,13.633045063018798,13.065738844871522,15.243816356316733,14.75621231242192,14.403086815099163,14.092897298653963,13.775752918724322,15.07376146557804,14.631020137935863,14.188278810293692,32125096000,0.5114893484699436,0.5173013536878011,-0.005812005217857408,59.87957272863677,64.1812004854444,NVDA
2021-04-28,15.238341331481934,15.49319975361543,15.177245590486669,15.325871147226541,209416000,52.72482039767408,57.62957013674749,57.0158931682498,14.874023342132569,13.87795732498169,13.650410528182983,13.091842746734619,15.242599684131221,14.800042223245558,14.450815644606749,14.133806014112103,13.80825488345227,15.187387817128078,14.746819566904827,14.306251316681577,31915680000,0.4839218801543641,0.5106254589811137,-0.026703578826749563,54.819226632758884,61.760395030612834,NVDA
2021-04-29,15.286223411560059,15.397692121161322,15.033609962175067,15.361283905262697,173196000,54.29905225815417,58.12222392674902,57.309367592881905,14.9725998878479,13.886413955688477,13.669695653915404,13.116567916870117,15.252293845782074,14.84424051309233,14.498553231289794,14.174963778306674,13.84109862852133,15.307165238182657,14.862096452803025,14.417027667423389,32088876000,0.46062831016799777,0.5006260292184905,-0.039997719050492764,57.132611958472616,57.277137106622796,NVDA
2021-04-30,14.971766471862793,15.32637298459857,14.959298086448696,15.136352583925474,201912000,43.01171110818462,53.7057788344251,54.74319521789244,15.032336950302124,13.890116996765137,13.684218349456787,13.140466961860657,15.189954429355566,14.855833782071462,14.525593987893965,14.203421017362249,13.866224580595583,15.389659747344236,14.950290874910618,14.510922002476999,31886964000,0.4120441526225669,0.4829096538993058,-0.07086550127673891,15.796136204530445,42.58265826525402,NVDA
2021-05-03,14.799449920654297,15.208419014072376,14.75032408695121,15.086975219605257,203912000,37.839336500105254,51.40088105698667,53.37401367032233,15.074692821502685,13.88842924118042,13.696534271240234,13.163965320587158,15.103175649644173,14.850707976488085,14.541242898337412,14.224707763908395,13.886962921485777,15.452667673119725,15.008525155649725,14.564382638179719,31683052000,0.3555379321971497,0.45743530955887457,-0.10189737736172488,3.7220025040243816,25.550250222342513,NVDA
2021-05-04,14.315168380737305,14.600698817066128,13.975026104461781,14.600449582589548,405324000,26.92117652425749,45.49180688845144,49.72025139938578,15.099118709564209,13.88843828201294,13.706567525863647,13.1847096824646,14.928062923220425,14.802022558692558,14.528324354474549,14.227938500223713,13.896478598358032,15.48913529892249,15.02854615896337,14.567957019004249,31277728000,0.26858281691665375,0.4196648110304304,-0.15108199411377665,15.4718452417134,11.663327983422775,NVDA
2021-05-05,14.422149658203125,14.776257644037008,14.351328061036348,14.672019599835691,292024000,32.11370801904377,46.94287285687126,50.50279070037714,15.11482901573181,13.894849681854248,13.721851148605346,13.204448051452637,14.815637753216581,14.767488658648062,14.522257228973325,14.234874613008692,13.9081601774657,15.527229814870193,15.059741337135724,14.592252859401261,31569752000,0.20592893600280782,0.3769176360249059,-0.1709887000220981,20.795651049635644,13.329832931791174,NVDA
2021-05-06,14.486490249633789,14.534619151343472,14.182257639041966,14.45880999541494,193380000,35.42509461349239,47.84217737756159,50.98246554953668,15.12510313987732,13.895428371429443,13.737364339828492,13.225416221618651,14.742493863531516,14.741943348737674,14.520213401582494,14.243860885745304,13.921011956847211,15.537956809073204,15.078958837409738,14.619960865746277,31763132000,0.15962695185676523,0.3334594991912778,-0.1738325473345126,28.529884888891157,21.599127060080104,NVDA
2021-05-07,14.775012016296387,14.933113264389581,14.634865165982426,14.77102236151806,229328000,48.85090557198921,51.78849428853805,53.112665956102546,15.145663976669312,13.9255393409729,13.755353908538819,13.247277636528015,14.749720119701486,14.74494959124301,14.534773322423288,14.262830568979272,13.93998973594608,15.564029910147482,15.101398288035718,14.638766665923951,31992460000,0.1445473393751815,0.29567706722805853,-0.15112972785287704,48.30607532463686,32.543870421054585,NVDA
2021-05-10,14.22988510131836,14.768776709960429,14.214174766121413,14.750073658170713,268904000,33.20059635914896,44.87937030430079,48.913865966983586,15.098620128631591,13.936630992889404,13.764945650100708,13.26795310974121,14.634201226727459,14.698125546704405,14.517351138360148,14.26165394513424,13.946431855176574,15.584735752324615,15.10676184697363,14.628787941622647,31723556000,0.08759965729734631,0.25406158524191613,-0.16646192794456982,15.389318383222435,30.74175953225018,NVDA
2021-05-11,14.270283699035645,14.318661830890395,13.715432492355607,13.790243752058554,285584000,35.051025723992865,45.46007797532015,49.224859985653644,15.030130338668823,13.94599292755127,13.774425382614135,13.288507933616637,14.553330665018166,14.659230833279972,14.503232998970176,14.261962150630719,13.953628562817887,15.51957862533336,15.070508079008018,14.621437532682673,32009140000,0.045206920931219585,0.21229065237977685,-0.16708373144855726,28.963807136254566,30.88640028137132,NVDA
2021-05-12,13.723909378051758,14.224397903406471,13.674783549250568,13.974277782332045,303408000,24.180156535828345,39.412444798962184,45.32361946099811,14.954396200180053,13.953112525939941,13.779617996215821,13.305199794769287,14.369014823470074,14.574201610077406,14.458700220631982,14.242745980181471,13.948523692045306,15.442835532256652,14.994869373250662,14.546903214244676,31705732000,-0.03210735591196645,0.1634110507214282,-0.19551840663339465,2.5111349020406983,15.621420140505933,NVDA
2021-05-13,13.630894660949707,14.045350711147945,13.425162994144586,13.998467988858465,285404000,22.739416918884658,38.47408448483781,44.6932048353911,14.83110694885254,13.970367374420166,13.782895765304566,13.322453026771546,14.20498812068777,14.488446432883979,14.411397045792993,14.220894147351766,13.94146526913207,15.36946894234301,14.915387204770928,14.46130546719884,31420328000,-0.09973530117431828,0.11078178034227891,-0.2105170815165972,9.326257083820295,13.600399707371887,NVDA
2021-05-14,14.207192420959473,14.291978764788404,13.713935458707894,13.855080192512533,258616000,46.458331052847896,46.90826882050937,49.26425661589361,14.747841835021973,14.007813358306885,13.792627038955688,13.341342077255248,14.205477965192593,14.462877886345389,14.39972821008822,14.220404799980614,13.947370316950458,15.279643782511,14.825716421219944,14.37178905992889,31678944000,-0.10561110306086086,0.06750320366165097,-0.17311430672251182,35.451068835683515,15.762820273848204,NVDA
2021-05-17,14.12988567352295,14.133626093303139,13.818670761725361,14.12140694475875,216980000,44.27055192953748,45.997363792930884,48.69978730249731,14.688179731369019,14.041893463134766,13.800984449386597,13.359104633331299,14.188679678154895,14.432605866997894,14.384308636570205,14.217171974035697,13.95142621376318,15.189244525722245,14.734592880987245,14.279941236252244,31461964000,-0.11517802623686713,0.03096695768194735,-0.14614498391881448,34.07689327334217,26.28473973094869,NVDA
2021-05-18,13.980513572692871,14.368037075620663,13.96879289213659,14.231132182866967,186256000,39.91259287596922,44.21091738751874,47.598107638013516,14.630550098419189,14.09030143737793,13.80838662147522,13.37611659526825,14.142420543607779,14.391506567515618,14.361234632920072,14.208719888273453,13.952072599517173,15.117979801217023,14.6716048952956,14.225229989374172,31275708000,-0.13327663191121708,-0.0018817602366855354,-0.13139487167453154,28.154239698766865,32.560733935930884,NVDA
2021-05-19,14.030387878417969,14.04410338609354,13.509201440576488,13.532392615609274,344000000,42.192620514022515,44.979295968533116,48.00866305166517,14.565975284576416,14.121133689880372,13.818969841003417,13.391407270431518,14.117524395787822,14.358677595779469,14.342329104091379,14.202350887921472,13.953812939048301,15.055660839149843,14.609179023544465,14.162697207939086,31619708000,-0.14195905206078585,-0.029897218601505602,-0.11206183345928025,31.833668417072804,31.35493379639398,NVDA
2021-05-20,14.575763702392578,14.646834538609415,14.234623498296415,14.266542637893258,321592000,61.40815457126759,52.65782360614219,52.282578754680586,14.554117774963379,14.163910865783691,13.835161399841308,13.408341069221496,14.2193553528111,14.37841269638066,14.355668223994304,14.215687059866868,13.967634067122617,15.027169110418898,14.573419903599188,14.119670696779481,31941300000,-0.10363798727901674,-0.044645372337007834,-0.05899261494200891,64.52246314550973,41.503457087116495,NVDA
2021-05-21,14.954057693481445,15.183729159487287,14.8321154486356,15.125625184737823,672992000,69.77180992186308,57.12724631719125,54.967081056089846,14.54047713279724,14.203775405883789,13.856070699691772,13.426872353553772,14.382622539626732,14.430744059753458,14.389861907964997,14.242057439638819,13.989554592152814,15.012974691275573,14.573594064440115,14.134213437604656,32614292000,-0.04225600290696363,-0.044167498450998995,0.0019114955440353645,86.93984505490106,61.09865887249456,NVDA
2021-05-24,15.57275104522705,15.705416097601091,15.137846351089925,15.1742545652697,554816000,78.79217281422765,63.23966823404847,58.91875890267616,14.547160291671753,14.258756866455078,13.882735652923584,13.448254199028016,14.647095540871248,14.534562876614693,14.4574555729514,14.289582211266971,14.024736735554464,15.035699279567936,14.589941834430347,14.144184389292759,33169108000,0.05567130069081294,-0.02419973862263661,0.07987103931344955,94.18200320951472,81.88143713664186,NVDA
2021-05-25,15.608409881591797,15.778730264045185,15.44357551176999,15.726362482639168,435408000,79.22102627870089,63.56211756255003,59.13483244465919,14.560426807403564,14.30776330947876,13.907737979888916,13.47049199104309,14.86072094992026,14.632185331612613,14.523224390587993,14.336683199492857,14.05992947213307,15.048567537783445,14.603665110746537,14.158762683709627,33604516000,0.1346051203627141,0.007561233174433531,0.12704388718828058,92.76330935462994,91.29505253968193,NVDA
2021-05-26,15.660527229309082,15.754041525206162,15.547063711617795,15.69469137749072,370440000,79.93272713477839,64.05834406967591,59.460635584521626,14.581536102294923,14.355817127227784,13.934166383743285,13.493162274360657,15.038455678673333,14.725670958675927,14.588213124229197,14.383963343414864,14.095498311181425,15.054073388462406,14.614324662870425,14.174575937278442,33974956000,0.19907140430689374,0.04586326740092558,0.15320813690596816,94.97770740408473,93.97433998940983,NVDA
2021-05-27,15.449060440063477,15.71040181104527,15.421130958607247,15.660278094852826,581476000,68.50777547085721,60.46049394007115,57.51549123768534,14.589677953720093,14.398644142150879,13.95789680480957,13.51634479522705,15.129701181204476,14.791433638802069,14.637404399419726,14.422002525438028,14.125577469601025,15.063466350399862,14.624988258650298,14.186510166900732,33393480000,0.23044141105488514,0.08277889613171749,0.14766251492316765,85.99275966326503,91.24459214065992,NVDA
2021-05-28,16.203664779663086,16.236582769951657,15.462034939216219,15.462034939216219,644536000,80.46450720091971,67.47964313984141,62.13639127884481,14.651272869110107,14.468907165527344,13.986269092559814,13.540359263420106,15.368359758639723,14.919818287971252,14.72690499257649,14.485633320231779,14.171757187602402,15.117691017212277,14.6596669410937,14.20164286497513,34038016000,0.31258929629781207,0.1287409761649364,0.18384832013287566,98.82913286120281,93.26653330951756,NVDA
2021-06-01,16.22361183166504,16.3470514176023,15.863270065401705,16.229098796505948,472804000,80.6969815494459,67.64316033761986,62.2498607700256,14.722480964660644,14.537110347747802,14.022720766067504,13.564459762573243,15.558415774867571,15.038344973761596,14.812431097667263,14.547703981354395,14.217353957470461,15.173669035210867,14.710087508899402,14.246505982587935,34510820000,0.3749791216900302,0.1779886052699552,0.19699051642007503,95.77534908772505,93.53241387073099,NVDA
2021-06-02,16.73607063293457,16.876218447528885,16.194685654349467,16.211393881108727,594168000,85.87794081740682,71.59474862982508,65.06202227604203,14.843526077270507,14.608769760131835,14.057022895812988,13.590519642829895,15.820116854438016,15.192683670050048,14.922353356825395,14.625859933196544,14.273325439147442,15.264448325866578,14.790226901171385,14.31600547647619,35104988000,0.4604666770508459,0.23448421962613333,0.22598245742471254,95.93898688423342,96.84782294438712,NVDA
2021-06-03,16.92708396911621,17.215608058599543,16.54130706968029,16.658761189100893,580008000,87.39160874456279,72.92217018161944,66.04762467808725,14.968772792816162,14.686553688049317,14.093905725479125,13.61368293762207,16.066109546588727,15.350356424510608,15.036909391813442,14.70804650590796,14.332297850924526,15.390464050058252,14.913926993157588,14.437389936256924,35684996000,0.5374341540568484,0.29507420651227634,0.24235994754457202,92.21553058748782,94.6432888531488,NVDA
2021-06-04,17.5340576171875,17.6165979934895,17.052521354002085,17.069476909819976,617120000,91.04971812562358,76.65542051657579,68.956872758505,15.121151161193847,14.785010566711426,14.133420629501343,13.640261034965516,16.39232022894401,15.54887471475396,15.179603576120531,14.808975474167944,14.403448067952592,15.534446316262425,15.051283209052869,14.568120101843311,36302116000,0.6400312529355343,0.364065615796928,0.27596563713860633,97.99044540163864,95.38165429112,NVDA
2021-06-07,17.574705123901367,17.76771918028066,17.149528167001655,17.52707659864361,575756000,91.25364269148068,76.88525286961328,69.14199036816333,15.261135816574097,14.886429977416991,14.174705638885499,13.667651510238647,16.65507242782342,15.733041115585543,15.316466521708007,14.907751533086996,14.473920446973676,15.694542727914758,15.198721073039607,14.702899418164453,36877872000,0.7163623280577145,0.4345249582490853,0.28183736980862917,95.4675765565156,95.22451751521403,NVDA
2021-06-08,17.413110733032227,17.577196435464696,17.207627375092446,17.483183670666758,323848000,82.30731346384854,73.77557938319933,67.46978685126521,15.42029709815979,14.978552799224854,14.213906030654908,13.69422155380249,16.823525384536488,15.885774717171603,15.436274762355104,14.997228647370754,14.539235786663864,15.822620616530891,15.323402725371684,14.824184834212483,36554024000,0.7551114830492587,0.4986422632091201,0.2564692198401386,91.67296066557965,95.043660874578,NVDA
2021-06-09,17.318574905395508,17.53483058843353,17.216310173340066,17.475716134562592,381656000,77.0072887514712,71.94237310706318,66.48633087045852,15.572711658477782,15.06661039352417,14.255466585159303,13.717615766525268,16.933536389171827,16.016029279737413,15.543834770528841,15.080133870871638,14.600998878191232,15.95196402134886,15.463988107748971,14.976012194149074,36172368000,0.7693239289656404,0.5527785963604241,0.21654533260521625,87.28751453929189,91.47601725379575,NVDA
2021-06-10,17.385173797607422,17.452022006490658,17.136744250662534,17.310346354499423,287772000,78.19431681539467,72.46152430695312,66.84229463056892,15.755774879455567,15.157526054382323,14.301090879440308,13.741159868240356,17.03390025771307,16.14049696318014,15.64905414350476,15.162456725397915,14.662869431956036,16.09173715284662,15.617473219375618,15.143209285904614,36460140000,0.7770045440456315,0.5976237858974657,0.1793807581481658,86.96876630352055,88.64308050279739,NVDA
2021-06-11,17.784513473510742,17.898253261934265,17.40388509556701,17.439552830587203,416308000,84.10054023487571,75.400701615263,68.91221750430537,15.963455820083619,15.246922473907471,14.349055814743043,13.766552424430847,17.200703194557,16.289953009573832,15.771080390933673,15.256101609259087,14.732239299546139,16.271067667718643,15.799434505094718,15.32780134247079,36876448000,0.8060235238066227,0.639303733479297,0.16671979032732565,95.8796006495748,90.04529383079579,NVDA
2021-06-14,17.977567672729492,17.998270294606797,17.622382309836595,17.865076259269316,321376000,86.25956959281558,76.69562711754276,69.86306469572892,16.151974582672118,15.330933322906494,14.39555601119995,13.792795662879945,17.373339745261998,16.443372524406165,15.89716537846486,15.3532968258116,14.804357707839102,16.457796440960408,15.997796598919013,15.53779675687762,37197824000,0.8349740734281887,0.6784378014690755,0.15653627195911324,99.19668208900798,94.0150163473678,NVDA
2021-06-15,17.747846603393555,17.97507688775737,17.687485674890738,17.874058585520746,243032000,72.2502145056125,71.84890127103876,67.30225485589453,16.33287262916565,15.406843605041503,14.434755849838258,13.818611536026001,17.456563491513457,16.56196107704138,16.00291859131793,15.438816460725242,14.869768572184757,16.621700349562698,16.17553155957911,15.729362769595516,36954792000,0.8298154264504483,0.70871332646535,0.12110209998509824,90.28288118864495,95.11972130907594,NVDA
2021-06-16,17.769540786743164,17.91371123664021,17.544306809592758,17.75008652975666,307124000,72.75171770673258,72.0286716375327,67.42015824790994,16.522323989868163,15.48570140838623,14.475718212127685,13.841947355270385,17.5261140015645,16.671741050650635,16.103868431056515,15.522056615225882,14.9342079547305,16.801203898623548,16.352442294569975,15.903680690516401,37261916000,0.8180477555362273,0.7305802122795255,0.08746754325670181,91.12467437563208,93.53474588442838,NVDA
2021-06-17,18.614606857299805,18.79195023048878,17.715667091470888,17.733874892512524,809656000,85.22950742829099,77.93866062497409,71.59178090839599,16.751534938812256,15.575834674835205,14.525722045898437,13.868378658294677,17.768001302839014,16.84836521489147,16.247339198270417,15.632504838157093,15.015994597009817,17.03669592251896,16.55569436820187,16.07469281388478,38071572000,0.8669182667955724,0.757847823182735,0.10907044361283735,94.67423770046709,92.02726442158139,NVDA
2021-06-18,18.596149444580078,19.330716599231298,18.541524139406174,18.741067781626178,968856000,84.2186998953914,77.55323698267088,71.38307410432083,16.95255422592163,15.662137508392334,14.57771505355835,13.892472267150879,17.95203422322592,17.007254690317705,16.381556926630967,15.738349288386484,15.095553593622489,17.28507003396426,16.79195940753726,16.298848781110262,37102716000,0.8938553322456713,0.7850493249953223,0.10880600725034895,78.81532858590516,88.2047468873348,NVDA
2021-06-21,18.3851375579834,18.494138905663043,17.78201922276795,18.393118696833035,672384000,72.433538463865,73.10243728118179,68.97962182828184,17.124108219146727,15.742564353942871,14.63275815963745,13.91289161682129,18.04827940872758,17.132516769196403,16.496047248422535,15.832877440872089,15.168655459497176,17.477193841501755,16.969801851142275,16.462409860782795,36430332000,0.8879406281006226,0.8056275856163824,0.0823130424842402,69.847904632729,81.11249030636712,NVDA
2021-06-22,18.843584060668945,18.920409647101682,18.343978923682204,18.429284231032042,580144000,79.80226777137574,76.28662017792533,71.18340950329399,17.287649869918823,15.816020793914795,14.691057043075562,13.942237205505371,18.225013775825662,17.288068341148453,16.630192209122328,15.940402677293404,15.250320539523216,17.664694180669244,17.14659661828273,16.628499055896214,37010476000,0.9097588501031986,0.8264538385137457,0.08330501158945292,82.53635640798994,77.06652987554139,NVDA
2021-06-23,19.013694763183594,19.108977447011597,18.86453654386818,18.964308379906097,332356000,81.95058729476656,77.35772693145955,71.95627945348018,17.457914113998413,15.883493099212647,14.751667776107787,13.974392166137696,18.400276217460757,17.444943470424374,16.766392355068685,16.05016310893234,15.333951077826779,17.817103843050862,17.314393368443763,16.811682893836664,37342832000,0.9300553609884012,0.8471741430086768,0.08288121797972448,86.08451858059215,79.48959320710372,NVDA
2021-06-24,19.161609649658203,19.37561988275195,19.04462715758127,19.18380992868427,320924000,83.75366020984504,78.27655231041423,72.62373661786724,17.63296823501587,15.961953449249268,14.811292219161988,14.010823011398315,18.569461424615746,17.601004032172902,16.903261914759515,16.161286199672553,15.41901015720081,17.987558683547224,17.48504640070701,16.98253411786679,37663756000,0.9471577423865938,0.8671708628842603,0.07998687950233352,90.44117368439882,86.354016224327,NVDA
2021-06-25,18.987504959106445,19.30128697907614,18.851317522351227,19.236435003149623,278364000,73.39723763658412,74.4470383723116,70.55724741587204,17.809890460968017,16.019769954681397,14.865987243652343,14.042385983467103,18.662359987835902,17.72704957098504,17.022361517293625,16.26222258393805,15.498310041687603,18.160692841068027,17.64660952760226,17.13252621413649,37385392000,0.9358745303623976,0.8809115963798878,0.05496293398250984,82.66473947535454,86.39681058011519,NVDA
2021-06-28,19.939327239990234,20.03286298538225,19.27484893935136,19.31700206223911,495436000,85.31214976523367,80.1612502891952,74.67576916639658,17.996673583984375,16.101106605529786,14.930462265014649,14.080717945098877,18.946130488314644,17.928165722712787,17.189045272876285,16.39354775022563,15.596999312760994,18.38406864322337,17.847664225300797,17.311259807378228,37880828000,0.9922980130878756,0.9031888797214854,0.08910913336639015,96.77030695355568,89.9587400377697,NVDA
2021-06-29,19.98097801208496,20.052812050401002,19.612072127487256,19.837056837882255,367632000,85.64965072792913,80.36813506369177,74.83679709959293,18.18454189300537,16.194263610839844,14.994020099639892,14.119992084503174,19.176096604708047,18.114785021746624,17.348584286545353,16.521670259577746,15.69442106163486,18.55457905556745,18.034070252303056,17.513561449038658,38248460000,1.0285187746713724,0.9282548587114628,0.10026391595990958,97.53661288936823,92.32388643942618,NVDA
2021-06-30,19.956787109375,20.116421295455844,19.81835413049353,19.95354441508654,326568000,84.29959243862226,79.8473143515629,74.54896399552683,18.345577716827393,16.290737228393553,15.05806643486023,14.155617690086364,19.349583383522926,18.282239756985568,17.497624447849905,16.644353004213364,15.789140307140196,18.72760265332841,18.215937382789647,17.704272112250884,37921892000,1.0432460939331882,0.951253105755808,0.09199298817738022,94.11494725536251,96.1406223660955,NVDA
2021-07-01,20.165803909301758,20.409245712086076,19.973244233081605,20.079002860645495,480136000,86.50509305377892,80.99341373862669,75.40350526927264,18.50751371383667,16.387615623474122,15.115749654769898,14.191696496009827,19.530965722584888,18.453472861741584,17.650091845647154,16.770119107966522,15.88639949829934,18.886407814870182,18.386434511673084,17.88646120847599,38402028000,1.0595694523924948,0.9729163750831454,0.08665307730934935,91.50272270824158,94.38476095099081,NVDA
2021-07-02,20.440176010131836,20.458385715167392,20.241382131269432,20.39353374130317,342764000,88.95016687888307,82.40775451908029,76.48693495996724,18.652819633483887,16.50016086578369,15.177926588058472,14.231522154808044,19.733012453150877,18.634082238867972,17.80952522647485,16.90119256875814,15.987594531895617,19.03059912509413,18.55240188880281,18.074204652511487,38744792000,1.082170776010674,0.9947672552686512,0.08740352074202284,99.37511283580137,94.99759426646851,NVDA
2021-07-06,20.651187896728516,20.794359266125365,20.303734475600255,20.690098310632383,446708000,90.53314847558065,83.42904467188015,77.29119040358415,18.806643772125245,16.608647212982177,15.237217950820924,14.27265706539154,19.937051440612574,18.817455480491656,17.971905950489347,17.035120973328514,16.091229940003014,19.17862688901299,18.703927359815108,18.22922783061723,39191500000,1.1043787922946144,1.016689562673844,0.08768922962077053,95.59479819751601,95.49087791385303,NVDA
2021-07-07,20.325191497802734,20.827291472702445,20.28553319651976,20.80584097500275,418428000,71.53449606719487,76.08064730844055,73.24475746959023,18.95224781036377,16.706369285583495,15.288398275375366,14.313528919219971,20.023304786654833,18.9545223911563,18.106379410335826,17.152623492059735,16.185317974620787,19.316988245910643,18.845928370860207,18.374868495809775,38773072000,1.0831873112090982,1.0299891123808949,0.053198198828203314,83.86373439132832,92.94454847488193,NVDA
2021-07-08,19.857263565063477,20.086986749821186,19.655725557948074,19.81111987540912,503300000,52.542412999849695,66.96340046620679,67.90962728895929,19.07918224334717,16.796652965545654,15.33778603553772,14.350426297187806,19.98640673741231,19.036589770602404,18.20642993346312,17.249217780381297,16.26691676551951,19.437418685970105,18.96342109037201,18.489423494773913,38269772000,1.016912699641999,1.0273738298331159,-0.01046113019111683,68.146430662814,82.53498775055282,NVDA
2021-07-09,20.00442886352539,20.034360990496573,19.709105775437738,19.916879913596205,296624000,56.864555192434295,68.25199727360538,68.660205950591,19.210144996643066,16.891974716186525,15.384966020584107,14.387458910942078,19.990411654326326,19.12457514268631,18.309172729466678,17.34761817620787,16.34997258991964,19.559615263147673,19.085296962789318,18.610978662430973,38566396000,0.9651390796346284,1.0149268797934183,-0.04978780015878992,72.97901331499165,74.99639278971135,NVDA
2021-07-12,20.465618133544922,20.4858202675907,20.141609472181255,20.193739960128703,321984000,67.86908547237829,71.94508129954977,70.8908482655325,19.344200229644777,16.99556261062622,15.440988283157349,14.42935938358307,20.09601309415268,19.246488141855277,18.43239818112829,17.458975317541338,16.44143137977798,19.705740770088944,19.23004470594101,18.754348641793072,38888380000,0.9503669934237493,1.0020149025194847,-0.051647909095735356,85.43585102486529,75.52043166755702,NVDA
2021-07-13,20.203720092773438,20.41448760068872,20.068031230618036,20.353875481303678,290708000,57.81757356061138,67.1668671452164,68.01671017279523,19.455507850646974,17.100201683044432,15.495159339904784,14.468832631111145,20.11994798273507,19.33350922830238,18.53361657607944,17.55700191665677,16.525037795622325,19.81932571777432,19.350673072497646,18.882020427220976,38597672000,0.907070877118084,0.9830260974392045,-0.07595522032112056,68.44232790527572,75.61906408171092,NVDA
2021-07-14,19.796152114868164,20.371085187091623,19.7076060162833,20.311222848316984,380100000,45.29126972008426,60.43960141413239,63.807849713096786,19.557923126220704,17.20013572692871,15.544282484054566,14.50364758014679,20.047993345431316,19.37556767253563,18.605761464010225,17.63697156659289,16.597729224938895,19.932649473316932,19.450302009657488,18.967954545998047,38217572000,0.8302998831754103,0.9524808545864458,-0.12218097141103557,47.81614617687638,67.23144170233915,NVDA
2021-07-15,18.922901153564453,19.801638809987963,18.815397482477785,19.766469664881527,550564000,29.08813073125563,49.0938283687977,56.04015095679435,19.61559114456177,17.292290382385254,15.590364332199096,14.53329257965088,19.79797285834979,19.33441617081098,18.623883731984755,17.68289762327045,16.649399712241685,20.031466594331523,19.515850077593814,19.000233560856113,37667008000,0.6910285162710181,0.9001903869233604,-0.20916187065234226,5.3434063429288265,40.53396014169367,NVDA
2021-07-16,18.119491577148438,19.113215466883993,18.03169335944509,18.9870054099986,688224000,20.85215873480236,41.3947254989782,50.16617286473304,19.5908353805542,17.36623722076416,15.630543451309205,14.55796977519989,19.424977018082824,19.22396848047802,18.595061323136964,17.698490264480377,16.682068420350724,20.097707778643834,19.548180896173204,18.998654013702573,36978784000,0.5099481513039557,0.8221419397994795,-0.3121937884955238,3.140587958154255,18.76671349265318,NVDA
2021-07-19,18.736833572387695,18.998483249261675,17.82467157793206,17.87430916336547,749060000,37.23791449923767,48.12653724811877,54.036437655310316,19.59786958694458,17.451244087219237,15.673336229324342,14.584214725494384,19.272056252372796,19.179683488833444,18.60316259452272,17.735573954048498,16.727729868173768,20.10930063288601,19.555129534591014,19.000958436296013,37727844000,0.4115113504365482,0.7400158219268932,-0.328504471490345,30.378870000972555,12.954288100685242,NVDA
2021-07-20,18.5694637298584,18.794947062988875,18.12248763276061,18.687194083624995,434687000,34.88808086494842,46.56486575363281,52.872570521912536,19.60708589553833,17.52713312149048,15.72633623123169,14.609204158782958,19.11592458070293,19.124208965290254,18.601236945113328,17.765355731755996,16.768657287322316,20.08816268294315,19.53955030034324,18.99093791774333,37293157000,0.3163474722852584,0.6552821519985662,-0.3389346797133078,24.804743125279686,19.44140036146886,NVDA
2021-07-21,19.36564064025879,19.48237382941793,18.699168004217075,18.838847442192375,371017000,52.13126112813555,54.18149832780885,57.43225569295331,19.633188724517822,17.629848232269286,15.783239612579345,14.640927023887635,19.17141703838201,19.146157299378302,18.644917156264498,17.822508764202524,16.82636802849868,20.13735546412405,19.585358027128628,19.033360590133206,37664174000,0.3016964669019693,0.5845650149792468,-0.28286854807727757,51.32081703084061,35.50147671903098,NVDA
2021-07-22,19.549219131469727,19.841548769491073,19.2319451068273,19.597109765716453,323826000,55.39933363429914,55.747773725360496,58.40242273058949,19.659964942932127,17.735426940917968,15.840709934234619,14.670675683021546,19.25537305906817,19.182799284113884,18.69659155484765,17.884176991604924,16.886875830786927,20.17885164180767,19.62527454103871,19.071697440269748,37988000000,0.30142406065095173,0.5279368241135879,-0.22651276346263616,57.434760774791464,44.52010697697062,NVDA
2021-07-23,19.5132999420166,19.654975593030052,19.20600332552339,19.611075532676935,195672000,54.525308728113465,55.34909124360831,58.13141190703465,19.67754945755005,17.851214752197265,15.902163639068604,14.699776215553284,19.31269014416782,19.212844798468673,18.743260605543018,17.942359954119627,16.945240811036477,20.210608216404438,19.647291526856275,19.083974837308116,37792328000,0.2949102564734005,0.4813315105855504,-0.18642125411214988,56.23849915287638,54.99802565283618,NVDA
2021-07-26,19.249906539916992,19.39756711649879,18.870773917905094,19.266867886400917,203943000,47.87841624808091,52.39030495042039,56.134454516266445,19.690669536590576,17.96359498977661,15.966981182098388,14.726425876617432,19.298738232112083,19.216214047691246,18.77221180179296,17.989058046469534,16.996455605011597,20.218922379969495,19.646281858353568,19.073641336737644,37588385000,0.2654346085146848,0.43815213017137733,-0.17271752165669252,47.46637975946406,53.713213229043994,NVDA
2021-07-27,19.164104461669922,19.57715791290322,18.69817072984935,19.22097340887987,248863000,45.70062225668437,51.4258930856629,55.485320900736255,19.65190839767456,18.06273323059082,16.035273294448853,14.753270812034607,19.26881961645827,19.2114768125984,18.794605668071643,18.03102398986955,17.044625579604006,20.244102964459582,19.651033027304184,19.05796309014878,37339522000,0.23247164608270765,0.39701603335364344,-0.1645443872709358,50.33288402647194,51.34592097960415,NVDA
2021-07-28,19.45842933654785,19.601102183245256,18.95159086611591,19.27484982328238,202191000,54.26400836110792,54.51873683868188,57.25785744394241,19.625780963897704,18.169304103851317,16.105598783493043,14.781966161727905,19.31095510981151,19.23392704204835,18.832538449127426,18.08200275225092,17.098265663091645,20.21931844119737,19.63141530065633,19.043512160115288,37541713000,0.22747562113529796,0.3631079509099744,-0.13563232977467643,61.39295278631581,53.06407219075063,NVDA
2021-07-29,19.617063522338867,19.80762698019667,19.283825335460097,19.4743887933179,190781000,58.497299091341596,56.139721985719916,58.19582238513476,19.6087947845459,18.282035102844237,16.186168270111082,14.80914574623108,19.378979201484256,19.26875763116567,18.87736845331094,18.13682635118263,17.154238948852694,20.208395247760716,19.616536787132876,19.024678326505033,37732494000,0.23362362072808907,0.3372110848735973,-0.10358746414550823,67.35406974334555,59.693302185377796,NVDA
2021-07-30,19.454439163208008,19.585138401380597,19.218978436987207,19.37362299502884,183497000,52.51740719766797,54.01437722734436,56.858549426849166,19.573226547241212,18.39051612854004,16.255824909210205,14.8354012966156,19.395748081867314,19.285637770442246,18.910343922447915,18.18388395161211,17.205354509171702,20.185717023388413,19.590616048501946,18.995515073615483,37548997000,0.22280516873219014,0.3143299016453159,-0.09152473291312574,62.92985953269318,63.892294020784874,NVDA
2021-08-02,19.704856872558594,19.915375025449997,19.316746081635237,19.65497192015276,217444000,60.061542844501076,56.730827999802884,58.39752599147645,19.536460590362548,18.49309799194336,16.328504428863525,14.863671517372131,19.464438924243154,19.323748597907368,18.95574466245424,18.238204413074484,17.260899006135855,20.16788474592183,19.565039606044397,18.962194466166963,37766441000,0.2317664248234017,0.29781720628093306,-0.06605078145753135,73.83660250100074,68.04017725901318,NVDA
2021-08-03,19.769712448120117,20.175781820042896,19.176071129798512,19.6948831028393,301811000,61.94084961029213,57.43216744732711,58.795513284269894,19.49238681793213,18.589411087036133,16.39659324645996,14.892890300750732,19.532277485104704,19.364290766108528,19.002257107349433,18.29290112861183,17.316650415957728,20.173118759579477,19.53300185273317,18.892884945886863,38068252000,0.2413198032892545,0.28651772568259737,-0.04519792239334286,82.72861201275663,73.1650246821502,NVDA
2021-08-04,20.227664947509766,20.271565011875875,19.782683207905936,19.944313619581152,231309000,72.78988511969094,62.103172493251144,61.51343807764855,19.48751049041748,18.68250936508179,16.470633115768432,14.925188846588135,19.686808032305827,19.442779328054094,19.072280412501453,18.361999836429614,17.381339627769993,20.149744197185385,19.509710289698848,18.869676382212308,38299561000,0.28258638405238656,0.2857314573565552,-0.003145073304168633,98.2058857260754,84.92370007994428,NVDA
2021-08-05,20.589834213256836,20.685615479502886,20.295508346135612,20.45314818824978,211435000,78.58353487244239,65.34213858895433,63.503821010023266,19.52413902282715,18.78213785171509,16.544950580596925,14.960862040519714,19.887480516961606,19.547057044890707,19.158997772544616,18.44156534988773,17.45263950744748,20.144632902636562,19.51182047814123,18.879008053645904,38510996000,0.3405883886523,0.29670284361570415,0.04388554503659586,96.65210959944163,92.5288691127579,NVDA
2021-08-06,20.31945037841797,20.52298458479839,20.163806797419902,20.477090195052455,178497000,65.99480320558581,61.14079280367089,61.039960852345196,19.539890098571778,18.875316314697265,16.615566720962523,14.994446911811828,19.983473819507463,19.61727462066591,19.225309350023096,18.50863267233524,17.516346415691267,20.163522040324175,19.534142158900018,18.904762277475864,38332499000,0.3605811246491122,0.3094784998223858,0.051102624826726395,85.71413043050852,93.5240419186752,NVDA
2021-08-09,20.248615264892578,20.461127792585444,20.096962239032255,20.399269221353503,146443000,62.83055578740781,60.051433822808086,60.39814151357914,19.52903995513916,18.97130741119385,16.684975776672363,15.0282794380188,20.042394140704154,19.674669224686514,19.28378397372992,18.57077490778372,17.577063501229073,20.18218141623741,19.550948661551615,18.91971590686582,38186056000,0.3664850982155379,0.32087981950101624,0.045605278714521635,78.01195657456701,86.79273220150573,NVDA
2021-08-10,19.89043617248535,20.383306595035517,19.78966527712816,20.27555363193905,179238000,48.67064085145169,54.74034233974637,57.217711601826856,19.513375759124756,19.045042839050293,16.75697500228882,15.061137237548827,20.0086257033222,19.694284401759134,19.318449813658802,18.61790566723735,17.628471782812547,20.177715570821945,19.53460517220768,18.891494773593415,38006818000,0.3383615590431823,0.32437616740944947,0.013985391633732858,59.98986602489683,74.57198434332413,NVDA
2021-08-11,19.65397834777832,20.003178821250415,19.385594031751758,19.99719201633086,185925000,41.297562249325175,51.50200084904694,55.21117156216894,19.506267070770264,19.11365016937256,16.82538025856018,15.091670122146606,19.929815179868005,19.690620215033604,19.337622872751346,18.654908262970952,17.673483039811785,20.164539341218518,19.50851806548864,18.852496789758757,37820893000,0.2936087425179146,0.3182226824311425,-0.02461393991322791,48.092286243207205,62.0313696142237,NVDA
2021-08-12,19.859506607055664,19.98322184264855,19.57515814398387,19.82458675390574,151652000,49.30742782023116,54.046688518565055,56.59437595531193,19.553097343444826,19.17611888885498,16.892444324493407,15.125468564033508,19.91419105257637,19.705973523399248,19.367444800425876,18.69792963240255,17.722061341306095,20.145123418345726,19.501264784146496,18.857406149947263,37972545000,0.2715954426468201,0.308897234474278,-0.03730179182745791,58.43361821297253,55.50525682702554,NVDA
2021-08-13,20.141860961914062,20.167802514416586,19.80563126679169,19.859508704764945,183063000,58.61639682354638,57.3569800794916,58.43787331716914,19.654215812683105,19.240414428710938,16.96348405838013,15.159405303001403,19.964784365762522,19.745599654173322,19.411697152510914,18.74949860845653,17.775834666208493,20.156284482749477,19.542143471401925,18.928002460054376,38155608000,0.27377744464367737,0.30187327650815793,-0.028095831864480558,72.64052157004043,59.72214200874007,NVDA
2021-08-16,19.90440559387207,20.240635283225057,19.408539829296206,20.08898224870646,210876000,49.451893575364565,53.84412720967239,56.334279354418705,19.712594413757323,19.28782138824463,17.03641597747803,15.195991387367249,19.951366860897977,19.7600365577823,19.439851920588694,18.790745286507086,17.823136242378794,20.21248925008893,19.610225698432334,19.00796214677574,37944732000,0.2534247109268257,0.2921835633918915,-0.038758852465065774,54.94816627170469,62.007435351572575,NVDA
2021-08-17,19.413532257080078,19.724819508560007,19.222968770083362,19.640012771943816,204585000,35.63213736927361,47.38352261720086,52.26801051030933,19.754797840118407,19.324597930908205,17.105513954162596,15.228144354820252,19.831848060049555,19.72853616680937,19.438347939816776,18.812987678313263,17.85847837603882,20.22495669989184,19.654691287894906,19.084425875897974,37740147000,0.1954328190578316,0.27283341452507953,-0.07740059546724792,15.730649273608305,47.77311237178449,NVDA
2021-08-18,18.99648094177246,19.589123091355606,18.956571456849645,19.45542860045095,285913000,27.731075429608993,42.69616173936545,49.11883673292227,19.736339855194093,19.35626533508301,17.16740906715393,15.260654335021973,19.646210922654646,19.661985691806013,19.413098397071384,18.81954100915109,17.88376732194401,20.255679774133153,19.687314733361095,19.118949692589037,37454234000,0.11450137071362576,0.2411670057627888,-0.12666563504916303,2.308182116819367,24.32899922071081,NVDA
2021-08-19,19.75275421142578,20.44816179796092,18.71912067132583,19.449448117020804,766555000,51.252603045881976,51.97408244539726,54.33486367322572,19.746516609191893,19.404948921203612,17.235779657363892,15.296712675094604,19.66988720904823,19.670237375407808,19.432507300748778,18.85287005208947,17.925300363932493,20.3225108870081,19.709106069977267,19.095701252946434,38220789000,0.11011817348508046,0.21495723930724714,-0.10483906582216668,52.562230818098726,23.53368740284215,NVDA
2021-08-20,20.768421173095703,20.81730896141307,19.887440011150574,19.945306101736577,675741000,68.02457375595475,61.08634503466878,60.080586551012466,19.809272670745848,19.472613868713378,17.315069961547852,15.335662531852723,19.914005867725447,19.77007226610671,19.50884523631146,18.921282592125408,17.988480826358344,20.38300696638377,19.754351421372046,19.125695876360325,38896530000,0.18645100253057123,0.20925599195191197,-0.022804989421340738,97.66999994479366,50.84680429323728,NVDA
2021-08-23,21.907819747924805,21.94673018005556,20.902123900449563,20.92307581798072,575807000,78.1464377448833,68.34290304355757,65.21387297175434,19.94216833114624,19.55507999420166,17.401001234054565,15.37644784450531,20.35707561888086,19.96441294627199,19.645929494117933,19.02794463340396,18.075577246837597,20.51267834740215,19.855659278004744,19.198640208607337,39472337000,0.3350233218257337,0.23440945792667633,0.10061386389905735,98.79445044310614,83.00889373533288,NVDA
2021-08-24,21.743192672729492,21.90881365504365,21.48578289478911,21.70328507988881,297299000,74.08055172722115,66.41577674679368,63.97128494182173,20.07112274169922,19.63039249420166,17.480662908554077,15.41458703994751,20.66510163084722,20.126120194131765,19.76577310432431,19.124917777665587,18.157079811857418,20.62868238443745,19.976604383532383,19.32452638262732,39175038000,0.4344755623197436,0.2744226788052898,0.1600528835144538,93.69386207422059,96.7194374873735,NVDA
2021-08-25,22.162235260009766,22.41864789917261,21.672358134566363,21.68732324562584,347701000,77.63486486257534,68.82545192901664,65.70995541011168,20.206313037872313,19.718680267333983,17.562761936187744,15.452817769050599,20.997797992883342,20.311221563757037,19.902713798934908,19.23339340203502,18.246083266260804,20.762265177040362,20.116506100823276,19.470747024606197,39522739000,0.5408705946001504,0.32771226196426195,0.21315833263588846,93.06904305953489,95.18578519228721,NVDA
2021-08-26,22.01756477355957,22.288942483035,21.74020025936337,22.149263059479914,237940000,73.46144184377246,67.03713252658017,64.58502089263621,20.32633810043335,19.80364074707031,17.644671077728272,15.494966726303101,21.224412833033615,20.466343673739086,20.02356242605632,19.332828093875182,18.329893966422997,20.88501561909871,20.244055071141513,19.60309452318432,39284799000,0.6065240928283728,0.3834746281370841,0.22304946469128872,89.15853024153904,91.97381179176485,NVDA
2021-08-27,22.584264755249023,22.670068642424027,22.116336798954833,22.133298143105087,304722000,78.81476434910383,70.29331103819406,66.90526356185848,20.4828293800354,19.883033905029297,17.72943428993225,15.544239354133605,21.526602149081484,20.658881953876353,20.16988827343876,19.448950831781392,18.424435539508018,21.02393538028649,20.381549584770596,19.73916378925471,39589521000,0.6962568994629912,0.4460310824022655,0.25022581706072566,97.8282708908679,93.35194806398063,NVDA
2021-08-30,22.636146545410156,22.990334740001824,22.499460525203325,22.777822203844707,262580000,79.27407136841839,70.57984402706032,67.11149622259755,20.62939386367798,19.963833847045898,17.812985677719116,15.590541596412658,21.773167570487857,20.838633280379426,20.310817317551415,19.562779250125278,18.518029117416955,21.186499325687357,20.538174756342652,19.88985018699795,39852101000,0.7627645471871531,0.5093777753592431,0.25338677182791003,91.70755225805247,92.89811779681982,NVDA
2021-08-31,22.337778091430664,22.64712359993544,22.073337729589888,22.64712359993544,259850000,68.95677465790651,66.60128657178144,64.68787627762885,20.757797145843504,20.042886657714845,17.892725505828857,15.635158863067627,21.898636575141815,20.974919172293173,20.42664364748737,19.66188635160047,18.602912427950592,21.314225233955682,20.667083668109512,20.019942102263343,39592251000,0.7823777330104278,0.5639777668894801,0.2183999661209477,84.72198681501717,91.4192699879792,NVDA
2021-09-01,22.393657684326172,22.64911813568257,22.309835259034962,22.43756548471316,201767000,69.83896554128165,66.97673471949285,64.93581073203701,20.866096782684327,20.113888130187988,17.96495446205139,15.680851764678955,22.00864126607167,21.10389540065981,20.539044449592446,19.759449613483532,18.687151211425604,21.41342780919841,20.79773518685685,20.18204256451529,39794018000,0.7932858349204963,0.6098393804956834,0.1834464544248129,86.03027040832416,87.48660316046461,NVDA
2021-09-02,22.3487548828125,22.545339807951134,22.24796811279879,22.47049726134416,187834000,67.97621725878852,66.33145996742584,64.55503564126724,20.954042816162108,20.180589332580567,18.032041215896605,15.725232334136964,22.084222069791853,21.21706444449187,20.642456474347878,19.851924801673853,18.76852018190087,21.513199544274887,20.90662645092464,20.300053357574395,39606184000,0.7892097843313302,0.6457134612628128,0.14349632306851734,84.97898145881967,85.24374622738702,NVDA
2021-09-03,22.794816970825195,22.937514986328775,22.1531736206522,22.277909954319554,280532000,75.70183170825405,69.4773891368818,66.5896951040279,21.07781114578247,20.253253479003906,18.107603464126587,15.772306761741639,22.242132047799263,21.360496492340356,20.765448502718012,19.95702809342926,18.857993443876964,21.632203516272327,21.006857364240688,20.38151121220904,39886716000,0.8126057541746654,0.6790919198451834,0.13351383432948205,95.42243104576504,88.81056097096966,NVDA
2021-09-07,22.614192962646484,22.850692500855242,22.474487011995723,22.78483174949806,198107000,67.75878005707466,66.75726913459098,65.00989559427748,21.196090030670167,20.325787239074707,18.17277859687805,15.818445658683777,22.324812251098646,21.47446889873182,20.871091043285354,20.051926838758444,18.941464544294064,21.74306405308668,21.116907058127374,20.49075006316806,39688609000,0.8072667127536235,0.7047268784268714,0.10253983432675207,91.19356297044749,90.53165849167742,NVDA
2021-09-08,22.2918758392334,22.5623040643883,21.930638074162353,22.46550856729171,254434000,55.32760881964707,62.08604050032081,62.25453161511546,21.316162014007567,20.37283821105957,18.236972408294676,15.862915654182434,22.317493048461923,21.5487786205956,20.952278745910956,20.131925017346834,19.01591812862605,21.85069284659925,21.211797735607906,20.57290262461656,39434175000,0.7681721751542838,0.7174159377723539,0.050756237381929914,83.64729817943928,90.08776406521729,NVDA
2021-09-09,22.13021469116211,22.490453174173346,22.08431220635336,22.264930118963175,196856000,49.82581389412522,59.82493031164721,60.90105194226418,21.439973831176758,20.415822944641114,18.305043277740477,15.908334288597107,22.27587563572863,21.601636445192554,21.01958937135388,20.20329250569738,19.08512471890463,21.947186036706835,21.317219513814887,20.68725299092294,39237319000,0.7158924068168737,0.7171112315812579,-0.0012188247643841743,72.28007638022102,82.37364584336927,NVDA
2021-09-10,22.43058204650879,22.578268644590512,22.22302065137504,22.30085522288771,248376000,58.93127657871084,62.55370906918541,62.485339514090285,21.568527603149413,20.46529884338379,18.378018035888672,15.954994330406189,22.310254838124223,21.676995136221304,21.100217524219875,20.282838560726358,19.15946821507361,22.06467984230754,21.447205547810025,20.82973125331252,39485695000,0.6907350849640288,0.7118360022578121,-0.021100917293783272,73.19462753037651,76.37400069667895,NVDA
2021-09-13,22.105266571044922,22.91555377675498,21.81188619564653,22.636143804788667,297500000,47.68441436611468,57.961829905420316,59.744256121958266,21.666697883605956,20.504088096618652,18.445851860046385,16.000936179161073,22.26470188988438,21.715928903023453,21.15764889832416,20.347925275380593,19.22493040076186,22.215499391467695,21.564901102568097,20.914302813668503,39188195000,0.6372022155555506,0.6969092449173598,-0.05970702936180927,41.173966734807244,62.21622354846827,NVDA
2021-09-14,22.195083618164062,22.362728510461544,22.03941254531984,22.22801304915451,199755000,50.79559216165719,58.859760832318045,60.24760215384101,21.781231784820555,20.5391862487793,18.519673557281493,16.04594647884369,22.249231162835418,21.75948842258169,21.216930882315015,20.41389521619429,19.29093380559302,22.316536916600608,21.66778887924783,21.019040841895055,39387950000,0.595163837691679,0.6765601634722237,-0.08139632578054468,39.66121108993362,51.34326845170582,NVDA
2021-09-15,22.293872833251953,22.31981896258002,21.919663869421825,22.26194074612336,166538000,54.37666210382395,59.87495725859379,60.811055901956536,21.92524881362915,20.572039947509765,18.59034358024597,16.091318640708923,22.25915153403909,21.80806882355171,21.278470422368557,20.481037273946352,19.35766578398544,22.40675840670455,21.7785789579599,21.150399509215248,39554488000,0.5633259139285194,0.6539133135634829,-0.09058739963496354,44.28904109626815,41.708072973669694,NVDA
2021-09-16,22.195083618164062,22.230009637392705,21.880747541780984,22.136208056703595,156033000,50.00910009723187,58.32498965142562,59.923094013042366,22.085178947448732,20.609437789916992,18.657903537750244,16.135497827529907,22.244914219400194,21.843251986698288,21.33084831927116,20.54225321481127,19.420719513633852,22.525595777069938,21.904682454176,21.28376913128206,39398455000,0.5240813819825227,0.627946927247291,-0.10386554526476821,32.51711110790777,38.82245443136986,NVDA
2021-09-17,21.853801727294922,22.27391315880688,21.783949696322043,22.252957549515017,294503000,37.51691071286069,53.20124375114044,56.921204338912865,22.190231323242188,20.649368553161622,18.723010759353638,16.17802791118622,22.15800033226569,21.844211054025255,21.36073137115823,20.58909423311426,19.474788007270764,22.651654897329983,22.03753148738943,21.42340807744888,39103952000,0.4601370379443033,0.5943849493866934,-0.13424791144239012,5.790193714588178,27.53211530625472,NVDA
2021-09-20,21.068458557128906,21.387783145343043,20.618409823242526,21.10138797741771,349440000,22.202112229835407,43.68984610758871,50.799009786808305,22.20523319244385,20.670649147033693,18.78131193161011,16.215861229896547,21.915879937790848,21.773688099761948,21.34403006749941,20.606214387543353,19.510202908378723,22.67190269782837,22.103477754770413,21.53505281171246,38754512000,0.34214600795302985,0.5439371610999607,-0.20179115314693086,19.40613737789528,19.237814066797096,NVDA
2021-09-21,21.20117950439453,21.379800833477784,20.905804421130274,21.37181828897263,204688000,28.15011980271528,45.46431349736845,51.7165321487596,22.169901180267335,20.685360374450685,18.840461492538452,16.25507857322693,21.757057619258333,21.721641863819453,21.335867178179132,20.62746314171661,19.547780166067962,22.68215661845691,22.135439891490147,21.588723164523383,38959200000,0.2563912194744731,0.4864279727748632,-0.23003675330039014,25.129075232468505,16.775135441650672,NVDA
2021-09-22,21.89470863342285,21.91366764865491,21.151279604754397,21.32092101310881,268726000,51.43353492123595,53.67864909731806,56.18068249423529,22.177476978302003,20.71918014526367,18.90969091415405,16.29695463180542,21.787646733517114,21.73737520651067,21.36780097562163,20.67272190927755,19.59993413200918,22.671939592286844,22.138661828925105,21.605384065563364,39227926000,0.241606843130576,0.4374637468460058,-0.1958569037154298,55.03410671044497,33.18977310693627,NVDA
2021-09-23,22.4345703125,22.48745799648261,21.843818289365494,22.093290867008587,248555000,62.71875594959717,58.87183074453701,59.24703788477751,22.191093730926514,20.77194850921631,18.98604211807251,16.34128819465637,21.931407528846645,21.800756579782426,21.42875922344325,20.735645066535493,19.662926047131197,22.708286960800713,22.164504009493132,21.62072105818556,39476481000,0.2703361768828998,0.40403823285338464,-0.13370205597048485,78.31298546377862,52.82538913556405,NVDA
2021-09-24,22.034420013427734,22.102277360773,21.814884783571202,22.02344353743368,217655000,51.97635647889308,54.03610500044967,56.19959306935429,22.191936492919922,20.834178886413575,19.063234634399414,16.38490108013153,21.954299192086886,21.821998710113817,21.463368411442364,20.78202988606736,19.715625913048896,22.681646473527852,22.159715769239533,21.637785064951213,39258826000,0.2578433384223118,0.37479925396717007,-0.11695591554485829,61.64220522706269,64.99643246709543,NVDA
2021-09-27,21.614309310913086,21.753016037420434,21.280016887936462,21.664203077429683,245215000,42.751195165676855,49.44418196908918,53.19630867123674,22.143438720703124,20.90407524108887,19.135156230926512,16.42850368976593,21.878745885159375,21.803117855641023,21.471993605697833,20.81175415124042,19.757818877445878,22.65582751317466,22.137503621942898,21.619179730711135,39013611000,0.2116040119244147,0.34216020555861903,-0.13055619363420434,43.3538127267896,61.10300113921031,NVDA
2021-09-28,20.655332565307617,21.37381486341932,20.607433491656852,21.169247409834707,343069000,28.765899072206764,40.900123751171016,47.17950114092862,22.044398021697997,20.942445220947267,19.19684465408325,16.467104496955873,21.606876258525652,21.698773738337984,21.425327260532676,20.806167666028536,19.777763626065028,22.590809406962528,22.062359347716804,21.533909288471072,38670542000,0.09646560818774219,0.29302128608444367,-0.19655567789670148,2.075241657032114,35.69041987029482,NVDA
2021-09-29,20.47372055053711,20.972665824032045,20.423824881192512,20.895828586899057,218394000,26.775335411418652,39.50776035566113,46.14611781904234,21.95119514465332,20.98053035736084,19.25383173942566,16.50459282398224,21.355063878972643,21.587405266719724,21.370949734247215,20.794294554760988,19.793229335497738,22.494272416950935,21.9630620373223,21.431851657693667,38452148000,-0.009329434188067864,0.23255114202994137,-0.24188057621800924,2.0024517688684487,15.810502050896739,NVDA
2021-09-30,20.672300338745117,21.021562413613808,20.64435952502164,20.724190693278036,221009000,32.87047178257136,41.83924810511429,47.46158699352793,21.865127277374267,21.006663551330565,19.318255891799925,16.541600770950318,21.203338647810973,21.504213909631122,21.331026911647093,20.789937618474706,19.812764246681013,22.409990415540847,21.888141130281422,21.366291845021994,38673157000,-0.07626984685693472,0.17078694425256616,-0.24705679110950088,9.972010116955978,4.683234514285533,NVDA
2021-10-01,20.698240280151367,20.814992115454803,20.16037597011292,20.706222823593155,240978000,33.735090904143505,42.15288978638269,47.63626305659899,21.78260154724121,21.0296439743042,19.382535457611084,16.57848042011261,21.09109456610884,21.430943579678416,21.294867675561623,20.78666271353459,19.83244149186924,22.334863385267166,21.79799823006992,21.26113307487267,38914135000,-0.12577758399976702,0.11147403860209953,-0.23725162260186655,23.113251013224044,11.695904299682843,NVDA
2021-10-04,19.690378189086914,20.49866906348852,19.513751502545517,20.46074911310151,345635000,21.077633850996577,34.3924887115963,41.96843698251394,21.627379608154296,21.033185539245604,19.442200145721436,16.610909070968628,20.779824260103965,21.272710362351916,21.20318256204878,20.747509694804318,19.829284529585188,22.249520108266065,21.67991467374545,21.110309239224836,38568500000,-0.24353158949288556,0.040472912983102516,-0.2840045024759881,5.9396139767495555,13.008291702309878,NVDA
2021-10-05,20.40785789489746,20.60444281688041,19.812117171843163,19.907915325430285,279282000,40.23384621179135,42.507042746312116,46.68915503053829,21.517062854766845,21.056344566345214,19.509969778060913,16.64643277168274,20.697165067835854,21.194087410765146,21.157735438211564,20.735379273379074,19.842141715481016,22.13781955499459,21.567833916694894,20.9978482783952,38847782000,-0.2757788641081049,-0.02277744243513897,-0.25300142167296596,30.067069301388077,19.706644763787242,NVDA
2021-10-06,20.65633201599121,20.676288377439814,20.0376391312872,20.077555660834182,297202000,45.710074897909,45.04215398560809,48.21436555211915,21.435285663604738,21.08618911743164,19.57446117401123,16.68354410648346,20.688091056314825,21.145200556694785,21.129083814084684,20.732556157043796,19.86023483327013,22.046045242631095,21.46356228255554,20.881079322479984,39144984000,-0.2780797463648774,-0.07383790322108666,-0.20424184314379076,38.42277359165171,24.80981895659647,NVDA
2021-10-07,21.03054428100586,21.277022990094792,20.927760913966573,21.047506715120413,256919000,53.42295073778879,48.71020111257318,50.4465502679655,21.380302143096923,21.1176314163208,19.64346776008606,16.72222610473633,20.764191772912834,21.134777258904883,21.123452983623036,20.743198590042443,19.88624170988648,21.97625632937697,21.40722117473464,20.83818602009231,39401903000,-0.24686174127867844,-0.10844267083260503,-0.1384190704460734,51.006808558707355,39.8322171505824,NVDA
2021-10-08,20.78706169128418,21.161270724376234,20.731180052634773,21.056492651908595,151258000,48.08872377830789,46.53394667431357,49.00955082152292,21.298126125335692,21.141031379699708,19.711533241271972,16.759959931373597,20.769273976995354,21.10316675275755,21.104230624060815,20.744765129372503,19.906259931695317,21.913500480303487,21.34332486356966,20.773149246835832,39250645000,-0.23901306363875463,-0.13455674939383497,-0.10445631424491966,42.818959817814424,44.08284732272452,NVDA
2021-10-11,20.651338577270508,21.0185622225342,20.46772675463866,20.531592812215827,163388000,45.077970796701116,45.3185001343429,48.20926214700965,21.225429725646972,21.16496936798096,19.777742748260497,16.798356294631958,20.743066110389833,21.062091464076907,21.078351078529938,20.741428466797434,19.92281723493032,21.84195315706554,21.26246385106123,20.682974545056922,39087257000,-0.24096693425655502,-0.155838786366379,-0.08512814789017603,38.254853901834174,44.026874092785334,NVDA
2021-10-12,20.627391815185547,21.012577186630253,20.4846938393816,20.784060195567157,162134000,44.48824332272881,45.094695487384264,48.06448886628004,21.147045135498047,21.183420066833495,19.83825902938843,16.836710214614868,20.717360711455548,21.02257331417769,21.0525819777674,20.737355729239866,19.93847444782488,21.739804007798423,21.187732998644577,20.63566198949074,38925123000,-0.24166196565612097,-0.1730034222243274,-0.06865854343179356,37.449570591803926,39.507794770484196,NVDA
2021-10-13,20.89482879638672,20.945721806793706,20.66930570613976,20.873873186805923,180652000,52.76900046046342,48.17298266152447,49.82377207687298,21.077092933654786,21.20592239379883,19.89766674041748,16.876868720054627,20.756798063662476,21.010960176196694,21.043567510259933,20.742979767352253,19.95972676668181,21.67269181798749,21.122854135714018,20.573016453440548,39105775000,-0.21811851921345138,-0.1820264416221522,-0.036092077591299176,53.35381485379119,43.01941311580978,NVDA
2021-10-14,21.70012664794922,21.70910653549275,21.077442440829326,21.243092625799367,243589000,69.31090433754599,56.1460170020986,54.658856394697196,21.052345085144044,21.235371627807616,19.9589404964447,16.92083807468414,20.96642663794842,21.073611673628744,21.081085175270747,20.77716358451643,19.998402319598867,21.65122907137691,21.090367150936522,20.529505230496135,39349364000,-0.13294683348030034,-0.17221051999378184,0.0392636865134815,97.63809104965041,62.81382549841519,NVDA
2021-10-15,21.815879821777344,21.88473450421562,21.616302880257262,21.763989474383635,226994000,71.05924411911867,57.16605544520954,55.306053064797794,21.050448989868165,21.259892539978026,20.02101519584656,16.964376587867736,21.155194012132625,21.141090596187706,21.12307344078541,20.814260592990035,20.03879070853617,21.631682801439645,21.074669951077986,20.51765710071633,39576358000,-0.055467945224670245,-0.14886200503995953,0.09339405981528928,97.09594364912047,82.69594985085405,NVDA
2021-10-18,22.17511558532715,22.243970251011113,21.598334044134017,21.7031139590104,189494000,76.12469955065471,60.255734131541324,57.2843115107885,21.105781841278077,21.29700584411621,20.08616107940674,17.010163731575012,21.381843250620296,21.235092867927655,21.183190134759222,20.862862557002074,20.086264594687076,21.640774444792424,21.07634860660257,20.511922768412706,39765852000,0.034523984777013794,-0.11218480707656486,0.14670879185357866,97.47805315150437,97.40402928342512,NVDA
2021-10-19,22.242979049682617,22.33179009685353,21.990512506917007,22.22900674096052,161473000,77.0358633507112,60.8305305836941,57.65448334491067,21.157871818542482,21.33689311981201,20.15410026550293,17.05599853515625,21.573206761523032,21.326718884450834,21.243749501326274,20.912152431740665,20.134191582575866,21.67579576116142,21.13175543402699,20.58771510689256,39927325000,0.11005065660980051,-0.0677377143392918,0.1777883709490923,96.84848009710377,97.14082563257621,NVDA
2021-10-20,22.056379318237305,22.385683181116075,21.93563425129417,22.257952909556202,146276000,68.42020943784307,58.33243320587362,56.253145296788844,21.165955352783204,21.38021198272705,20.212627410888672,17.099448251724244,21.68057844079287,21.393051651158693,21.290185490864047,20.953017677686976,20.176906865590563,21.720542896781552,21.177642925957862,20.634742955134172,39781049000,0.15308438779814537,-0.02357329391180436,0.17665768170994972,88.53371529218708,94.28674951359842,NVDA
2021-10-21,22.644128799438477,22.663089722334,22.03641428104515,22.050384685989254,187590000,77.8033042761141,63.42707215581137,59.495078201702135,21.176433277130126,21.440014991760254,20.276832580566406,17.149776673316957,21.894700742714118,21.506785937365947,21.367553679925443,21.013414503463814,20.23173401967607,21.751921295323623,21.215483829386205,20.679046363448787,39968639000,0.23194172112929934,0.02752970909641638,0.20441201203288295,99.39793945355298,94.9267116142813,NVDA
2021-10-22,22.67806053161621,23.081207644908968,22.51340958016107,22.7748560370343,249384000,78.25098811120664,63.70299302257008,59.67544049632175,21.20861530303955,21.496386070251464,20.336252479553224,17.196637687683104,22.068780695803472,21.613265445934154,21.442439785736344,21.0728661473264,20.286096831052518,21.772227743438393,21.23940178428046,20.706575825122528,40218023000,0.29378812649262187,0.08078139257565749,0.2130067339169644,87.66791201974047,91.86652225516019,NVDA
2021-10-25,23.11713218688965,23.305732673219815,22.72196763172872,22.924538524453713,230235000,83.43790212558638,67.15598171593095,61.96651196246698,21.283756446838378,21.555891494750977,20.398152961730958,17.24602934360504,22.30174769382262,21.749980604202833,21.538136494373678,21.145875648739377,20.3490087278489,21.837027231167504,21.290088297519606,20.74314936387171,40448258000,0.3739209336624256,0.13940930079301111,0.2345116328694145,94.22903647309202,93.76496264879518,NVDA
2021-10-26,24.664854049682617,25.205712322725873,23.873527758265784,23.938391161876506,485898000,91.75525862538234,75.87007953653816,68.55120689301637,21.48423252105713,21.651100463867188,20.46946092605591,17.301440777778627,22.826882439569285,22.014969099246446,21.71680606896276,21.271553448773062,20.444916401667427,22.022333709569608,21.434481184732373,20.846628659895135,40934156000,0.5559068322243839,0.22270880707928567,0.3331980251450982,88.5846365449862,90.16052834593957,NVDA
2021-10-27,24.3994197845459,25.0370717258524,24.230775672972076,24.422371980713933,245990000,83.16052346997174,72.32595422280089,66.48735843760167,21.68051748275757,21.750818214416505,20.537708072662355,17.356206855773927,23.17633518289742,22.23173734336458,21.870098281281795,21.383262960764952,20.53279425462028,22.199324666813105,21.60957144287502,21.01981821893693,40688166000,0.6709790127138824,0.3123628482062051,0.3586161645076773,82.98237665368227,88.59868322392019,NVDA
2021-10-28,24.888383865356445,24.897365655301588,24.471266418851215,24.825517045714975,234204000,86.0492162681888,74.67302658463416,68.32397502713508,21.891321659088135,21.868656272888185,20.612460803985595,17.41318341732025,23.556790445666092,22.473250663545656,22.042571743228915,21.50844585021465,20.62958513485886,22.39009577101279,21.80618739023609,21.222279009459392,40922370000,0.7924944766638866,0.40838917389774143,0.3841053027661452,93.30246044844883,88.28982454903911,NVDA
2021-10-29,25.5130672454834,25.654767902179138,24.94726386442255,24.948261206819474,292503000,88.95414959733493,77.31953596723662,70.48444829221052,22.132063007354738,21.983862533569337,20.694405727386474,17.47493615627289,23.991518623403273,22.749597625539995,22.24088577192917,21.65146804290282,20.738106959539405,22.624504980254024,22.024867973326636,21.425230966399255,41214873000,0.9284999163309813,0.5124113223843895,0.4160885939465918,97.25921418195186,91.18135042802767,NVDA
2021-11-01,25.77251434326172,25.839372434906895,25.173779738453483,25.59489035924364,265740000,89.9926935339441,78.33222923882336,71.33341032934538,22.436169815063476,22.083944396972655,20.778279132843018,17.539685006141664,24.387295450038483,23.02440823624197,22.442693118862458,21.798648267915638,20.84998267917768,22.86490161206732,22.264741912229862,21.6645822123924,41480613000,1.045172323684028,0.6189635226443172,0.4262088010397108,98.70682342892854,96.4228326864431,NVDA
2021-11-02,26.345304489135742,26.62172056643218,25.74557250420256,25.767527357616604,294112000,91.98831273046349,80.41170572017572,73.11804794738973,22.73304214477539,22.172694091796874,20.863887042999266,17.606471428871156,24.822408569837872,23.32630789559595,22.665699482878072,21.96102884724493,20.97210094162119,23.161464950297628,22.566484750398903,21.971504550500175,41774725000,1.1703641949427883,0.7292436571040115,0.4411205378387768,95.01439013277526,96.9934759145519,NVDA
2021-11-03,26.541887283325195,26.727495711922842,26.179654119222267,26.613735891491203,239910000,92.59635952834071,81.08272202850931,73.70539631178666,23.02731990814209,22.26866798400879,20.949530239105226,17.672543125152586,25.204514950612833,23.618633294480425,22.887195928617906,22.124630934247797,21.095873971436834,23.44545172924746,22.862113627079047,22.27877552491064,42014635000,1.270793328998895,0.8375535914829884,0.4332397375159067,96.3813106191745,96.70084139362613,NVDA
2021-11-04,29.738128662109375,31.298828229080787,27.060788492431058,27.171554373799115,1153631000,97.01559067312024,88.17531242393856,80.82635976479261,23.462699127197265,22.420185852050782,21.069433059692383,17.75209445476532,26.21198466427873,24.174951055173963,23.278677799103132,22.39654156738571,21.287924075674002,24.04109708369816,23.28635943436322,22.531621785028285,43168266000,1.5899659704672473,0.9880360672798403,0.601929903187407,83.91113342046732,91.76894472413905,NVDA
2021-11-05,29.689237594604492,31.33375987513204,29.347958100058552,30.123319409166225,851260000,95.96415756479156,87.63406749845547,80.47782710964688,23.907807922363283,22.57361930847168,21.188630027770998,17.83217411994934,26.984707537684454,24.67624983148583,23.644995501703207,22.65699499692924,21.474619931650235,24.549751789754726,23.717083678565253,22.88441556737578,42317006000,1.8180105933498396,1.1540309724938402,0.6639796208559994,82.50159290958722,87.59801231640971,NVDA
2021-11-08,30.739023208618164,31.03439835720623,29.84391406748035,30.085404173754355,503101000,96.8451484065583,89.17111209676432,82.20075929408414,24.412192153930665,22.736714477539063,21.30987419128418,17.917798118591307,27.818999909003058,25.22741104758877,24.05036851352692,22.945638861632414,21.680495560027296,25.04529153608747,24.17641420499397,23.30753687390048,42820107000,2.059703545235017,1.3351654870420755,0.7245380581929415,93.6717523225551,86.69482621753657,NVDA
2021-11-09,30.59232521057129,32.24183980327339,29.90078828330195,32.21389899422513,646746000,93.42530263329658,87.5337549868835,81.1544000250345,24.910438823699952,22.895838050842286,21.429835948944092,18.00377550125122,28.435294420462665,25.71513051695082,24.424194610500884,23.218734802665946,21.878536218928275,25.61621175670542,24.66208604217974,23.707960327654064,42173361000,2.213889310597324,1.5109102517531254,0.7029790588441984,83.83688569271973,86.67007697495403,NVDA
2021-11-10,29.396854400634766,30.784920762665642,28.717291247821386,29.29407294809422,636206000,69.44454811885069,75.38567778060201,73.21438441616198,25.335540103912354,23.037019577026367,21.539953117370604,18.086355638504028,28.648974416056465,26.04983268819481,24.708346598508534,23.43938193116483,22.04560995629953,26.11452353563734,25.087076575035685,24.059629614434023,41537155000,2.2140954232868495,1.6515472860598703,0.5625481372269792,70.75596640576552,82.7548681403468,NVDA
2021-11-11,30.325889587402344,30.52546843492164,29.714183788640867,30.40372606119835,332172000,75.34601407806397,77.94707035598934,75.1867662482267,25.76682825088501,23.19566421508789,21.654776172637938,18.17291660785675,29.021622231911106,26.438565133577317,25.02934905501675,23.685328633173313,22.229616170324036,26.585321807677424,25.532404916331632,24.479488024985834,41869327000,2.2631361199420184,1.7738650528363,0.4892710671057183,79.87420228605683,78.15568479484737,NVDA
2021-11-12,30.325889587402344,30.615278725972825,29.567492631483955,29.946692061105622,413054000,75.34601407806397,77.94707035598934,75.1867662482267,26.19232873916626,23.35520690917969,21.767898120880126,18.259782948493957,29.31145942202027,26.79195826574323,25.33200851401021,23.922491524395777,22.40953335737022,27.018184527043527,25.94545230237271,24.872720077701892,42282381000,2.275767593162538,1.8742455609015476,0.40152203226099026,77.10469918465728,75.91162262549322,NVDA
2021-11-15,29.961660385131836,30.57935405607118,29.18530173672682,30.48754907870644,384909000,67.9381961607553,74.42561131238853,72.8869555895676,26.581655979156494,23.49854377746582,21.875898628234864,18.343595423698424,29.45594852493395,27.080113003869464,25.596560049502873,24.13817612656492,22.57735840243159,27.45923628986634,26.33290307970095,25.20656986953557,41897472000,2.2306740521352424,1.9455312591482867,0.28514279298695566,71.53712189724047,76.17200778931822,NVDA
2021-11-16,30.139284133911133,30.325889920627386,29.6433328431333,29.69622243740179,264484000,69.68253335029675,75.01833885785962,73.30328767502775,26.97647123336792,23.649045600891114,21.98741641998291,18.426701831817628,29.607800882484433,27.358219470236886,25.85614428289763,24.352501412541574,22.745401196464467,27.843392633184607,26.715301286323168,25.587209939461736,42161956000,2.1840929836873038,1.9932436040560901,0.19084937963121362,72.94207820522878,73.86129976237554,NVDA
2021-11-17,29.199275970458984,30.444644511844263,28.7392479710532,30.353834961540993,428508000,51.78913028797537,66.2654346270844,67.5633336331412,27.333616065979005,23.787193603515625,22.0800159072876,18.50523908615112,29.517017568701,27.525588242984348,26.047180379329706,24.52560050389577,22.888820635886567,28.254666341953925,27.061616949813697,25.868567557673476,41733448000,2.0477214898565563,2.0041391812161837,0.0435823086403726,58.290051973964076,67.58975069214446,NVDA
2021-11-18,31.608177185058594,32.6908873392395,31.254923897392086,32.29871867145236,781711000,73.06136759045029,74.48218748337838,73.18810626555788,27.78181848526001,23.976752853393556,22.196287899017335,18.595153999328613,29.981719705669356,27.896732692263825,26.364951625371358,24.778549671080157,23.082584114757058,28.764730392860574,27.524732690623896,26.284734988387225,42515159000,2.109704929303586,2.025252330833664,0.08445259846992181,85.59671868914454,72.27628295611248,NVDA
2021-11-19,32.91542053222656,33.018203898804174,31.83769881005684,32.17498516255957,533867000,79.07409105097418,77.66193597314555,75.58962417033118,28.29368648529053,24.18644962310791,22.325874233245848,18.69197033405304,30.633653222682067,28.352977041351345,26.739264134334512,25.069152201835387,23.301091590700825,29.274082446521614,28.007711903929767,26.74134136133793,43049026000,2.238506752242106,2.0679032151153525,0.17060353712675358,98.58671007781439,80.82449358030769,NVDA
2021-11-22,31.888582229614258,34.57390504765396,31.832700615691362,33.446287927689205,754335000,65.32949833952688,70.25626074719271,70.41060864438498,28.732258987426757,24.3821159362793,22.443102016448975,18.779425835609437,30.912526335333666,28.67439569482979,27.03351088263621,25.31270327425606,23.49192471601001,29.854125767758394,28.48425968387062,27.114393599982836,42294691000,2.2319967859343564,2.1007219292791532,0.1312748566552031,68.00997681705705,84.06446852800535,NVDA
2021-11-23,31.679033279418945,32.29173838894415,30.814858947539943,31.46847793452382,532163000,62.66222129100823,68.81413796993945,69.3962083797175,29.082967948913574,24.571794929504396,22.555490589141847,18.866708588600158,31.08286121179706,28.947544566156076,27.298969305309512,25.540072203011874,23.673860461863544,30.303651820517196,28.891256479490693,27.4788611384642,41762528000,2.1847443686014856,2.11752641714362,0.06721795145786569,61.46909545516657,76.02192745001268,NVDA
2021-11-24,32.60506820678711,32.7856861116592,30.862751413189365,31.394627899499515,435162000,69.30751248689633,71.5895174686052,71.30609647733799,29.493250370025635,24.778018836975097,22.675029392242433,18.956123671531678,31.42112943290596,29.280046715304348,27.602174956822516,25.79239348886099,23.872331745084068,30.689075026913873,29.248548727125,27.808022427336134,42197690000,2.1966976042862854,2.133360654572153,0.06333694971413228,66.38267592575194,65.2872493993252,NVDA
2021-11-26,31.436542510986328,32.640995088921485,31.283865396835044,32.53122653243234,283069000,54.59436726284553,63.86576536029417,65.8821372032269,29.82065830230713,24.962848014831543,22.786142902374266,19.03727058887482,31.424554561368264,29.476091787639074,27.821281674203306,25.993970239651183,24.040425317659675,31.059656562326424,29.592900089242026,28.126143616157627,41914621000,2.0878133590263204,2.1242511954629864,-0.03643783643666598,46.430434993727594,58.09406879154872,NVDA
2021-11-29,33.30559158325195,33.34151493953768,31.968418209027394,32.29772388938831,454964000,67.73939271444425,69.52864992374302,69.73212443862425,30.210284519195557,25.191883811950685,22.920626182556152,19.129206109046937,31.842562788453527,29.824228132694792,28.134670811863227,26.255099573351213,24.246317901339506,31.49139467779448,29.979543085945323,28.46769149409617,42369585000,2.127810376521598,2.124963031674709,0.0028473448468893103,78.3439115545187,63.71900749133275,NVDA
2021-11-30,32.6070671081543,33.2826408933307,31.796781690175454,33.099027131565556,622066000,59.955086638888915,65.40327029363584,66.78744268982472,30.552012157440185,25.422655982971193,23.046652565002443,19.215809292793274,32.01245263727592,30.0772134941002,28.39023631450843,26.481955556737038,24.43211232815761,31.870862236140056,30.321946112605247,28.773029989070444,41747519000,2.0791757696907744,2.115805579277922,-0.036629809587147566,66.41680659298571,63.73038438041069,NVDA
2021-12-01,31.372528076171875,33.222845580609224,31.31763707417919,33.15298499754876,484368000,48.20643418330433,58.766760282488626,61.953518891682705,30.803373336791992,25.626082954406737,23.15572166442871,19.298354973793028,31.8702471792528,30.194969365197622,28.560652986603486,26.65661886100257,24.586343789224593,32.233500198747485,30.625554750928078,29.017609303108674,41263151000,1.9188956760932037,2.0764235986409783,-0.1575279225477746,45.131703038369665,63.29747372862471,NVDA
2021-12-02,32.0621452331543,32.41344677940804,30.963333768179716,31.151959189582207,472890000,54.2198803046067,61.13891559568063,63.49645661155031,31.079386234283447,25.829431686401367,23.27430591583252,19.38473262786865,31.91289119123091,30.364712625920955,28.76073825783496,26.849673374293705,24.752472710200806,32.526329136334276,30.89105202427683,29.25577491221939,41736041000,1.8264645420527579,2.026431787323334,-0.1999672452705763,56.95102931459684,56.16651298198409,NVDA
2021-12-03,30.632001876831055,32.0651488092906,30.070119147107587,31.936403568189156,544325000,42.0656387892009,54.177879823587276,58.36475671412701,31.12407989501953,25.99338031768799,23.382664413452147,19.46347344875336,31.628249121364274,30.389011648730964,28.867667607491878,26.984756535098608,24.8831289139037,32.806643373274056,31.102452543622213,29.39826171397037,41191716000,1.6191470662510916,1.9449748431088858,-0.3258277768577942,32.43984832233814,44.84086022510157,NVDA
2021-12-06,29.977304458618164,30.18089759304379,27.982276767077416,29.82061499149107,658938000,37.45348440287399,51.29845240304047,56.19131900588088,31.138483238220214,26.152238006591798,23.493208446502685,19.54178638935089,31.26137252964292,30.351583722357073,28.931075427556237,27.09163324665288,24.996332814897354,32.71020649554498,31.103130852116152,29.496055208687327,40532778000,1.3860404513780864,1.833187964762726,-0.44714751338463965,30.26608307721884,39.88565357138463,NVDA
2021-12-07,32.362552642822266,32.38451208748878,30.590083198512986,30.89547671326527,593053000,57.72020286728174,59.70172121761493,61.633212695503026,31.21965970993042,26.36720287322998,23.635639057159423,19.633091254234316,31.506079221460553,30.534399078763,29.12715983985715,27.279880367944646,25.160026588851238,32.77992195111221,31.18195930225947,29.583996653406725,41125831000,1.377887939304376,1.7421279596710562,-0.36424002036668024,66.45210696501418,43.05267945485707,NVDA
2021-12-08,31.762754440307617,32.22583306331372,31.358558585606065,31.93541098350612,475551000,52.579207830011086,57.036609228008714,59.68415077815673,31.278181171417238,26.58935131072998,23.765898265838622,19.719617247581482,31.56311815898212,30.646067747994326,29.277765245597177,27.439983013386183,25.306753874439156,32.823734348252984,31.241162642829675,29.658590937406366,40650280000,1.3079510668032377,1.6552925810974926,-0.34734151429425486,57.35271335566784,51.3569677993003,NVDA
2021-12-09,30.42940330505371,32.14099693386837,30.367526251043838,31.6709304355526,488507000,42.484937322376474,51.52967290100948,55.597998763744904,31.329808616638182,26.788464965820314,23.884497661590576,19.805416946411132,31.311181524775808,30.62637098045427,29.34357313470898,27.54674802380288,25.420590528452813,32.799928486052636,31.244384439541086,29.68884039302954,40161773000,1.13188760243818,1.5506115853656302,-0.41872398292745006,37.12476544205637,53.643195254246145,NVDA
2021-12-10,30.13798713684082,31.242787533822337,29.801656967245915,31.088094881745874,488825000,40.448309689059975,50.38466489827278,54.74165587749386,31.320413494110106,26.977778701782228,23.992221126556398,19.887730369567873,31.050471660790254,30.581972449216682,29.388968220545085,27.639292277839953,25.52542156419477,32.80633909529047,31.280628332029778,29.754917568769077,39672948000,0.9578002639193635,1.432049321076377,-0.4742490571570135,32.70376116498568,42.39374665423665,NVDA
2021-12-13,28.10503578186035,30.23379825928453,28.060125132879463,30.188887610303645,598344000,28.86480711752391,43.1768998784693,49.21337405447842,31.209370803833007,27.125914611816405,24.077779293060303,19.95924461364746,30.395930354361386,30.356796388547924,29.31560065262024,27.65592597441211,25.582746324587337,32.80507850486877,31.214492099697384,29.62390569452601,39074604000,0.6483191895951315,1.275303294780128,-0.6269841051849965,2.2906056949243787,24.03971076732216,NVDA
2021-12-14,28.280683517456055,28.621005425069747,27.19584390568892,27.643950978334946,667035000,30.916033535666003,43.92332246330637,49.67246489542693,31.12532196044922,27.29772071838379,24.165453128814697,20.03380838394165,29.92587550171576,30.168058854812298,29.256462530610857,27.67823874380654,25.642700484428865,32.721284825154974,31.112728161655408,29.50417149815585,39741639000,0.4124717947208758,1.1027369947682775,-0.6902652000474017,17.652093738700277,17.548820199536795,NVDA
2021-12-15,30.398468017578125,30.439386903160617,27.78267647993618,28.343559883214983,698297000,51.253372219927755,52.094250413797035,54.820431399312675,31.13828115463257,27.4975329208374,24.27693874359131,20.121959962844848,30.030896060796284,30.189005142336462,29.321719987008986,27.77538978929838,25.748384207387737,32.76385926220872,31.095176022333902,29.426492782459096,40439936000,0.39193061305168797,0.9605757184249596,-0.5686451053732716,52.11187019692369,24.018189876849465,NVDA
2021-12-16,28.330583572387695,31.09807330257781,28.037169139263874,31.090089780244078,707366000,38.108317948236675,45.17282501536044,49.63734712065977,31.094846534729005,27.651017951965333,24.368603534698487,20.201938414573668,29.653048841149932,30.020057726886574,29.265083620459198,27.795218138694427,25.805766415498844,32.83516656973279,31.053228706723708,29.27129084371462,39732570000,0.20641120599594487,0.8097428159391568,-0.6033316099432119,18.464048278030546,29.409337404551522,NVDA
2021-12-17,27.74574851989746,28.864520919055607,27.704829638355005,27.92938285109951,713758000,35.056899186232,43.41592666383295,48.28747507988073,30.901725101470948,27.785322036743164,24.451476726531983,20.27853775501251,29.22920432531605,29.813302344433016,29.17826447185567,27.793451366594535,25.848877128929924,32.74460807518804,30.988656176945163,29.23270427870229,39018812000,0.01205547028642684,0.6502053468086108,-0.6381498765221839,9.034384017160894,26.536767497371727,NVDA
2021-12-20,27.663911819458008,28.088066423723266,27.091053166532397,27.250735034271646,461847000,34.59179410738959,43.16295032315553,48.096131428692715,30.63914966583252,27.92285903930664,24.531945209503174,20.35905673980713,28.881361546236484,29.617903205798925,29.091730034575804,27.788824954196805,25.88921123316388,32.52194446303016,30.78689495453284,29.051845446035514,38556965000,-0.14688321009410643,0.49078763542806736,-0.6376708455221738,9.342433896008814,12.280288730400104,NVDA
2021-12-21,29.0172176361084,29.062128280070525,27.34654282285214,28.31761057753916,524385000,48.22323036580475,48.50634296826656,51.42391492195732,30.495581436157227,28.090176620483398,24.627572994232178,20.441698951721193,28.91155178843024,29.56329542673615,29.08747218323481,27.832696121407935,25.958722486562646,32.35146520276598,30.590935676722417,28.830406150678847,39081350000,-0.1617779149318821,0.3602745253560775,-0.5220524402879596,36.189816268310736,18.1888780604935,NVDA
2021-12-22,29.341569900512695,29.49626253795648,28.39245970985011,28.833582616767877,395184000,51.151193277908554,49.72626584479986,52.19195252352152,30.378708267211913,28.264460182189943,24.723940124511717,20.526222276687623,29.007111368893007,29.54313856071584,29.101992052793545,27.886584470661674,26.033896873539312,32.097860432032505,30.41530241093447,28.732744389836448,39476534000,-0.1457296778017998,0.2590736847245021,-0.4048033625263019,42.51505051018119,29.349100224833602,NVDA
2021-12-23,29.581092834472656,29.999260737951445,29.37250856669955,29.695864054966595,343022000,53.48229034715613,50.65593498601399,52.768489453605405,30.22750949859619,28.43818546295166,24.822053928375244,20.609323587417602,29.134662805688485,29.546588949239183,29.129369240318063,27.947102626512066,26.112723450448943,31.964794554457324,30.32271878431893,28.680643014180525,39819556000,-0.11238829297883868,0.18478128918383396,-0.29716958216267264,47.039935609633055,41.91493412937501,NVDA
2021-12-27,30.88350486755371,31.0252228788843,29.58109789794575,29.60105861020263,403686000,64.52763141347666,55.477147076867915,55.79866613581232,30.19985761642456,28.62185302734375,24.928612327575685,20.699622721672057,29.52329437499187,29.66812675999505,29.229605561874386,28.051974135120698,26.21874081527349,31.866380122078823,30.24710481468001,28.62782950728119,40223242000,0.018910769484119072,0.151607185243891,-0.13269641575977192,71.64411319047551,53.73303310342993,NVDA
2021-12-28,30.26173973083496,31.267735891884268,29.952354442300354,31.249772014643753,420591000,56.801222282148046,52.82368632434426,54.067435188385176,30.04766502380371,28.790770225524902,25.025331382751464,20.785140981674193,29.687393342957,29.72209157552595,29.28858465724356,28.130894334967635,26.3085852356193,31.80281158780532,30.185524291954238,28.56823699610317,39802651000,0.07196539988655104,0.135678828172423,-0.06371342828587195,61.74922057107201,60.144423123726874,NVDA
2021-12-29,29.941377639770508,30.487291454884854,29.307639364299206,30.212838350656018,343139000,52.88589698000778,51.458000222404195,53.17866691327804,29.91438055038452,28.94609546661377,25.12155065536499,20.86855868816376,29.743834297804447,29.742026672275458,29.32588711338796,28.195554452996312,26.38931395571155,31.652659997446005,30.04458435111516,28.436508704784305,39459512000,0.0871563492065448,0.12597433237924735,-0.03881798317270255,56.44269727664232,63.278677012729965,NVDA
2021-12-30,29.527202606201172,30.39647191079737,29.481294496536442,29.76772287739856,308864000,47.7767242894504,49.67009435670756,52.0228348405357,29.822114276885987,29.09177993774414,25.214336528778077,20.94965615272522,29.69569392189261,29.72249721172325,29.33739085583443,28.24311331561077,26.459044814611318,31.494031964988732,29.913131641938566,28.332231318888393,39150648000,0.06502525156047767,0.11378451621549342,-0.04875926465501575,58.32737605089546,58.83976463286995,NVDA
2021-12-31,29.352548599243164,29.97031979961117,29.272707665423898,29.61502640680273,266530000,45.54995832243853,48.89853924780671,51.52908212792131,29.68663444519043,29.237703323364258,25.308957653045653,21.032966327667236,29.619439405748288,29.688865519679606,29.33825701260064,28.28273600431193,26.523344898714246,31.320377619220316,29.796981885324563,28.273586151428805,38884118000,0.033012530609664026,0.09763011909432755,-0.06461758848466352,54.14573194616414,56.30526842456732,NVDA
2022-01-03,30.06113624572754,30.649963801294536,29.725803587995546,29.755744649714465,391547000,55.62019851321799,52.146322170371064,53.404838704670645,29.658091163635255,29.38604347229004,25.413029232025146,21.119204745292663,29.71759425907701,29.72270831295669,29.379564397350748,28.3462502986482,26.60196248420343,31.215935070974087,29.717584708408303,28.219234345842512,39275665000,0.06408063806735598,0.09092022288893324,-0.026839584821577264,71.11105330474733,61.19472043393566,NVDA
2022-01-04,29.231792449951172,30.407450890043936,28.292662528832594,30.2168304824857,527154000,44.151600432146154,48.278774927732904,50.99032755854119,29.620815563201905,29.51711811065674,25.5067520904541,21.199598207473755,29.60963830149349,29.678079598138005,29.371120286070774,28.37787680405188,26.660403150108934,31.144886057207156,29.640832899449546,28.136779741691935,38748511000,0.021533004782050114,0.07704277926755662,-0.05550977448550651,51.25453438023413,58.837106543715215,NVDA
2022-01-05,27.54913902282715,29.357538070443287,27.478280983281813,28.891465241719928,498064000,29.39485826364701,41.546109103178836,46.52831150215886,29.38014488220215,29.605758247375487,25.580824871063232,21.27215446472168,29.151749572900968,29.48453954583702,29.26700707102828,28.348279026150998,26.680152836169334,31.07006681976903,29.581221459097367,28.092376098425706,38250447000,-0.14627618932637887,0.03237898554876953,-0.1786551748751484,10.967695810702478,44.444427831894664,NVDA
2022-01-06,28.12199592590332,28.38147940620743,27.011209040903,27.58506509041977,454186000,37.87740652537589,44.38942032678686,48.14342767309632,29.198106956481933,29.6749010848999,25.663000774383544,21.349708375930785,28.922915429123712,29.360671944024865,29.201577862735427,28.340197486856436,26.712193793718978,30.862210643152768,29.39356330741784,27.924915971682914,38704633000,-0.2303856774642128,-0.02017394705382694,-0.21021173041038585,26.096085467997156,29.439438552977943,NVDA
2022-01-07,27.192852020263672,28.365518095345266,27.003229072578133,28.085076387090762,409939000,30.69894283389621,40.91328377674386,45.79776201168924,29.03627939224243,29.73076972961426,25.740793972015382,21.42315396308899,28.53845689382148,29.16359740550112,29.086793528879895,28.299220863049552,26.72287508764219,30.682837575440676,29.190618118512436,27.6983986615842,38294694000,-0.36777768853531967,-0.08969469535012549,-0.2780829931851942,4.446538737541329,13.836773338747008,NVDA
2022-01-10,27.34554100036621,27.41440410370387,25.593030604307547,26.52816855265598,594681000,33.195618775009876,41.72096337607321,46.247703451213205,28.896657085418703,29.779912872314455,25.824284572601318,21.495846819877624,28.27336447305364,28.998319550488855,28.987293384393396,28.265160867953718,26.736712107924948,30.48535753842682,28.990856994995163,27.49635645156351,38889375000,-0.4590494858217653,-0.16356565344445345,-0.29548383237731185,30.882844257926948,20.4751561544885,NVDA
2022-01-11,27.761714935302734,28.009223147677293,26.785659911463362,27.268697246348502,404089000,40.23765675091587,43.9691299738079,47.489798406902075,28.87949104309082,29.82488582611084,25.904374179840087,21.57007691860199,28.15966457577566,28.885900949108297,28.917260330159642,28.247180656073326,26.759489948533343,30.338079195021216,28.853939000654435,27.369798806287662,39293464000,-0.49212833520143207,-0.22927818979584919,-0.2628501454055829,38.21668652542984,24.515356506966057,NVDA
2022-01-12,27.943359375,28.538173737078317,27.553135645796164,28.011223129932247,383413000,43.36453086313516,44.96699379887649,48.03769496062582,28.862624835968017,29.868302726745604,25.97612356185913,21.64559676170349,28.111596753381072,28.80021535146209,28.861608847007663,28.236329896034995,26.785798158010376,30.243949107378064,28.81641058135047,27.38887205532288,39676877000,-0.49794635778569685,-0.2830118233938187,-0.21493453439187815,41.417635834549536,36.83905553930213,NVDA
2022-01-13,26.522188186645508,28.42340115632872,26.4453396404375,28.322602041435534,540171000,29.079630944723448,39.099835423474424,44.26024966368841,28.668810844421387,29.871840400695802,26.022267246246336,21.711634240150453,27.758394849662057,28.5931219728424,28.72792766641554,28.175110549271082,26.77994015864671,30.227315712532477,28.77344861524249,27.3195815179525,39136706000,-0.6101998166274569,-0.34844942204054635,-0.2617503945869106,16.373671146801364,32.00266450226027,NVDA
2022-01-14,26.888458251953125,27.142952562616813,26.157912587583745,26.247733885046436,395832000,35.63680102334044,41.22818411791479,45.41672350088147,28.59670457839966,29.87877182006836,26.073719902038576,21.777191405296325,27.56507560572674,28.438152543670647,28.62281512844626,28.129158681509725,26.782351671831297,30.01388365946747,28.639619916853263,27.265356174239052,39532538000,-0.6619757143093956,-0.41115468049431625,-0.25082103381507936,22.828104403616827,26.873137128322593,NVDA
2022-01-18,25.851524353027344,26.585064339420303,25.718789234872563,26.207815257948447,424270000,27.11866366441771,37.25826819140982,42.78912502824653,28.50199337005615,29.801039733886718,26.11061279296875,21.836687364578246,27.184286438460205,28.203004526339438,28.464455655565178,28.047814598349643,26.761666620302318,29.761592623543542,28.491835026584866,27.222077429626182,39108268000,-0.7777153672302397,-0.484466817841501,-0.29324854938873873,5.111670228782379,14.771148593066876,NVDA
2022-01-19,25.017179489135742,26.490245813728656,25.00220991034634,26.02716920354063,488315000,22.033497602580482,34.38891027497141,40.80331225659113,28.36965675354004,29.707598571777343,26.140608940124512,21.892640008926392,26.7027071163881,27.91338406841183,28.267468446054924,27.939577630163434,26.72290023960973,29.653331829955413,28.367938774773794,27.08254571959218,38619953000,-0.9260891543335923,-0.5727912851399193,-0.353297869193673,0.2650536669700361,9.4016094331231,NVDA
2022-01-20,24.10200309753418,25.528163907695127,24.03014569021503,25.253710832650285,435181000,17.671779477722396,31.52136084188973,38.74151543826798,28.123896026611327,29.574858169555664,26.155786323547364,21.94261030673981,26.124772889976118,27.566894889241134,28.029441854710882,27.802521396855248,26.66465808089694,29.531431769107765,28.222181334864754,26.912930900621753,38184772000,-1.1047882249915162,-0.6791906731102387,-0.42559755188127746,1.0854891496019146,2.1540710151181286,NVDA
2022-01-21,23.32754898071289,24.773668763232777,23.216769512080788,23.460284088756683,718958000,14.713936237639174,29.295161911262724,37.08372424262394,27.823194980621338,29.429562644958494,26.16270034790039,21.987843012809755,25.50316757680651,27.181499806647654,27.760762261910997,27.642700953421592,26.59050010089285,29.29994033892993,27.99824639069008,26.696552442450237,37465814000,-1.293984255766329,-0.8021493896414569,-0.49183486612487215,1.4903346303332083,0.9469591489684053,NVDA
2022-01-24,23.325550079345703,23.33353360141309,20.846487542973147,22.285621139528853,913982000,14.706312366015823,29.28941214722599,37.07944282836527,27.51041784286499,29.308136558532716,26.17257806777954,22.0326517868042,25.01925257737078,26.830958922347477,27.507321565764407,27.48851699363317,26.517945655969577,29.052718255857126,27.685155582363297,26.317592908869468,36551832000,-1.4276279614024823,-0.927245103993662,-0.5003828574088203,25.929003661875466,9.501609147270216,NVDA
2022-01-25,22.279632568359375,22.89740375021859,21.956277081612978,22.501191486192454,664616000,11.096277920514424,26.372664344846058,34.876763343867225,27.080224227905273,29.147211418151855,26.17143781661987,22.068196139335633,24.410448130923797,26.41720198107583,27.208596480198402,27.30248540701625,26.42376092068935,28.721346426541704,27.33881353888817,25.95628065123465,35887216000,-1.5995003189863795,-1.0616961469922055,-0.537804171994174,16.838638435533078,14.752658909247268,NVDA
2022-01-26,22.72673988342285,24.009185786472784,22.25567786422713,23.193810141981658,755959000,21.03921323022776,29.600112067962826,36.56096530862509,26.703474235534667,28.995228424072266,26.175217666625976,22.10362944126129,24.036290742590253,26.081705426743742,26.952490388954082,27.13906592403077,26.341604897638984,28.378964310885515,26.981698902217367,25.584433493549216,36643175000,-1.68026354473524,-1.1854096265408125,-0.4948539181944276,24.44525547455005,22.404299190652882,NVDA
2022-01-27,21.900386810302734,23.94731106663501,21.631920439455527,23.521159678261036,573353000,16.857741404670946,27.224786373434142,34.82093181624586,26.30142469406128,28.834002952575684,26.166273365020754,22.13693841457367,23.56164542430414,25.70158555252183,26.66379875588829,26.951970241397625,26.242911162364845,28.045596307459487,26.600711414143937,25.15582652082837,36069822000,-1.7903111770695936,-1.3063899366465688,-0.48392124042302487,13.701797508812632,18.328563806298604,NVDA
2022-01-28,22.79461097717285,22.812574856114637,21.253678692839582,21.968255413826792,543774000,33.913605927670304,33.448545844531566,38.15103944825969,25.964795112609863,28.687109489440918,26.168077545166014,22.170428071022034,23.39119332494163,25.437315136581013,26.442702311390264,26.803493124818168,26.16628226936058,27.700553264368075,26.237609129495873,24.77466499462368,36613596000,-1.7847943038824283,-1.402070810093741,-0.3827234937886874,25.327650986239224,21.15823465653399,NVDA
2022-01-31,24.437341690063477,24.460296700397127,23.00619130743321,23.135932134973686,564680000,54.492959615495906,43.07899472438479,43.677617062189235,25.71903476715088,28.591870803833007,26.189532203674318,22.213252305984497,23.62367073941315,25.346408459624875,26.328110275885876,26.71898771643407,26.12786136759842,27.44842063929614,25.959813267342845,24.47120589538955,37178276000,-1.6290883856404434,-1.4474743252030815,-0.18161406043736195,46.68487580580606,28.571441433619324,NVDA
2022-02-01,24.589035034179688,25.095027394146598,23.842520509649365,25.054108511883626,518925000,56.01087105026174,43.88649230654123,44.1593206328621,25.445429706573485,28.45148796081543,26.21412040710449,22.259581842422484,23.838196138250158,25.277556330038948,26.228734547788378,26.64291797778213,26.093665226855784,27.235653831750536,25.720622900258675,24.205591968766814,37697201000,-1.4764305659983847,-1.4532655733621422,-0.0231649926362425,48.65704862055853,40.223191804201285,NVDA
2022-02-02,25.191831588745117,25.765687622380483,24.50419990907991,25.742734523169712,543419000,62.04749076325201,47.098144402556684,46.075321920535906,25.243431663513185,28.2970161819458,26.241732902526856,22.309875469207764,24.139004016137925,25.26976317173951,26.169482950128764,26.59109346388795,26.073624479342214,27.01401570453137,25.482921558753723,23.95182741297607,38240620000,-1.2919151067579548,-1.4209954800413047,0.12908037328334987,57.349790000410955,50.89723814225854,NVDA
2022-02-03,23.900405883789062,25.027161828554508,23.7327404966598,24.409392542148876,410178000,45.86598062448666,41.60422972210986,42.78709539073823,25.060995006561278,28.137252655029297,26.259684295654296,22.352768077850342,24.08598220894929,25.145276145562196,26.039821403480783,26.494997478884418,26.025330732774364,26.732544295836544,25.24051524669302,23.74848619754949,37830442000,-1.2356487478423404,-1.3839261336015118,0.1482773857591715,48.50210921982927,51.502982613599606,NVDA
2022-02-04,24.270671844482422,24.586043852193274,23.585036824296264,23.924361305059936,354829000,50.32329453159149,43.63434959075018,43.98533753671087,24.868428802490236,27.989085426330565,26.28044017791748,22.40005686759949,24.127024350178875,25.065766663645853,25.93872714296659,26.415557277655775,25.98633831303454,26.50114817308458,25.050940555334602,23.600732937584617,38185271000,-1.1479470652424055,-1.3367303199296905,0.18878325468728496,59.669573536582135,55.17382425227414,NVDA
2022-02-07,24.67885398864746,25.131950236744533,24.153898433728177,24.32356063658267,376868000,55.20279460480022,45.868514040467495,45.30553633121497,24.742728900909423,27.830561141967774,26.304289989471435,22.447316784858703,24.249653158727448,25.030592784100545,25.86673439129121,26.353532160191193,25.95728310582594,26.330884087358267,24.899353544002956,23.467823000647645,38562139000,-1.0335913643518815,-1.2761025288141288,0.2425111644622473,67.90451082096557,58.69206452579234,NVDA
2022-02-08,25.058101654052734,25.1798589396147,23.93234311537428,24.310589623943148,410359000,59.62450745452846,47.933479385317284,46.52965814682494,24.62835693359375,27.7029923248291,26.332920169830324,22.495411853790284,24.429308379910843,25.033093590459835,25.82052680630615,26.307266784971965,25.937301295786533,26.192223530616587,24.76615837766732,23.34009322471804,38972498000,-0.9019642480166965,-1.2012748726546425,0.299310624637946,85.6158327186196,71.06330569205579,NVDA
2022-02-09,26.651927947998047,26.671888658006182,25.30261555051223,25.571080056956752,524282000,73.04313945694632,55.599250897821534,51.316873429422266,24.572867584228515,27.569919052124025,26.380901432037355,22.551956095695495,24.923223839485775,25.180260350236033,25.86803544297426,26.319576112222897,25.953181888057898,26.143289487321855,24.73875292446317,23.334216361604483,39496780000,-0.661415956806696,-1.0933030894850533,0.4318871326783573,99.6573504619858,84.39256466719034,NVDA
2022-02-10,25.772676467895508,26.871488159313945,25.549122622898047,25.943338051848187,513200000,59.87090134707311,51.127205782118224,48.79721147470431,24.46433343887329,27.433231239318847,26.427943611145018,22.604627771377565,25.111991090243492,25.234116360932347,25.862586358684045,26.300043982068345,25.949170656498733,26.0787354580563,24.669494023759427,23.260252589462546,38983580000,-0.5355544113163653,-0.9817533538513157,0.4461989425349504,81.7624634188704,89.01188219982528,NVDA
2022-02-11,23.901405334472656,26.10002831228232,23.725756410566216,25.864497256375,605472000,40.991780094030155,43.168963594496816,43.99128119789604,24.333294296264647,27.28380878448486,26.4549458694458,22.647703680992127,24.84297203340553,25.112960813072377,25.75051887158625,26.214378316082783,25.903664760453708,25.98127867600469,24.50588325073477,23.03048782546485,38378108000,-0.5801169443099106,-0.9014260719430347,0.32130912763312414,47.130944141733956,76.18358600753008,NVDA
2022-02-14,24.21877098083496,24.825562419077983,23.707787514804277,23.886432615759617,440424000,44.55030171498703,44.73999157364324,44.95255689694195,24.19980993270874,27.126941299438478,26.47818649291992,22.693938703536986,24.70426068838985,25.03167082832352,25.662990420686178,26.143106625538216,25.86622267646218,25.80318870928172,24.368759313136444,22.934329916991164,38818532000,-0.5831026727937854,-0.8377613921131849,0.25465871931939954,52.78022164493624,60.55787640184689,NVDA
2022-02-15,26.442344665527344,26.4922445340871,24.734744665885565,24.899415754979135,699869000,63.20587023513142,54.27694893801206,51.1000431689018,24.22935094833374,27.043148155212403,26.518264236450197,22.752153177261352,25.090501572198182,25.15991390443296,25.707524948962813,26.15379369839497,25.879025387330294,25.799972679803176,24.328759479221308,22.857546278639433,39518401000,-0.40141777669835577,-0.750492669030219,0.3490748923318633,92.36101729067855,64.0907276924496,NVDA
2022-02-16,26.458314895629883,26.529174849501977,25.501221062795562,26.206816786682104,732676000,63.31225299126145,54.33790249898489,51.141013518831784,24.301407718658446,26.972768363952635,26.562503185272217,22.812868909835814,25.39446008851634,25.277950358178135,25.7504272316295,26.164669455439075,25.89189848751473,25.812962662772755,24.334050477326183,22.855138291879612,40251077000,-0.253223520356741,-0.6510388392955235,0.3978153189387825,92.64529589068884,79.26217827543456,NVDA
2022-02-17,24.458295822143555,25.733755858622583,24.11697644225443,25.579063213609647,810595000,44.13519561393381,46.05716966590759,46.0856222681744,24.319222354888915,26.814683227539064,26.59094305038452,22.863049640655518,25.186423584877943,25.203436309447717,25.676591151087447,26.103727539964233,25.860040650506484,25.78416303497541,24.299120206053324,22.814077377131234,39440482000,-0.2937768522149895,-0.5795864418794168,0.28580958966442727,37.5677359425524,74.19134970797329,NVDA
2022-02-18,23.595012664794922,24.9363413812796,23.054090050944854,24.61897260173139,761255000,38.14987171105205,43.010376577888465,44.11763644731851,24.332595539093017,26.65132839202881,26.620339851379395,22.908592252731324,24.832776713748384,25.057215978115643,25.557643809013587,26.014130580136758,25.809706695268446,25.76952542767603,24.266185783856102,22.762846140036174,38679227000,-0.3910674142033628,-0.541882636344206,0.1508152221408432,14.169929320816019,48.127653718019104,NVDA
2022-02-22,23.34351348876953,24.016173750217902,22.954289194180653,22.98921948197412,633422000,36.42306535052172,42.13586490515374,43.551207855494766,24.33349370956421,26.509610595703126,26.64903778076172,22.95143476009369,24.50182933041975,24.90142484272054,25.431122076428213,25.918751398302213,25.75490240179069,25.730016619609323,24.250249104128187,22.770481588647062,38045805000,-0.4828982171056424,-0.5300857524964933,0.047187535390850854,9.936291162469303,20.55798547527926,NVDA
2022-02-23,22.342506408691406,24.106994175655707,22.256678790095112,23.754695100866613,566511000,29.94853869872138,38.75802351065129,41.342513870754246,24.33663740158081,26.353700981140136,26.665739841461182,22.991997866630555,24.021979792257895,24.668795894172437,25.25462975255754,25.79102836295897,25.679071379721815,25.718753383610462,24.269306376361687,22.81985936911291,37479294000,-0.6291947304158754,-0.5499075480803697,-0.07928718233550569,1.8598302059619567,8.655350229749113,NVDA
2022-02-24,23.700801849365234,23.752698549006187,20.8484821049316,20.973233676940158,735801000,45.673275659850226,45.1799925555813,45.27936270873565,24.38534049987793,26.265616302490233,26.69576545715332,23.039150457382203,23.950606916059527,24.580796435553598,25.165839586660837,25.716377416044907,25.63510983460278,25.83078415233299,24.28785667958569,22.744929206838385,38215095000,-0.6282901432357768,-0.5655840671114511,-0.06270607612432566,47.35707915083839,19.717733506423233,NVDA
2022-02-25,24.10898780822754,24.168868025869422,23.334531028911424,23.673855434811756,528866000,49.74163764743341,46.9793304204909,46.40937479964482,24.49577054977417,26.182182388305662,26.739951553344728,23.09107584953308,23.98580266987464,24.53790474216032,25.10544805646465,25.658970644337145,25.60119601179444,25.82861384365081,24.329456414964824,22.83029898627884,38743961000,-0.5878595765816037,-0.5700391690054817,-0.01782040757612202,54.13419269143176,34.45036734941072,NVDA
2022-02-28,24.336538314819336,24.615982537692595,23.659886251331425,23.944319699810443,477319000,52.13928991353651,48.00391705344869,47.04668373530784,24.572866916656494,26.060943794250488,26.779238357543946,23.14460406780243,24.063743924306795,24.519598703311136,25.06151035694206,25.611740918282937,25.573092507417215,25.845358379603113,24.41092925286086,22.9765001261186,39221280000,-0.5313317750978541,-0.5622976902239563,0.03096591512610214,57.91221490388215,53.13449558205078,NVDA
2022-03-01,23.430339813232422,24.328552626962264,23.086026170341224,24.24272310643019,412056000,42.45925338430238,44.329983763284055,44.82719260679044,24.522516822814943,25.962938919067383,26.806978435516356,23.190719804763795,23.922987455179157,24.420575167849435,24.96830061158722,25.533833735959703,25.525475780879773,25.89353210919751,24.474168206581638,23.054804303965756,38809224000,-0.553277887736062,-0.5604937297263775,0.007215841990315441,42.86659659626709,51.63766806386035,NVDA
2022-03-02,24.175983428955078,24.364641033795944,23.372447983953073,23.712827876260754,389642000,51.37331718584987,47.86564953429278,46.978914465668126,24.50186424255371,25.891543617248534,26.83843282699585,23.240950293540955,23.979208782684918,24.398339555222677,24.92302534400824,25.48533908213811,25.49548706194811,25.871682993633176,24.47431491688021,23.076946840127242,39198866000,-0.5046854324207608,-0.5493320702652542,0.04464663784449341,55.24652132139873,52.00844427384934,NVDA
2022-03-03,23.6709041595459,24.281791456450637,23.426348571587415,24.217906685184186,365095000,45.62768094185307,45.74622460970605,45.71631483273683,24.42581787109375,25.811683464050294,26.867271251678467,23.28940224647522,23.91069664420958,24.332209064706603,24.851475562038964,25.420537834902674,25.454940775228064,25.818687267453907,24.44022700020733,23.061766732960738,38833771000,-0.5011542432528593,-0.5396965048627753,0.03854226160991603,49.68446950967341,49.26586247577976,NVDA
2022-03-04,22.89431381225586,23.63696104746918,22.441138501526705,23.341499510346303,431415000,37.822776126781726,42.62131101806703,43.82308546387218,24.37551326751709,25.68922538757324,26.88970100402832,23.33372187614441,23.684833792664307,24.20149131448381,24.73963774776564,25.330315548379573,25.39803795382868,25.71255550140585,24.337222146890596,22.961888792375348,38402356000,-0.5546267097199156,-0.5426825458342034,-0.011944163885712178,36.01377154713521,46.98158745940247,NVDA
2022-03-07,21.313194274902344,22.991140894785616,21.2912348972877,22.775531944141846,450821000,26.674830415606593,37.06925306642875,40.273112200208736,24.227639389038085,25.528657875061036,26.89655902862549,23.367409029006957,23.157802788717206,23.93891885634004,24.54384097788774,25.186846931469674,25.30726364985254,25.619725594338895,24.225083446223493,22.83044129810809,37951535000,-0.716329753838032,-0.5774119874349691,-0.13891776640306286,8.180554570829738,31.29293187587947,NVDA
2022-03-08,21.474903106689453,22.332341322019484,20.61247291155514,21.270275724010467,557467000,29.23466720855248,37.959390287496056,40.78599806936706,24.067441844940184,25.36653408050537,26.902359771728516,23.400013256073,22.78382508159993,23.714917424553622,24.368473099533553,25.054277509156094,25.222100082226692,25.52662319698959,24.097749554466223,22.668875911942855,38509002000,-0.8219570211516789,-0.6263209941783111,-0.1956360269733678,14.576198094467223,19.59017473747741,NVDA
2022-03-09,22.97217559814453,23.177800600931413,22.206569302526024,22.346314265208143,492742000,49.012256213622784,45.62807021325185,45.33032532218285,23.963145542144776,25.208307495117186,26.915080261230468,23.437010378837584,22.825680751943175,23.647395440334613,24.288684670882752,24.97991672661997,25.1721017603582,25.43728004347608,24.00873118688657,22.58018233029706,39001744000,-0.7759058549576743,-0.6562379663341837,-0.11966788862349054,46.07639747654652,22.94438338061451,NVDA
2022-03-10,22.6168212890625,22.746584183582087,21.842230651130887,22.490051297255544,428066000,45.398673929732915,44.23069279684781,44.48327763552466,23.761390209197998,25.055409126281738,26.92308967590332,23.47205243587494,22.77926753796969,23.553706881128058,24.193149620493024,24.895520460992916,25.11531774988496,25.310388702831098,23.89818090775536,22.48597311267962,38573678000,-0.7593310017699686,-0.6768565734213408,-0.08247442834862784,46.35544285266121,35.669346141225,NVDA
2022-03-11,22.059839248657227,23.102940302954398,22.00593652699091,22.980162727551132,367209000,39.869783510731985,42.05659052387614,43.16167151608051,23.575748348236083,24.897778358459473,26.921936912536623,23.50404899597168,22.619394584789145,23.41790073272162,24.071246170673835,24.794246131980927,25.04741822763545,25.115554987394507,23.716312398582122,22.317069809769738,38206469000,-0.7821232766920438,-0.6979099140754814,-0.08421336261656243,36.152438042180755,42.86142612379618,NVDA
2022-03-14,21.291236877441406,22.221542360192014,21.1205481082041,21.829256910095523,385354000,33.178706354006295,39.19362036457203,41.38771725433592,23.44523992538452,24.73305904388428,26.91241949081421,23.53325987815857,22.324248427600757,23.224567654968872,23.912388496774838,24.669138658604517,24.963947530964468,24.889776038861907,23.50107493978419,22.112373840706468,37821115000,-0.8523803960391803,-0.7288040104682212,-0.12357638557095907,16.954223400759744,33.154034765200585,NVDA
2022-03-15,22.93124771118164,22.996130111197097,21.28324922029345,21.47889215070773,491996000,53.2624395495055,47.41875973487985,46.31021971406245,23.380863761901857,24.604633026123047,26.921168174743652,23.566897792816164,22.459137157285397,23.19790220553367,23.856323309026656,24.607071124767984,24.918776423858183,24.754843720654186,23.397637431615156,22.040431142576125,38313111000,-0.766884335901235,-0.736420075554824,-0.03046426034641092,57.91855187478667,37.00840443924241,NVDA
2022-03-16,24.45148468017578,24.552300969340088,23.129891326873263,23.457294382081265,671422000,64.97301302856846,53.67430686978539,50.351105851662844,23.281320762634277,24.492439994812013,26.939241733551025,23.608037157058718,22.90188105126104,23.31186424868295,23.890332530235177,24.601514466032548,24.908392162887463,24.759533566308967,23.3878208611655,22.01610815602204,38984533000,-0.5698883558061425,-0.7031137316050877,0.13322537579894522,95.89115868629696,56.92131132061448,NVDA
2022-03-17,24.720993041992188,24.79685323515595,23.862555326463934,24.076167120982394,471941000,66.74558406564503,54.70314757408758,51.0341432049593,23.194454669952393,24.402224006652833,26.959671058654784,23.647961769104004,23.306128160312404,23.43996686625652,23.93779884519272,24.605781558031108,24.904227737978676,24.652255183127757,23.319742571294267,21.98722995946078,39456474000,-0.3875530792242792,-0.640001601128926,0.25244852190464684,98.1870626640725,83.9989244083854,NVDA
2022-03-18,26.404926300048828,26.52071662131349,24.579251558233064,24.753932770637824,730719000,75.89268676497414,60.592203485538384,55.07164883493257,23.291786193847656,24.379339752197264,26.992548999786376,23.69535098075867,23.99474996914272,23.70950863296491,24.078777556898785,24.670036727388887,24.93757659491357,24.680139587902197,23.304126439098518,21.92811329029484,40187193000,-0.1059503880490773,-0.5331913585129563,0.427240970463879,98.04019050410164,97.37280395149038,NVDA
2022-03-21,26.68541145324707,27.102652930497936,25.919805242036578,26.458824731039037,591727000,77.14902126579815,61.49028881273568,55.70762221383203,23.446306133270262,24.35060806274414,27.012754573822022,23.741107749938966,24.592674743388134,23.98004525299056,24.227728065261545,24.742014396169537,24.9764173695432,24.745172069156812,23.38982233596774,22.034472602778674,40778920000,0.13826079689373572,-0.3989009274316179,0.5371617243253537,93.571187917237,96.59948036180373,NVDA
2022-03-22,26.47579574584961,27.188498830843827,26.024617540690265,26.67842593251297,547007000,73.70437269573434,60.382780023104914,55.09826011044584,23.602920246124267,24.33626693725586,27.033518333435058,23.785613203048705,25.011146077268464,24.206931661432293,24.35618907558086,24.803935158658113,25.009736889016676,24.839590448519044,23.518448812481463,22.19730717644388,40231913000,0.3112972438013415,-0.2568612931850261,0.5681585369863675,89.16210042749788,93.59115961627886,NVDA
2022-03-23,25.58741569519043,26.56363709584055,25.52852290161085,26.078520250553925,502120000,60.06505616996805,55.79604430797883,52.55128730098136,23.765165710449217,24.301104431152343,27.040508651733397,23.826484727859498,25.139205992362236,24.33243020995576,24.426544882415694,24.831916606391413,25.022574195820535,24.955229943345255,23.63536308644136,22.31549622953747,39729793000,0.37245163840512774,-0.13099870686699533,0.5034503452721231,75.65272468046199,86.12867100839897,NVDA
2022-03-24,28.098840713500977,28.268531837117266,25.859917039185778,26.11844711768974,877379000,75.46650201265821,64.09854258600555,58.254535770601635,23.985067653656007,24.30784694671631,27.066366386413574,23.880386056900026,25.796902597059734,24.67483116482351,24.63639035847771,24.948592467359614,25.09093567399121,25.196436426717863,23.849983883510596,22.50353134030333,40607172000,0.6164617594168575,0.01849338638977524,0.5979683730270823,97.78357082584981,87.53279864460323,NVDA
2022-03-25,27.641674041748047,28.306464068102645,27.221439608204165,27.835321724179195,579016000,69.6028146190818,61.82223275380027,56.9517751437438,24.161701965332032,24.30181324005127,27.08505798339844,23.931668558120727,26.20685180699047,24.94454415363483,24.808120854664583,25.0447739521592,25.14761874883025,25.345801811832523,24.085977458347926,22.826153104863334,40028156000,0.7641434387088069,0.16762339685358157,0.5965200418552252,91.35962060745457,88.26530537125547,NVDA
2022-03-28,28.1677188873291,28.198662689661013,27.15655927410769,27.705560928979263,425494000,72.54804529971247,63.43148255338225,58.07952918758817,24.35326099395752,24.33472385406494,27.10328212738037,23.98358458518982,26.64260004706572,25.237560038516126,25.000097885102555,25.15630769984384,25.214732085241337,25.54475186332261,24.275033870857282,23.005315878391958,40453650000,0.9131039621467565,0.31671950991221653,0.59638445223454,98.06920674347126,95.73746605892524,NVDA
2022-03-29,28.603919982910156,28.89339193940493,27.929147968750208,28.642848661602688,488984000,74.96200857502832,64.75802703514597,59.01042630344734,24.611940002441408,24.36903308868408,27.12390245437622,24.03671634674072,27.078448921697817,25.543592760733766,25.206030576405844,25.27943670995335,25.290047371856197,25.748537511578206,24.47843153414652,23.208325556714833,40942634000,1.0542018503892656,0.4642159780076264,0.5899858723816392,96.27585523675636,95.23489419589407,NVDA
2022-03-30,27.639678955078125,28.444213951833504,27.453018519672682,28.252563440733994,463487000,60.783694856033556,59.610258546861076,56.12988759691273,24.78512477874756,24.404796180725096,27.10291795730591,24.086175508499146,27.20316670689344,25.734146051128707,25.34509619804426,25.363731075850666,25.342261407038905,25.938029570985627,24.67989173757586,23.421753904166092,40479147000,1.075815420434381,0.5865358664929774,0.48927955394140366,83.87060113964598,92.73855437329121,NVDA
2022-03-31,27.236412048339844,28.19666368490603,27.220442282936776,27.731510949600096,523440000,55.51412585050574,57.54981375841858,54.9569372780341,24.963400173187257,24.449180831909178,27.07838970184326,24.133509864807127,27.210554560548196,25.87071568723881,25.45317138948972,25.430612539153852,25.384353643512256,26.107752279332576,24.850375000583455,23.592997721834333,39955707000,1.0483196845141443,0.6788926300972108,0.36942705441693346,78.68244973076864,86.27630203572369,NVDA
2022-04-01,26.663455963134766,27.446031589701068,26.219264969798488,27.325251194574196,517235000,48.36534063080608,54.65903173136526,53.30243857516924,25.1518572807312,24.500409889221192,27.03763402938843,24.173754110336304,27.088977094456325,25.942782985047533,25.52233050798372,25.474642661438885,25.412778139503867,26.26749322441462,24.99243386304457,23.71737450167453,39438472000,0.9691248796655323,0.736939080010875,0.23218579965465724,70.69784288446934,77.75029791829468,NVDA
2022-04-04,27.31027603149414,27.507916136883054,26.564633902248794,26.679424670623536,397120000,56.03504722481861,57.26858139893523,54.90473248408872,25.45171136856079,24.580064430236817,27.004813537597656,24.217324743270876,27.138154636020285,26.0671005347245,25.62449882361289,25.540200996083716,25.454944759325873,26.45245817323128,25.18942454097115,23.92639090871102,39835592000,0.9476316918080734,0.7790776023703148,0.16855408943775863,72.53204234127094,73.97077831883632,NVDA
2022-04-05,25.883872985839844,27.269350934287917,25.773074655335627,27.20446853162703,436615000,40.22394585989657,50.38214019594538,50.879811145956786,25.67215986251831,24.631230888366698,26.969683723449705,24.254818420410157,26.859425380424632,26.050443484825895,25.639320204311574,25.552474995717866,25.464476497692846,26.65436038518129,25.401023406185242,24.14768642718919,39398977000,0.8062059405079225,0.7845032699978364,0.02170267051008612,40.17855905271113,61.13614809281716,NVDA
2022-04-06,24.362638473510742,25.254015044738694,23.95937343673086,24.888681047407786,703833000,29.55234655699485,44.26835225279387,47.03538609945468,25.74168300628662,24.672891006469726,26.91005121231079,24.282413692474364,26.30458384555488,25.897006665615425,25.566366962551523,25.50998083421047,25.439991208266576,26.779449737678856,25.54636165403788,24.3132735703969,38695144000,0.5648627162492659,0.7405751592481223,-0.17571244299885647,8.173156151751881,40.294585848578,NVDA
2022-04-07,24.164005279541016,24.67707109021869,23.435332416882506,24.396581634228397,557992000,28.37288122323011,43.525642226698324,46.555194165018435,25.819042205810547,24.70163631439209,26.848432369232178,24.308165245056152,25.82889971977402,25.739461085063205,25.486232009236637,25.461910278686563,25.411635965406006,26.854551093390487,25.608581706181376,24.36261231897226,38137152000,0.3534935795903458,0.663158843316567,-0.3096652637262213,13.350401542007296,20.567372248823457,NVDA
2022-04-08,23.076990127563477,23.879530038373876,23.020094493834147,23.873540423070956,524781000,22.480786406516785,39.60921041235114,43.986018905025915,25.86989974975586,24.725168380737305,26.779585666656494,24.32774214744568,25.217364254838344,25.497418270745044,25.3485610445696,25.376734559003598,25.359754946787284,26.89639592787083,25.652565492467023,24.408735057063218,37612371000,0.09714910336546367,0.5499568953263464,-0.4528077919608827,0.9687170496061965,7.497424914455144,NVDA
2022-04-11,21.87717056274414,22.27943807836627,21.62063763333046,22.17363171495148,575207000,17.631155817854804,35.78205828343354,41.3526344461962,25.899196434020997,24.70681957244873,26.696964530944825,24.342190475463866,24.47509898992852,25.168304842744963,25.150195874179573,25.251750130565764,25.282364182697435,26.85344228030028,25.630478670178746,24.40751506005721,37037164000,-0.2005098003104564,0.3998635561989859,-0.6003733565094422,3.527314668108816,5.948811086574121,NVDA
2022-04-12,21.46491813659668,22.683699749756602,21.243321479658512,22.496041696902733,662258000,16.191030831468495,34.546905567633246,40.48204285547874,25.825879955291747,24.647371101379395,26.6196209526062,24.3498184299469,23.806169911410333,24.83163332400421,24.93960857488912,25.116506130781154,25.197532048339642,26.881644884657497,25.64252013081643,24.40339537697536,36374906000,-0.4643195645320084,0.22702693205278707,-0.6913464965847955,2.896661646506106,2.4642311214070585,NVDA
2022-04-13,22.162649154663086,22.459110293944573,21.416009317470518,21.68851390489682,516943000,28.116010096050488,38.42122879823538,42.619538733566586,25.711438179016113,24.598843383789063,26.525165672302247,24.36072678565979,23.44094307657761,24.58899839951865,24.780925179447635,25.011011238776938,25.13009020625794,26.831133804976815,25.623903332775257,24.416672860573694,36891849000,-0.6100572807626037,0.05961008948970892,-0.6696673702523126,12.017244544895966,6.1470736198369815,NVDA
2022-04-14,21.2193660736084,22.735606515539892,21.124539407798157,22.464099572114247,569097000,22.8430302720364,35.37281455353222,40.56070202695142,25.536356830596922,24.51939407348633,26.408205127716066,24.367039680480957,22.94725929814001,24.282668188072265,24.57740751625682,24.87559534002092,25.043185225532394,26.728146621109868,25.511932460085685,24.295718299061512,36322752000,-0.7925346856340987,-0.1108188655350526,-0.6817158200990461,1.2206006668867693,5.378168952762967,NVDA
2022-04-18,21.7434139251709,22.047858038582817,21.040692857198728,21.161473248993577,525701000,31.417826524211847,38.301617120209514,42.18289877453656,25.303281211853026,24.476254234313966,26.30675344467163,24.3749277305603,22.679738104146878,24.05182689144487,24.415465025337625,24.763731718061987,24.969856974413247,26.59592701849743,25.37624298734506,24.15655895619269,36848453000,-0.8846651920539692,-0.2655881308388359,-0.6190770612151333,8.948783859100104,7.395543023627631,NVDA
2022-04-19,22.15765953063965,22.332340741600348,21.27526524698662,21.680527560297847,512781000,37.958182269681814,40.59343927032955,43.45813920206607,25.076893615722657,24.43399398803711,26.21153970718384,24.383515148162843,22.563720643367493,23.879629858644392,24.28644756849774,24.67065771136833,24.907363697884943,26.367469912691583,25.189899670513814,24.012329428336045,37361234000,-0.9137203246583105,-0.3952145696027309,-0.5185057550555796,15.086965501460785,8.418783342482572,NVDA
2022-04-20,21.442960739135742,22.628801491972297,21.161473633865274,22.476079663374364,468974000,31.699427570425826,37.972673953152885,41.79536170045825,24.825251865386964,24.369276123046873,26.099918632507325,24.387474012374877,22.31466288687155,23.658114484143606,24.12396260681991,24.55538281950288,24.830376965468293,26.15126049599521,24.960143579072408,23.769026662149614,36892260000,-0.9830845592157758,-0.5127885675253399,-0.4702959916904359,5.621429874748338,9.885726411769761,NVDA
2022-04-21,20.146324157714844,22.35130961288542,19.963656140480197,21.669550192138768,656209000,23.326056819196126,33.719324585505845,38.96745283885128,24.553197288513182,24.271040573120118,25.98701644897461,24.38657967567444,21.832809835947835,23.338860818104628,23.89666898115676,24.39791643872474,24.72628690307377,25.936081041081746,24.686689258337434,23.437297475593134,36236051000,-1.1296619111993174,-0.6361632362601354,-0.493498674939182,2.421284755850728,7.709893377353303,NVDA
2022-04-22,19.479536056518555,20.448772191837854,19.46456392428075,20.266104182229988,624713000,20.0567202284288,31.74982682181772,37.59973402766446,24.122232055664064,24.127592735290527,25.848755893707274,24.384691038131713,21.309860107185774,22.988013112505893,23.644261385463146,24.22225999650309,24.609692439816985,25.64339181409726,24.396424123099266,23.149456432101278,35611338000,-1.2848191504704687,-0.765894419102202,-0.5189247313682667,0.18614293943695034,2.7429525233453576,NVDA
2022-04-25,19.86583137512207,19.90875249765362,19.061296409060496,19.167102763902953,641566000,27.15466924320475,34.149499423676204,38.89865383447271,23.733439922332764,24.00945583343506,25.721343536376953,24.383998050689698,20.988964833393837,22.704178409107364,23.42835109915794,24.066673260025198,24.504273305045988,25.1977587119388,24.025131911861685,22.852505111784566,36252904000,-1.3609236954185775,-0.8849002743654772,-0.47602342105310025,9.801774142567393,4.1364006126183765,NVDA
2022-04-26,18.753856658935547,19.75203935812216,18.636071069969407,19.682166873800284,653143000,20.781173552909777,30.79318250579354,36.60555130667106,23.262746810913086,23.906504859924315,25.59515682220459,24.37543924331665,20.49227412795866,22.345058250000832,23.16123713114523,23.876929809986283,24.376486268465758,24.786095550886973,23.611995235178703,22.43789491947043,35599761000,-1.4937451972199405,-1.00666925893637,-0.48707593828357054,1.7797912677289727,3.9225694499111246,NVDA
2022-04-27,18.381532669067383,19.132164853990513,18.256759849659264,18.564198736347848,499460000,18.990271981462612,29.739234476980172,35.86544118892533,22.751627445220947,23.789760093688965,25.45835069656372,24.36632830619812,20.023220470427265,21.984737742643247,22.88811116188364,23.680665626382037,24.243265077368015,24.337641920537028,23.171479624410757,22.005317328284484,35100301000,-1.6104859491367556,-1.1274325969764472,-0.4830533521603084,1.9434076438519583,4.508324351382794,NVDA
2022-04-28,19.746047973632812,20.000585605277607,18.456396224687087,18.932528613649104,570327000,41.25476948234532,38.10087010934673,40.47649738104468,22.35694589614868,23.655834159851075,25.349491157531737,24.366077785491942,19.96162658225072,21.781220490915025,22.708564693983593,23.54014356735528,24.14332691950723,23.93314043073289,22.739361686514442,21.54558294229599,35670628000,-1.5747461612528397,-1.2168953098317257,-0.35785085142111406,26.48673294460227,10.06997728539442,NVDA
2022-04-29,18.513294219970703,20.091420341877647,18.48334805551463,19.36673991620479,500435000,31.78436662330482,34.147072422923486,37.90266018561485,21.920790004730225,23.49693374633789,25.234851055145263,24.364029750823974,19.639774946188496,21.48413628446554,22.468834952611427,23.360613233520116,24.01821508173975,23.542692522056466,22.319538689542675,21.09638485702888,35170193000,-1.6271384085162346,-1.2989439295686276,-0.328194478947607,5.7276881627962375,11.385942917083506,NVDA
2022-05-02,19.49750518798828,19.538429143635206,18.357580255112094,18.507307291350344,572049000,44.08240597972202,39.541364304377275,41.03240265772391,21.562492465972902,23.397717933654786,25.106200580596923,24.370919818878175,19.608159444366226,21.30353345751306,22.299044680347247,23.22264508903684,23.917754861878606,23.151484252694793,21.918586254154626,20.685688255614462,35742242000,-1.5711310217893875,-1.3533813480127797,-0.2177496737766078,27.702340153345308,19.97225375358129,NVDA
2022-05-03,19.566377639770508,19.788973871458698,19.09823006494358,19.364745058425033,475751000,44.916305289802025,39.912290097574555,41.24902993829725,21.17529754638672,23.317145233154296,24.984236812591554,24.375067539215088,19.598874598900508,21.145610201354643,22.142892278028576,23.092064108705898,23.8210575902762,22.778734421161083,21.571361318496507,20.36398821583193,36217993000,-1.5038518648465313,-1.38347545137953,-0.12037641346700134,29.240067539881885,20.89003195200783,NVDA
2022-05-04,20.297046661376953,20.36292670436252,18.716923264105464,19.886794272202142,648855000,53.70553142067249,43.84825979320804,43.54915000647744,20.895956230163574,23.256215896606445,24.882913246154786,24.38370545387268,19.754023946117496,21.06846806135667,22.037415385648483,22.99224205701558,23.74274623630066,22.462896868400563,21.222060851182523,19.981224833964482,36866848000,-1.3757153741808565,-1.3819234359397954,0.006208061758938843,45.553843744202595,34.16541714580995,NVDA
2022-05-05,18.809757232666016,19.888792254376693,18.466382474012576,19.83089899019697,626331000,38.64408586302075,38.34262482670201,40.19995109395004,20.61831216812134,23.185560913085936,24.769630947113036,24.380926036834715,19.544186898683833,20.86313071329388,21.852977776906627,22.8428675990031,23.633124258442113,22.113960898397824,20.876642333493503,19.639323768589186,36240517000,-1.3782900396341944,-1.3811967566786754,0.0029067170444809776,12.648493043954344,29.147468109346296,NVDA
2022-05-06,18.64105987548828,19.47653863115754,17.957305306226015,18.701949838466604,633297000,37.22321202457574,37.763430942828805,39.83665389106681,20.3421648979187,23.084366073608397,24.674991188049315,24.37638524055481,19.343492004640378,20.66112427349337,21.669439611111294,22.692803037448996,23.522189494376473,21.84686013663056,20.59884672806321,19.350833319495862,35607220000,-1.3780575577028777,-1.3805689168835158,0.002511359180638051,14.63673611355063,24.279690967235876,NVDA
2022-05-09,16.9191951751709,18.221821818374295,16.79641762349791,18.00122470604806,644455000,25.665090262070038,32.38599974657231,36.33290810266042,20.034275150299074,22.940570220947265,24.561376304626464,24.36341471672058,18.80475937586938,20.320948900918598,21.397997071914702,22.48660275665335,23.375456287283015,21.532765254011856,20.276005868228303,19.019246482444753,34962765000,-1.4995277823380988,-1.4043606899744325,-0.09516709236366627,2.105100666241039,9.796776607915357,NVDA
2022-05-10,17.563020706176758,18.16492540380209,16.994056975947228,17.656849725721745,761474000,34.755211304817536,36.05273255357042,38.44911612928257,19.8185676574707,22.805099868774413,24.433021831512452,24.35498028755188,18.52881744927102,20.07022815594207,21.178855565301106,22.3107605405649,23.24629105214732,21.273712667918204,20.002123144833934,18.73053362174966,35724239000,-1.5262488244383015,-1.4287383168672063,-0.09751050757109514,13.800503846761119,10.18078020885095,NVDA
2022-05-11,16.59977912902832,17.7207395102495,16.537893425141622,17.315477156303142,670167000,28.49848813094401,33.15570510272053,36.5489547535759,19.575310707092285,22.668488655090332,24.315713787078856,24.34215866088867,18.100142266994865,19.754732789859,20.917194054656946,22.106796918724307,23.09859078718912,21.06186032998479,19.76531625261137,18.468772175237955,35054072000,-1.6066307487686622,-1.4643168032474976,-0.1423139455211646,1.5823989332959365,5.829334482099384,NVDA
2022-05-12,16.145601272583008,16.75748801691552,15.538707458895326,16.189521927319188,708728000,25.864008618925297,31.855895730240377,35.67975053408692,19.27445831298828,22.50788101196289,24.199712314605712,24.32559452056885,17.66579982379223,19.42662992465209,20.644531609967007,21.89389707421926,22.94407990908676,20.782258175161747,19.49626636979204,18.210274564422328,34345344000,-1.687529569783603,-1.5089593565547188,-0.17857021322888422,12.580145777120636,9.321016185725917,NVDA
2022-05-13,17.673824310302734,17.895421017236522,16.562847872141287,16.757493216581477,670437000,46.01472041273978,40.332206028575264,40.645306409695245,19.097181224822997,22.387939414978028,24.09981143951416,24.315878324508667,17.667583043016787,19.26728395971124,20.474776907129048,21.74318018979367,22.82696311800267,20.57531755515327,19.2755413608016,17.975765166449932,35015781000,-1.6097712006776845,-1.529121725379312,-0.08064947529837263,44.258288082855096,19.473610931090576,NVDA
2022-05-16,17.23262596130371,17.75567386028926,17.074914055272394,17.477181558942796,521446000,42.054643422824014,38.83050520070121,39.71979986103652,18.871641826629638,22.274705657958986,23.981965522766114,24.304769258499146,17.570925913747214,19.0823150507651,20.289511138796172,21.582088967347598,22.702644514520472,20.324409300736512,19.068933454133646,17.813457607530783,34494335000,-1.5656997404643924,-1.5364373283963282,-0.029262412068064236,35.11280097810606,30.650411612693954,NVDA
2022-05-17,18.143964767456055,18.33761243130052,17.60195235864929,18.041151322209387,585830000,52.242361467380945,43.50935043610186,42.544992834724454,18.67095708847046,22.211321067810058,23.869989471435545,24.296964797973633,17.698267881238067,18.997010479555186,20.16690848900531,21.459298817351474,22.60134052014126,20.140870402486588,18.898323370585288,17.65577633868399,35080165000,-1.4406286946160165,-1.517275601640266,0.07664690702424948,54.00370870392371,44.45826592162831,NVDA
2022-05-18,16.907215118408203,18.085070787489677,16.833350206512566,17.67282130331116,545161000,40.61402713064708,39.13461795708188,39.892399471801355,18.444169807434083,22.119967308044433,23.743250694274902,24.282652311325073,17.522478378386985,18.807029083087276,19.98064029639976,21.29672439953207,22.474804400102748,19.92887525728459,18.677059411746935,17.425243566209286,34535004000,-1.4248792296204975,-1.4987963272363123,0.07391709761581478,28.367443308027905,39.16131766335258,NVDA
2022-05-19,17.092880249023438,17.654856806883604,16.703587720835515,16.906219819291394,621310000,42.90349236441226,40.10819326428016,40.474873091158095,18.29149761199951,22.00238140106201,23.6053444480896,24.26697838783264,17.427012127417306,18.651197370899652,19.815625436549684,21.146587108442475,22.355206085634318,19.68554053657971,18.458298918282956,17.231057299986205,35156314000,-1.3814910716447812,-1.475335276118006,0.09384420447322483,32.21604804939998,38.19573335378388,NVDA
2022-05-20,16.66366195678711,17.378360361940025,15.726368287812404,17.30050299605302,739105000,38.75830578742998,38.57214267020509,39.548616743213174,18.15070390701294,21.883318214416505,23.46936367034912,24.247347526550293,17.25737875616615,18.470512333253055,19.635513237706107,20.986482638740497,22.228727327215488,19.449034449288064,18.256824326147385,17.06461420300671,34417209000,-1.3659936484331432,-1.4534669505810336,0.0874733021478904,23.31889246013817,27.967461272522034,NVDA
2022-05-23,16.867290496826172,16.884259799237338,16.149597335733432,16.244423998494888,639889000,41.951212722490844,39.75101630713881,40.22706365997972,18.000776863098146,21.779467239379883,23.338622798919676,24.230086727142336,17.170692476312823,18.324764893577882,19.4773290810844,20.83936863367213,22.10958428654017,19.286489021462664,18.106162031848335,16.925835042234002,35057098000,-1.322041041316261,-1.427181768728079,0.1051407274118179,27.53985609545368,27.69159886833063,NVDA
2022-05-24,16.1246395111084,16.566835152715054,15.751319657965462,16.479993381421657,588550000,34.15738153780268,36.96476290710674,38.57631250062756,17.869316005706786,21.67613529205322,23.20459716796875,24.209466848373413,16.93823626182295,18.124753495171564,19.285746819942915,20.670985450723425,21.976585513752795,19.11999842239,17.941192413434884,16.76238640447977,34468548000,-1.331782056922215,-1.4081018263669063,0.07631976944469132,13.469439787052133,21.442729447548007,NVDA
2022-05-25,16.944149017333984,17.079901523082487,15.97092065890551,15.990884766660846,781132000,47.15733185938585,41.81164414237352,41.35273424203665,17.79744682312012,21.55639331817627,23.080513172149658,24.194735412597655,16.93955020749207,18.01742581536815,19.151941231222406,20.537884149530946,21.864753591610157,19.00622130874504,17.827748034264964,16.649274759784884,35249680000,-1.2588629255536432,-1.3782540462042536,0.11939112065061042,35.69075201442062,25.566682632308826,NVDA
2022-05-26,17.81855583190918,18.059117040216766,15.992879547579298,16.006854041805614,996575000,57.82031485011753,46.535420859716965,44.16786443188744,17.701072216033936,21.423734741210936,22.958087368011476,24.18555830001831,17.13488479069587,17.999346725962788,19.07574777983308,20.440765281044452,21.774838085839022,19.001024364489595,17.765844781042553,16.530665197595507,36246255000,-1.1176332855631124,-1.3261298940760253,0.20849660851291296,81.45501170962235,43.538401170365056,NVDA
2022-05-27,18.776817321777344,18.846689812592366,18.067108915002834,18.152953076810967,738379000,66.66602704425254,51.20996819055894,47.078313778951774,17.714248371124267,21.30485122680664,22.853537616729735,24.18014485359192,17.499758686491752,18.070025871036837,19.05866603937275,20.381338568213483,21.708215402193208,18.924734853327248,17.725965197642157,16.527195541957067,36984634000,-0.9178042090504164,-1.2444647570709038,0.3266605480204874,97.88776107777805,71.67784160060702,NVDA
2022-05-31,18.63806915283203,19.165109521892898,18.316653805372184,18.945508098862536,664100000,64.32225586345379,50.52119703787409,46.7097339371152,17.671276569366455,21.149514083862304,22.764426918029784,24.17262589454651,17.752716567900702,18.121666169381854,19.034631931570424,20.31907894623557,21.63998992998518,18.873193903378155,17.7105964653046,16.547999027231054,36320534000,-0.7618518895440793,-1.147942183565539,0.38609029402145967,85.4665765156438,88.26978310101475,NVDA
2022-06-01,18.286710739135742,19.018378619465658,18.08907056721627,18.68997787141501,544514000,58.11366237741666,48.733651249495146,45.76123538366219,17.607293224334718,20.981540069580078,22.66607406616211,24.164537420272826,17.871381939286266,18.13667022117766,18.99189357771701,20.246494367410577,21.56547261463297,18.829479980048962,17.678860677036067,16.528241374023168,35776020000,-0.6590135424246384,-1.0501564553373588,0.3911429129127204,75.77767805395868,86.37733854912686,NVDA
2022-06-02,19.556392669677734,19.583344026505568,18.164927015741718,18.258756043613012,648656000,70.47263715351762,54.938339918743104,49.62568929707448,17.570260524749756,20.84315200805664,22.58970947265625,24.165251722335814,18.24582876826215,18.26573589831403,19.024150668686197,20.221847878205832,21.520826393633964,18.84589429351719,17.66062388554007,16.475353477562948,36424676000,-0.46964689375591817,-0.9340545430210707,0.46440764926515254,99.30123084370332,86.84849513776861,NVDA
2022-06-03,18.68597984313965,19.296869084599603,18.488339710165604,19.047323404464223,598779000,56.70796915812758,50.432144041940646,47.21472221638826,17.564071655273438,20.705123291015624,22.503113861083985,24.16369921684265,18.343640118234926,18.303939893298175,19.00482662151211,20.16699544838204,21.457829803622978,18.759892227018632,17.614501536461653,16.469110845904677,35825897000,-0.3853652504059042,-0.8243166844980374,0.4389514340921332,76.7339946071331,83.93763450159838,NVDA
2022-06-06,18.75185775756836,19.301856968127392,18.53026109692932,19.104216857601944,422406000,57.4625614377801,50.76132908800724,47.416861604316516,17.56961154937744,20.518183631896974,22.413015289306642,24.158694734573363,18.434355149197913,18.34465969914092,18.990371257858182,20.116454816567266,21.39769709148843,18.71967956248009,17.605280010454823,16.490880458429565,36248303000,-0.3096857788193432,-0.7213905033622986,0.41170472454295537,78.44201454015534,84.82574666366394,NVDA
2022-06-07,18.8916072845459,18.965472213893936,18.154947548277914,18.438431844745782,388914000,59.269788871381735,51.49720054535295,47.85968185326031,17.66823215484619,20.34318229675293,22.3224977684021,24.149310665130614,18.535966734830797,18.39438220690501,18.984727602240337,20.07271026185222,21.342006206889707,18.684933487176902,17.60428196654762,16.523630445918332,36637217000,-0.23571545244626435,-0.6242554931790918,0.38854004073282744,82.06530741118827,79.08043885282558,NVDA
2022-06-08,18.6180477142334,19.14919278784211,18.505228350019344,18.768804244012014,363252000,53.89149510063971,49.924325956199745,47.04883916897884,17.720983505249023,20.152188873291017,22.24345636367798,24.132861804962157,18.55420695247582,18.414715434843952,18.963774465782798,20.02075802800869,21.281473795941785,18.716532137397394,17.67309203377066,16.629651930143933,36273965000,-0.1968976929202455,-0.5387839331273225,0.34188624020707703,74.97271495414604,78.49334563516324,NVDA
2022-06-09,18.019010543823242,18.902589231705353,18.01202181811601,18.451315596651252,395574000,43.51533670295009,46.57001446569767,45.292142904082525,17.79194507598877,19.940490684509278,22.15476188659668,24.11424089431763,18.43527441721969,18.378742262932978,18.909787955956535,19.949267046430638,21.208974612561374,18.73828952572949,17.708197089448735,16.67810465316798,35878391000,-0.2120275109548544,-0.4734326486928289,0.2614051377379745,59.441448723959056,72.15982369643115,NVDA
2022-06-10,16.946733474731445,17.66857160304111,16.841900702079162,17.57172730437252,465248000,30.783960591762025,41.22999987122684,42.3341507370453,17.83200168609619,19.726631774902344,22.065713977813722,24.088163385391237,18.104487541111194,18.248559645823747,18.797613414172243,19.84203370458424,21.11425814283182,18.730833464824638,17.717701751598455,16.704570038372264,35413143000,-0.3070028609556239,-0.4401466911453879,0.133143830189764,31.19536051440619,55.20317473083711,NVDA
2022-06-13,15.621864318847656,16.28579599702402,15.580929817335173,15.974296932620932,604153000,21.470331075126694,35.77203896619072,39.04061816818309,17.729403686523437,19.4943408203125,21.971760826110838,24.056184883117677,17.552793491719296,18.009769161553194,18.61614203729655,19.691313369379362,20.992204946743282,18.691231087837636,17.702571487865324,16.713911887893012,34808990000,-0.48360270759703283,-0.4488378944357169,-0.03476481316131591,1.022745257567129,30.55318483197747,NVDA
2022-06-14,15.810563087463379,16.040193181616115,15.387243419466994,15.705731253766638,469680000,25.33141894244288,37.05021911949332,39.738707156071605,17.65830054283142,19.277282962799074,21.888846426010133,24.022316374778747,17.165631179662427,17.809841336635937,18.455823240163227,19.55271514502522,20.877057349870395,18.581184045615853,17.62488746387907,16.668590882142286,35278670000,-0.60140037561629,-0.47935039067183155,-0.12204998494445846,10.088406061720846,14.102170611231402,NVDA
2022-06-15,16.50045394897461,16.840905821966867,15.90041852007138,16.069146736449664,563936000,38.5802242243059,41.624223874759466,42.26579257754177,17.57612500190735,19.06108652114868,21.82057547569275,23.99163791179657,17.017814017287357,17.690806119575818,18.344087852095306,19.443705816594843,20.779799496517153,18.548767329818766,17.580102772040142,16.61143821426152,35842606000,-0.6318044014867041,-0.5098411928348061,-0.12196320865189803,26.529643441825648,12.54693158703789,NVDA
2022-06-16,15.575940132141113,15.916392943958204,15.376261580184906,15.834523928335084,545749000,30.01572588686483,37.67366977929106,39.92040518001237,17.509561252593993,18.854927864074707,21.743079376220702,23.957828722000123,16.69739759836597,17.498545575263574,18.18590798238364,19.305571327864353,20.664158177308796,18.42493366271154,17.46557999583186,16.506226328952188,35296857000,-0.7221755592637855,-0.552308066120602,-0.1698674931431835,4.7462476550902375,13.788099052878925,NVDA
2022-06-17,15.8544921875,15.969307235334867,15.303378815321718,15.622864496998716,630334000,35.21547808878523,39.535707541116615,40.95251308633028,17.447641849517822,18.68476493835449,21.67882797241211,23.92513289451599,16.5100852848402,17.349086176375977,18.052684222676003,19.182318501422767,20.5572767108686,18.322460101486996,17.391001299415134,16.459542497343268,35927191000,-0.762528575222742,-0.59435216794103,-0.16817640728171201,12.876585322193367,14.717492139703097,NVDA
2022-06-21,16.539392471313477,16.980681988476544,16.380647453384604,16.4485390272336,483089000,46.86405383826443,43.96828662512169,43.44974464227943,17.44142837524414,18.53227268218994,21.616954498291015,23.896086082458496,16.516597992945375,17.27547765773393,17.966210408312428,19.08792828606172,20.46799039443404,18.281121902813407,17.366388555548976,16.451655208284542,36410280000,-0.7308184816074856,-0.6216454306743211,-0.10917305093316454,28.87905847369899,15.50063048366088,NVDA
2022-06-22,16.33372688293457,16.63524192464085,16.154015653478638,16.199941306434905,437135000,44.012428686213596,42.95006958923956,42.88042532303873,17.414750194549562,18.397407417297362,21.561287899017334,23.863780632019044,16.47595996849853,17.18986395093399,17.872925635433692,18.989563950235752,20.376117871956275,18.21512660829941,17.356144013557145,16.497161418814876,35973145000,-0.7140523471458984,-0.6401268139686366,-0.0739255331772618,24.073748658528352,21.94313081814025,NVDA
2022-06-23,16.198938369750977,16.558358811416724,15.827535215459164,16.492464841611433,463680000,42.002413556147005,42.25935345782703,42.4988830917818,17.41846513748169,18.2838427734375,21.495331172943114,23.831704359054566,16.414399613221295,17.099779807190078,17.777269220251824,18.889898750932726,20.283291660796156,18.19404991246117,17.335250120935395,16.47645032940962,35509465000,-0.7035314981533638,-0.6528077508055821,-0.050723747347781734,22.39751025776788,25.116772463331756,NVDA
2022-06-24,17.09848976135254,17.112467212054863,16.2838005267453,16.473495860765993,472153000,57.53410140198871,48.24172400328399,45.859973882153824,17.426182174682616,18.196514205932615,21.421942653656007,23.80573742866516,16.56641964613935,17.099662530295756,17.738481822600438,18.825919858447723,20.212518285252962,18.227247003731705,17.367820965036408,16.508394926341108,35981618000,-0.6155121294057757,-0.6453486265256209,0.02983649711984515,44.89485442783319,30.455371114709823,NVDA
2022-06-27,16.841899871826172,17.302159729097916,16.599290214543977,17.284188996018592,427968000,52.703074154385895,46.75371341732375,45.07428336917563,17.377349376678467,18.090099220275878,21.34447130203247,23.77929585456848,16.627637474069758,17.076229561343975,17.68724856827048,18.755062001782665,20.137615653843476,18.219787393688485,17.37969999068952,16.53961258769056,35553650000,-0.5600054114101312,-0.6282799835025229,0.06827457209239174,40.00508260403892,35.76581576321334,NVDA
2022-06-28,15.956329345703125,17.17436904148227,15.919388121687373,16.872854081714543,461149000,39.10421247055601,41.944972167017234,42.45015113458977,17.236324977874755,17.984838485717773,21.25211627960205,23.746924591064452,16.478457889988285,16.974420450831172,17.58833889840949,18.65510726406554,20.044698180329245,18.13638682814308,17.334930690517577,16.53347455289207,35092501000,-0.5807792166437586,-0.6187798301307701,0.03800061348701145,16.978214106219216,33.959383712697125,NVDA
2022-06-29,15.517034530639648,15.794587854289764,15.145632337338009,15.788597926333088,482352000,33.89765742473196,39.76031772659959,41.20604926786742,17.080273246765138,17.860310897827148,21.168282566070555,23.713983430862427,16.264808254577478,16.84193082172285,17.469978648822643,18.543033237871757,19.944083432558365,17.983605281015805,17.188369399611148,16.393133518206486,34610149000,-0.6254798844342098,-0.620119840991458,-0.005360043442751761,9.88571878102908,22.289671830429086,NVDA
2022-06-30,15.134650230407715,15.541994845285537,14.838127375234018,15.336325419135894,686070000,29.758908005943084,37.90943536745457,40.13562520311889,16.922670221328737,17.71985071182251,21.07692234992981,23.678681263923647,16.013662026984196,16.686723495239658,17.336531310627503,18.421305273319472,19.83720713917724,17.808385840244732,17.02003511343385,16.231684386622955,33924079000,-0.6838773901639321,-0.6328713508259528,-0.051006039337979314,10.47619494708893,12.446709278112422,NVDA
2022-07-01,14.499671936035156,15.03880451331611,14.368882791299097,14.875068383035895,577610000,23.935448184013026,34.99608979401549,38.40368929585563,16.669834184646607,17.580984935760497,20.975130529403685,23.63971025943756,15.677219784551076,16.487900626221066,17.174425060650798,18.281246939845033,19.718595245774086,17.61370394062784,16.837704943828015,16.06170594702819,33346469000,-0.7724904863389987,-0.660795177928562,-0.11169530841043673,4.4588065671769135,8.273573431764989,NVDA
2022-07-05,14.939962387084961,14.946951112194402,14.032423111650445,14.152230235873315,651397000,34.58651296875253,38.523983374014946,40.27206756330342,16.482533311843873,17.4768577003479,20.87394913673401,23.603434653282164,15.513384807336385,16.347178968117785,17.046741479304178,18.161915348675034,19.612403404469884,17.37724371631586,16.62523943428841,15.87323515226096,33997866000,-0.7979905059213177,-0.6882342435271132,-0.10975626239420455,27.75573025031567,14.230243921527185,NVDA
2022-07-06,15.105696678161621,15.294393215490263,14.765243873049544,14.985889549347426,529066000,38.47783084711884,39.84737496426655,40.976618596016905,16.300225257873535,17.389380912780762,20.758486824035643,23.5696941280365,15.422787445297548,16.234316941758134,16.935824633524604,18.052764681870983,19.512254366107477,17.184481891439933,16.445781420459785,15.707080949479636,34526932000,-0.7956542757540976,-0.7097182499725101,-0.08593602578158754,32.82446545645717,21.67966742464993,NVDA
2022-07-07,15.832527160644531,15.919387306256189,15.364280650557577,15.431173417202471,492903000,53.14605597276831,45.39863524394433,44.004997128180946,16.147271251678468,17.308714828491212,20.659085330963133,23.543514471054078,15.513840715374656,16.197790598020532,16.872779063645744,17.973470484684324,19.430482650430523,17.023890647762705,16.295499187044438,15.567107726326169,35019835000,-0.7267758315702686,-0.7131297662920618,-0.013646065278206776,55.05348777600756,38.54456116092681,NVDA
2022-07-08,15.812559127807617,16.011239824701722,15.36428001522436,15.40521452102006,467972000,52.73157929210374,45.2750170310283,43.940244731355115,16.006996822357177,17.249888877868653,20.578196868896484,23.516571369171142,15.580222584804204,16.162769555273904,16.812195067312135,17.896295079081586,19.35008434992779,16.876039177169055,16.155436519124056,15.434833861079055,34551863000,-0.6661217843981877,-0.703728169913287,0.037606385515099316,54.442795381691646,47.440249538052136,NVDA
2022-07-11,15.12766170501709,15.502059340934558,15.013844503778325,15.501060543530391,437321000,39.918025246462385,41.137390084639186,41.73792624703986,15.86242938041687,17.184811458587646,20.487285776138307,23.482736134529112,15.479653500407068,16.068668841614194,16.715936018038132,17.797415315722137,19.25625273559644,16.69990977868708,15.986723768292869,15.273537757898653,34114542000,-0.6656453676694696,-0.6961116094645236,0.030466241795053972,33.49623292354495,47.6641720270814,NVDA
2022-07-12,15.05777359008789,15.406212969174792,14.85310295738434,15.243474689136713,458483000,38.76459040313634,40.72836292990832,41.51594538473245,15.767981386184692,17.09104597091675,20.37344006538391,23.44585215091705,15.385902409225029,15.976769273293622,16.62118387929812,17.699570968378055,19.162953199029584,16.531197012299874,15.834080401991319,15.136963791682765,33656059000,-0.6632615247832643,-0.6895415925282717,0.026280067745007463,31.358809543439264,39.765945949558635,NVDA
2022-07-13,15.139639854431152,15.350301342288464,14.441763333884406,14.56656253178919,521918000,41.15470463617643,41.462598093339466,41.894396236605,15.743870162963868,17.023572883605958,20.260253314971923,23.41137825012207,15.331177397048613,15.900666598851577,16.536524220734293,17.608144857165666,19.073546235816284,16.431516061078895,15.730501017082624,15.029485973086356,34177977000,-0.647304663545512,-0.6810942067317198,0.03378954318620786,33.862566693370525,32.90586972011826,NVDA
2022-07-14,15.347305297851562,15.448142878208444,14.70433980225985,15.08372946319901,456235000,47.403719660258325,43.37867197942986,42.8747094371154,15.720707273483276,16.940568885803224,20.169143409729003,23.380043230056764,15.334761375004824,15.850361026033394,16.468568853712423,17.52740058719016,18.99074088163929,16.401801910823217,15.698932728909815,14.996063546996414,34634212000,-0.6108602535445584,-0.6670474160942875,0.05618716254972911,40.21370342751289,35.14502655477423,NVDA
2022-07-15,15.736681938171387,15.75664931750774,15.420190739657972,15.633847697054403,385935000,57.547314534925306,46.88904495965568,44.70346461528817,15.682518672943115,16.863974971771242,20.090560102462767,23.355449976921083,15.424077055708505,15.840026563500484,16.426746744252934,17.463446349725206,18.918428460673336,16.381580462472307,15.693782289335063,15.005984116197821,35020147000,-0.544284186042006,-0.6424947700838313,0.09821058404182526,52.122205116673165,42.06615841251887,NVDA
2022-07-18,16.075136184692383,16.8698570674019,15.976296187145689,16.275813524039364,670517000,64.65701644940486,49.80225740346325,46.26663533619513,15.707478475570678,16.779536762237548,20.017876329422,23.33345705509186,15.568756862149367,15.86140016542702,16.406654712278044,17.413863843831177,18.855244187873758,16.374258746334355,15.688695164703748,15.003131583073138,35690664000,-0.45892158145523254,-0.6057801323581116,0.14685855090287903,65.01426563859667,52.45005806092758,NVDA
2022-07-19,16.964706420898438,17.08251690860308,16.146023887163786,16.459518688005346,702366000,76.87297437779962,56.548443847067674,50.13965085465015,15.762989187240601,16.742635746002197,19.96409832954407,23.314919085502623,15.878967875204715,15.96170073410624,16.43854338134207,17.397822507297864,18.81323223749653,16.44590537384831,15.74146742756694,15.037029481285566,36393030000,-0.31584930452943993,-0.5477939667923772,0.2319446622629373,96.13747984332984,71.0913168661999,NVDA
2022-07-20,17.778392791748047,17.904191732344817,16.77401028715721,16.919775651092362,760538000,83.23383733844805,61.62825103570055,53.354751451027255,15.824939203262328,16.72538240432739,19.904874238967896,23.300319848060607,16.301062301103233,16.126854557528223,16.515106204793838,17.411414303171085,18.790235805368784,16.55260657462001,15.826061341425568,15.099516108231125,37153568000,-0.13524676391262958,-0.46528452621642774,0.33003776230379817,96.75086625981774,85.9675372472481,NVDA
2022-07-21,18.021005630493164,18.11485450174296,17.516817646879083,17.856271659241287,557049000,84.73595476902437,63.01657383792583,54.27385767570722,15.909303140640258,16.747418613433837,19.84399441719055,23.291972985267638,16.683271929856552,16.299050109615944,16.601157600548085,17.433185422004016,18.77314180148266,16.61206630200503,15.885616196440496,15.159166090875964,37710617000,0.027145957483771355,-0.36679842947638797,0.3939443869601593,97.70115251716037,96.86316620676932,NVDA
2022-07-22,17.291179656982422,17.93813754600972,17.109470902798687,17.86425701094861,536671000,64.02837034699897,56.40524755605195,51.10685697180423,15.96391520500183,16.741981792449952,19.773540830612184,23.276389594078065,16.818362535884525,16.389243704831078,16.640587432344333,17.428113787538962,18.740209309382653,16.67965558392381,15.936660698737905,15.193665813551998,37173946000,0.0958476306911038,-0.2742692174428896,0.3701168481339934,79.82391457307816,91.42531111668542,NVDA
2022-07-25,16.996654510498047,17.096494261320483,16.622256873127547,16.991661475600253,480748000,57.252843285073254,53.945574547223636,49.878901636111046,15.958823442459106,16.749919300079345,19.70920397758484,23.2580912065506,16.85798297468753,16.44446286898262,16.660934122524544,17.412704527644642,18.701463647185218,16.70125581606707,15.970479321727097,15.239702827387129,36693198000,0.125086563761446,-0.19439806120202252,0.3194846249634685,69.55697694002964,82.36068134342274,NVDA
2022-07-26,16.506441116333008,16.891820697599794,16.451529167696027,16.86186820626566,397865000,47.26343133925711,50.034676971533315,47.87719670444698,15.942050504684449,16.757136096954344,19.632508554458617,23.235470690727233,16.77986256171986,16.450097255105383,16.652105950742172,17.380337977240654,18.652685368721833,16.67252419726165,15.960241757941006,15.24795931862036,36295333000,0.10746372986593755,-0.13402570298843053,0.24148943285436808,56.210904878038384,68.53059879704874,NVDA
2022-07-27,17.76142692565918,17.907192331594356,16.885834740379728,17.00464308668516,569776000,65.66665402482835,58.35790055871922,52.93266702110103,16.03230538368225,16.758888149261473,19.57341378211975,23.22034251689911,16.997987975928595,16.569309043337547,16.71549572073743,17.393948296827027,18.632879625542664,16.71643798158145,15.988989443372201,15.26154090516295,36865109000,0.19254483647677745,-0.06871159509538893,0.2612564315721664,90.37792529691461,72.04860237166089,NVDA
2022-07-28,17.955114364624023,18.11086394331019,17.411989386494458,17.946129947254434,474646000,67.7508753319115,59.479769422427026,53.65789960824148,16.15420937538147,16.77333791732788,19.524021787643434,23.206861395835876,17.210682728972024,16.695291345272683,16.78633107181666,17.41398994210549,18.617818175300027,16.76024055454365,16.059273271714357,15.358305988885066,37339755000,0.27246042981890994,-0.000477190112529155,0.2729376199314391,95.6510707243875,80.7466336331135,NVDA
2022-07-29,18.13382339477539,18.21469265324764,17.663579330275038,17.784385247533635,435460000,69.78192604978682,60.53619322650976,54.336597015002305,16.304168033599854,16.773135089874266,19.492228078842164,23.194393553733825,17.41582509915055,16.826066986136563,16.863330633128587,17.439698279700846,18.60706273573281,16.87549950810068,16.179191377365637,15.482883246630593,37775215000,0.3462233907706178,0.06886292606410024,0.27736046470651754,97.85659227547107,94.62852943225774,NVDA
2022-08-01,18.411380767822266,18.81573095811725,17.961104933200836,18.152795986600218,476469000,72.95628938241212,62.185187602699756,55.3972505234019,16.49975347518921,16.803218402862548,19.461592855453492,23.181976313591004,17.637059692188707,16.970186420835265,16.95179064082537,17.474401225705183,18.60271424755702,17.036225220367474,16.332738110829336,15.629251001291198,38251684000,0.4222106475909868,0.13953247036947758,0.28267817722150923,90.75552850334817,94.75439716773559,NVDA
2022-08-02,18.496240615844727,18.907579472181585,18.062937738115096,18.09289023442921,489527000,73.9598955095722,62.698382147905065,55.72595761394822,16.677567386627196,16.831285610198975,19.416833505630493,23.165956883430482,17.827988786334487,17.10891862038158,17.040044925112188,17.510895489638738,18.600348166852303,17.228027738171274,16.516220628059354,15.804413517947435,38741211000,0.48370275237692795,0.20836652677096767,0.27533622560596027,90.21376631743397,92.94196236541775,NVDA
2022-08-03,18.862651824951172,18.937532114170036,18.10786566973609,18.154791057227346,418146000,78.15949153666807,64.9126101002011,57.15141926890609,16.865415143966676,16.875265407562257,19.37929181098938,23.15119074344635,18.057913906027082,17.268348911706088,17.144193890817274,17.55917250161418,18.606177137032276,17.41428374340298,16.706517659772487,15.998751576141997,39159357000,0.5555974294755259,0.27781270731187935,0.2777847221636466,97.87111112496859,92.9468019819169,NVDA
2022-08-04,19.18413543701172,19.243040681587424,18.72986637165179,18.818724113299595,409652000,81.32969752437037,66.77607155886514,58.380549630993514,17.032995557785036,16.921602306365966,19.350534772872926,23.136235842704775,18.308185357357,17.44251132309751,17.26076197917124,17.617206892164095,18.619020654809596,17.603867610482887,16.89686224268597,16.189856874889056,39569009000,0.6312389896519015,0.3484979637798838,0.2827410258720177,98.19682118770139,95.42723287670132,NVDA
2022-08-05,18.958499908447266,19.19811418839831,18.636018761507295,18.779786567763914,386068000,72.47010916094159,64.1989745212907,57.17707418416472,17.190292596817017,16.978279514312746,19.32720740318298,23.119813446998595,18.452699702043724,17.580328467220212,17.357775575129867,17.66511021417421,18.626564638223766,17.757794658966567,17.050456492541443,16.343118326116315,39182941000,0.6653092981706763,0.41186023065804234,0.25344906751263396,90.8124239541584,95.62678542227614,NVDA
2022-08-08,17.764419555664062,18.209704226677722,17.214305900483794,17.47388850828178,981859000,42.836454369183464,52.624339290907436,51.323555451136976,17.322130489349366,16.994684925079344,19.27553912162781,23.09835364818573,18.2997485584038,17.59706402071511,17.381012374017537,17.668656976370276,18.60740585861133,17.86963063143072,17.14570015468576,16.421769677940794,38201082000,0.5891664143303679,0.4473214673925075,0.14184494693786037,47.03152329606023,78.68025614597336,NVDA
2022-08-09,17.058551788330078,17.418971902884152,16.697133828709614,17.224285475006486,668263000,33.20484598130916,47.20617112465702,48.2695931216841,17.422169399261474,16.979484844207764,19.201609792709352,23.07042576313019,18.023927053942973,17.54810836322556,17.362586054835393,17.64686750536884,18.572986879271745,17.96855065811721,17.233495265323754,16.498439872530305,37532819000,0.4664876217413152,0.45115469826226906,0.015332923479046134,21.74530241459959,53.19641655493941,NVDA
2022-08-10,18.06793212890625,18.088898306614105,17.289184304860864,17.669572848171974,597422000,51.80139952400308,54.43134364678168,52.49548584625393,17.56858401298523,16.96530714035034,19.13507918357849,23.047375121116637,18.03370595949037,17.59536506919653,17.402891544782296,17.66190552763803,18.561763440374733,18.109324264365185,17.362525824430648,16.61572738449611,38130241000,0.4455760293970954,0.45003896448923436,-0.004462935092138964,57.904219744984694,42.22701515188151,NVDA
2022-08-11,17.913177490234375,18.67694989267418,17.84728352756443,18.101874963139256,509327000,49.277310957519816,53.22857142658048,51.81700302882565,17.69687762260437,16.95080930709839,19.050161695480348,23.02135534763336,18.00692185521126,17.624257107472697,17.43205074166527,17.670879526302183,18.547350419260503,18.256452700079247,17.513410052682538,16.77036740528582,37620914000,0.4117694143114434,0.4423850544536762,-0.03061564014223278,52.36046189545517,44.00332801834649,NVDA
2022-08-12,18.678943634033203,18.68792995248519,17.92415762973826,18.13082581557374,478094000,60.65972175216283,58.1558412351549,54.83667940025551,17.84399070739746,16.958653964996337,18.970097017288207,22.991425795555116,18.1562600282828,17.72013770079638,17.503301764086295,17.706881815864005,18.550274712922118,18.412820175925784,17.668826612014865,16.92483304810394,38099008000,0.44167697904240555,0.4422434393714221,-0.0005664603290165271,79.79241551585568,63.352365718765185,NVDA
2022-08-15,19.00143051147461,19.133218463446653,18.58310478628588,18.670962786172225,457666000,64.66666961944216,60.063900768504865,56.04937740696154,17.990305423736572,16.947554721832276,18.89535336494446,22.96443584918976,18.344075691214314,17.836618865403487,17.588909121079915,17.7531156978501,18.560300397334395,18.57861695471631,17.824449338457246,17.07028172219818,38556674000,0.4858009247780295,0.4509549364527436,0.034845988325285904,90.50985821261662,74.2209118746425,NVDA
2022-08-16,18.848676681518555,19.111254744277208,18.471283557711025,18.88961119385509,451240000,61.12770930095174,58.69853476666917,55.31387165764605,18.08450393676758,16.950808658599854,18.82796597480774,22.934237313270568,18.45620924461526,17.928624121413947,17.66089583881927,17.79224287583826,18.566708759205152,18.6857464223861,17.94365450582656,17.201562589267024,38105434000,0.5026492841495838,0.46129380599211167,0.04135547815747209,84.50988104206984,84.93738492351406,NVDA
2022-08-17,18.3055477142334,18.657981332845214,18.115854280880267,18.49324736132435,446799000,49.556301730062025,53.998383337697554,52.7412172995137,18.110861682891844,16.941882457733154,18.730033044815062,22.898199715614318,18.422728904530402,17.962889902579352,17.69773308884293,17.81057519149523,18.560905180428,18.744524806558648,18.02121222187884,17.297899637199034,37658635000,0.4667948414333303,0.46239401308035544,0.004400828352974839,63.17646239514562,79.39873388327737,NVDA
2022-08-18,18.74284553527832,18.83469681060988,18.1537931034188,18.2716035897907,415447000,57.35575396862636,56.984897524944685,54.52167376543294,18.146953678131105,16.9389072227478,18.641044759750365,22.8630513715744,18.493865933585493,18.03379496009744,17.75745380006781,17.843870560916052,18.564948299424675,18.7751106386867,18.07319223200673,17.371273825326757,38074082000,0.46826831116710466,0.4635688726977053,0.004699438469399353,80.35296751946369,76.01310365222639,NVDA
2022-08-19,17.820329666137695,18.49025135099446,17.74145609340944,18.37643415192169,441588000,41.22123662238976,49.66032533673723,50.33899015327959,18.173411178588868,16.922952861785888,18.537570867538452,22.82042649745941,18.34419120748598,18.014389024282917,17.761046706700373,17.84302981467397,18.548401218684962,18.78862864725162,18.079531269013493,17.370433890775374,37632494000,0.3904953385066534,0.44895416585949494,-0.058458827352841525,44.11771138282054,62.5490470991433,NVDA
2022-08-22,17.00663948059082,17.529797971537494,16.93874791361986,17.461906404566534,409593000,31.7637248827823,44.256852955237896,47.0131914750557,18.173910427093507,16.902705440521242,18.421598062515258,22.77275025844574,18.046957490398167,17.922775429401813,17.717937722351255,17.813158731313855,18.514139846727314,18.763605591760783,18.06582328901282,17.368040986264855,37222901000,0.26020225009934705,0.4112037827074654,-0.15100153260811833,12.156990407223715,45.54255643650266,NVDA
2022-08-23,17.15340232849121,17.436946542201706,16.94274081093071,16.961711297149357,369986000,34.99193228483179,45.41060736559232,47.66518659557967,18.206258487701415,16.906838817596437,18.31673529624939,22.709826626777648,17.848389676641066,17.852832420228122,17.68567855698782,17.789596002641616,18.483901235210958,18.777535576933982,18.078802400706113,17.380069224478245,37592887000,0.16686308038084263,0.3623356422421409,-0.19547256186129824,17.9216493826491,24.732117057564462,NVDA
2022-08-24,17.1943359375,17.37804038834426,16.867861541977685,16.98467227619529,522661000,36.005226988920235,45.74788469958679,47.85228965527457,18.177903938293458,16.93828824996948,18.21631453514099,22.647352118492126,17.703044401276387,17.792969103616475,17.657601835874228,17.768336714600842,18.45524422859516,18.806108733054327,18.104047589375845,17.401986445697364,38115548000,0.09509788681427622,0.30888809115656796,-0.21379020434229173,19.880288418269473,16.652976069380774,NVDA
2022-08-25,17.884227752685547,17.91817353704041,16.80596255460198,16.816944566179142,770691000,51.343905994799435,51.21831320445106,50.94259164505158,18.174359607696534,16.979761543273927,18.1285222530365,22.583078141212464,17.7433073682562,17.801265344440935,17.670551888263443,17.772475680246725,18.442554973574943,18.81129079686966,18.10490330122814,17.398515805586626,38886239000,0.09282196387163211,0.26567486569958076,-0.17285290182794866,48.729584639577716,28.843840813498772,NVDA
2022-08-26,16.2338809967041,17.895207590473877,16.210917226715885,17.828315779513094,769127000,30.41613596580345,40.65698122484974,44.3671282754117,18.07936248779297,16.974430084228516,18.0177583026886,22.511285920143127,17.407879285689067,17.658775858283043,17.588456408745767,17.717525870120202,18.393473329644483,18.80840644036636,18.055094382489493,17.30178232461263,38117112000,-0.04167055986681234,0.20420578058630215,-0.2458763404531145,0.7858111853624693,23.131894747736563,NVDA
2022-08-29,15.775616645812988,16.31175370277601,15.741671820044607,15.994265655507672,496132000,26.779066471705036,38.29559104407022,42.764706462409144,17.947574281692503,16.978423614501953,17.91667573928833,22.443179731369018,17.045154254605492,17.48757956624031,17.484865565149608,17.648171969252086,18.33529873667045,18.71116600337607,17.95695068074879,17.202735358121508,37620980000,-0.18312401745529172,0.1267398209779834,-0.30986383843327514,1.0008656621137233,16.83875382901798,NVDA
2022-08-30,15.443153381347656,16.013235302076197,15.157612546233274,15.934362683647725,530181000,24.254174017481574,36.633249195211924,41.624464718155416,17.79491991996765,16.970196838378907,17.8274808883667,22.368766050338746,16.689154060548194,17.301722640340977,17.368196297503783,17.569421305398357,18.2710288398855,18.57511480914268,17.82085202313794,17.066589237133208,37090799000,-0.3183837786291974,0.037715101056547226,-0.35609887968574466,7.182322419786676,2.9896664224209655,NVDA
2022-08-31,15.069754600524902,15.515038296538872,14.934971220455097,15.359288739854978,573710000,21.519586371930046,34.80583284720288,40.36087410701029,17.605275058746336,16.940804080963133,17.736538381576537,22.292485375404357,16.329287513876352,17.09881645490315,17.23685677196213,17.480147494510017,18.199889412344152,18.40462722687965,17.66296323411219,16.921299241344723,36517089000,-0.45051501814869255,-0.059930922784500726,-0.3905840953641918,3.210467899307487,3.7978853270693045,NVDA
2022-09-01,13.914612770080566,14.356901003294752,13.248684378970617,14.186175206862451,1178865000,15.170111668442928,29.84572325748485,36.75249525042946,17.34179892539978,16.892421798706053,17.64491460800171,22.2122501373291,15.792693126366178,16.809343392646554,17.047014257568897,17.352806968637537,18.104661042516074,18.189512926612338,17.43458463956439,16.679656352516442,35338224000,-0.6410506365182336,-0.17615486553124732,-0.46489577098698626,11.316586522401696,7.236458947165296,NVDA
2022-09-02,13.625078201293945,14.14823567963121,13.569167449536392,14.077350584914733,743157000,13.933559841447078,28.740173182349068,35.91119372660509,17.075127840042114,16.840944595336914,17.562393684387207,22.129679107666014,15.31100092079457,16.519864738887225,16.851475054353184,17.21967379837527,18.00511475715558,17.941625952020086,17.183559859250273,16.42549376648046,34595067000,-0.8061220337591912,-0.3021482991768361,-0.5039737345823552,6.42028664680503,6.98244702283808,NVDA
2022-09-06,13.443371772766113,13.756867534549574,13.329554567237018,13.708944300191542,535751000,13.12769337391316,28.03823079366869,35.3798255313295,16.859075450897215,16.767842235565187,17.482178220748903,22.050899586677552,14.89597222123269,16.240183560148942,16.65672629540535,17.084805868889227,17.903742690835813,17.677067438329047,16.92541955792011,16.173771677511176,34059316000,-0.940759999870318,-0.4298706393155325,-0.5108893605547855,3.4852660315036776,7.07404640023681,NVDA
2022-09-07,13.696040153503418,13.819878314045399,13.328522048866603,13.545237877389667,512657000,20.773660706839763,30.577324470079645,36.74057052568356,16.690949869155883,16.70492504119873,17.397512130737304,21.961338901519774,14.629320650626184,16.00889779590844,16.48754423015381,16.96377852191116,17.810238190006203,17.4571290994488,16.729483221945344,16.001837344441896,34571973000,-1.0153687919513263,-0.5469702698426913,-0.4683985221086351,8.008499444057271,5.971350707455336,NVDA
2022-09-08,13.971678733825684,13.989655763301307,13.35149264648823,13.441373984164738,624873000,28.95889553045984,33.34052602533015,38.22418601293875,16.486137199401856,16.66523202896118,17.32503525733948,21.866620192527773,14.483178002448295,15.823696062991823,16.343780487506486,16.85691781519382,17.724936868757744,17.296607587569547,16.57294623184521,15.849284876120876,35196846000,-1.0402635566392142,-0.6456289272019959,-0.3946346294372183,13.793477384033272,8.429080953198083,NVDA
2022-09-09,14.368158340454102,14.455044295388618,14.107500475650557,14.138459061636421,486612000,39.71033301899325,37.211807348478786,40.32868022406263,16.30888624191284,16.64225450515747,17.25128270149231,21.77901807308197,14.457618077560698,15.69137445185203,16.230887793389204,16.76803354823883,17.650341790350996,17.108165965745204,16.406036523450165,15.703907081155121,35683458000,-1.0162851437532225,-0.7197601705122413,-0.29652497324098126,23.974227663615274,15.258734830568615,NVDA
2022-09-12,14.486004829406738,14.527949644682035,14.179406706797371,14.35018325067947,484159000,42.79809868619925,38.35772131375154,40.95374149655457,16.099239301681518,16.62928159713745,17.17456615447998,21.69305293083191,14.463926244637596,15.581795395266093,16.13118019544735,16.686532522566253,17.580023191218903,16.906778346518823,16.227559543615452,15.548340740712081,36167617000,-0.9765161813334675,-0.7711113726764866,-0.20540480865698096,26.497983152991985,21.42189606688019,NVDA
2022-09-13,13.113802909851074,13.903767364016517,13.081845229225642,13.783924633033108,714956000,24.946102818486253,31.214200643957454,36.32210480900411,15.804857921600341,16.60156421661377,17.091274576187132,21.59559660434723,14.163898836907258,15.357432442046546,15.958758636270419,16.558935036397855,17.48077385163295,16.66841062783578,15.986422786263653,15.304434944691522,35452661000,-1.043693173802959,-0.8256277329017812,-0.21806544090117774,0.6607839375543029,17.044331584720528,NVDA
2022-09-14,13.11080551147461,13.27259303050405,12.896086961061801,13.236639931022435,588507000,24.91885710954638,31.2005317733977,36.312726352728156,15.517964363098145,16.564981079101564,17.02091938972473,21.50396791934967,13.929878097922224,15.15319363017637,15.796018457710659,16.435787553364882,17.38366344407388,16.383345690037014,15.709624877403863,15.035904064770714,34864154000,-1.0846698900093408,-0.8774361643232932,-0.2072337256860476,4.275484844085308,10.478083978210542,NVDA
2022-09-15,12.912067413330078,13.215669180142505,12.773249515880076,12.99795522520399,523625000,22.926568002744673,30.254529538760693,35.6742323761746,15.24829034805298,16.52110849380493,16.95524470329285,21.40200029850006,13.703697945790637,14.949454883190343,15.631221255174626,16.309940405506495,17.284294643390684,16.09568087351217,15.431367276226814,14.76705367894146,34340529000,-1.1202669958348785,-0.9260023306256103,-0.19426466520926822,2.7102505609831815,2.5488397808742733,NVDA
2022-09-16,13.180713653564453,13.194695255875637,12.600474300374623,12.725310579538897,670751000,31.774681700032602,33.20283526460828,37.233885379583924,14.970183753967286,16.46807222366333,16.88839352607727,21.30486853122711,13.587479214184818,14.788660225951626,15.49119224936833,16.19818230722285,17.193103954727878,15.8425504225989,15.175756163240397,14.508961903881898,35011280000,-1.1139594214534565,-0.9635937487911796,-0.15036567266227685,15.634483160022542,7.540072855030353,NVDA
2022-09-19,13.36447525024414,13.44536950238442,12.992962670832137,12.994959906915472,569685000,37.65007775908198,35.2200664709017,38.30363400378633,14.747391033172608,16.419110546112062,16.834499711990357,21.214828267097474,13.537922777753556,14.659188864523673,15.36966556370409,16.096978483759326,17.108023316850463,15.578835840809012,14.922922385052361,14.26700892929571,35580965000,-1.081663850662185,-0.9872077691653808,-0.09445608149680418,22.386594006688227,13.57710924256466,NVDA
2022-09-20,13.158742904663086,13.465340983740958,13.039899278256767,13.197692336478172,524818000,33.74580268743516,33.98272833624365,37.55447980374229,14.55499620437622,16.37973217010498,16.782271814346313,21.120311255455018,13.453660583733452,14.522784686354527,15.243327126044605,15.992041498791604,17.020261529912965,15.335056243980707,14.694540576419334,14.054024908857958,35056147000,-1.0604460965482865,-1.001855434641962,-0.05859066190632456,19.154446600698414,19.058507922469733,NVDA
2022-09-21,13.243632316589355,14.012624337752102,13.092830051959995,13.195695797303914,807679000,36.98154887866865,34.997489844754455,38.07692394615543,14.359507703781128,16.343449344635008,16.71724765777588,21.033369407653808,13.406987635479208,14.406498107284966,15.12905885121859,15.893884027998666,16.93633643628355,15.17410599039621,14.517935835793196,13.86176568119018,35863826000,-1.0249658392791954,-1.0064775155694088,-0.01848832370978659,33.36789848514687,24.969646364177844,NVDA
2022-09-22,12.544549942016602,13.131780192367279,12.41172469834498,13.052883178633808,759162000,24.943155702023503,30.798919744955086,35.518496347479214,14.127018404006957,16.29154754638672,16.657560214996337,20.9462056350708,13.21533481470974,14.237230092260567,14.981372627835619,15.774264953499308,16.838741180855394,14.971447489433656,14.304522584223438,13.637597679013217,35104664000,-1.041254649484097,-1.0134329423523465,-0.027821707131750584,6.276518188745829,19.599621091530377,NVDA
2022-09-23,12.499608039855957,12.594483888456596,12.240947418073999,12.40373404951629,663309000,24.332118444307312,30.545222595589067,35.35882120761353,13.85778741836548,16.234593601226806,16.587581243515015,20.84689091205597,13.05628442029779,14.079264451132875,14.839557508522494,15.657312920869188,16.742315999944296,14.74009628864973,14.080630544200652,13.421164799751574,34441355000,-1.045735496973867,-1.0198934532766506,-0.025842043697216432,11.310029293919417,16.984815322604046,NVDA
2022-09-26,12.21198558807373,12.64242184812588,12.198003983784714,12.474641644232314,547343000,20.47925939532348,28.904262524062133,34.32632946017857,13.65669264793396,16.164099674224854,16.514037322998046,20.7491370677948,12.868662457581332,13.909511827218408,14.689410541639708,15.534265516126494,16.641641990791616,14.461376736607898,13.833710664449168,13.20604459229043,33894012000,-1.060273159998637,-1.027969394621048,-0.032303765377589055,0.6000828484399817,6.062210110368416,NVDA
2022-09-27,12.396743774414062,12.719320720938102,12.241947032432883,12.490620532839431,553854000,29.129547239338606,31.451776148977046,35.58941315428852,13.487749004364014,16.090531826019287,16.435034294128418,20.6589737701416,12.763791639099717,13.771987458781648,14.558401012083955,15.422211168208193,16.54731091931656,14.197841112610009,13.627647263082359,13.057453413554711,34447866000,-1.044841637133361,-1.0313438431235107,-0.013497794009850406,8.529803675885244,6.813305272748221,NVDA
2022-09-28,12.719321250915527,12.806207210789621,12.337821540927935,12.393747960630728,542414000,42.28363438328598,35.77858636098129,37.77389753301581,13.351557397842408,16.00562412261963,16.374129934310915,20.571880440711976,12.753909330614341,13.67629053079382,14.453310740017187,15.325679385447742,16.46224448224098,14.034812845870173,13.469461673145842,12.904110500421515,34990280000,-0.99511170927431,-1.0240974163536705,0.028985707079360434,22.374653447069694,10.501513323798314,NVDA
2022-09-29,12.203997611999512,12.48363067238174,11.930356260034026,12.43169872306821,532763000,31.186903859569696,32.27386623517397,35.74898361211862,13.208269548416137,15.894136219024658,16.309759311676025,20.492375249862672,12.631706726477713,13.542445719994337,14.32477856127332,15.214190750681734,16.367616774013392,13.861748374191958,13.31079474163407,12.759841109076179,34457517000,-0.985917649135601,-1.0164614629100566,0.030543813774455586,10.534418265103714,13.812958462686225,NVDA
2022-09-30,12.123103141784668,12.61645665148019,12.059186824350094,12.071171193395665,565638000,29.717777749159367,31.748125405729382,35.43722504250783,13.118694067001343,15.776178169250489,16.261798391342165,20.411587347984312,12.518683707657036,13.41341457652073,14.19896853730254,15.103794764649695,16.27329424885275,13.722233941703626,13.172365892429244,12.62249784315486,33891879000,-0.9739319170311234,-1.00795555373427,0.034023636703146565,9.25658342521728,14.055218379130233,NVDA
2022-10-03,12.495614051818848,12.661397019747188,12.089146528346182,12.330830178093539,547478000,44.234108982274016,36.84966449418628,38.03859014195751,13.062220859527589,15.680266857147217,16.211124324798583,20.32207307815552,12.513557117470771,13.329978165184194,14.1016339952749,15.010645453477165,16.189345800029773,13.628869831367066,13.10452397889855,12.580178126430031,34439357000,-0.9237264769233935,-0.9911097383720946,0.0673832614487011,27.146254501691175,15.645752064004062,NVDA
2022-10-04,13.149755477905273,13.20268651528483,12.862132554319986,12.862132554319986,584182000,61.14515490527734,44.67061941615885,42.30621251452632,13.047540044784546,15.603328876495361,16.176624088287355,20.246168937683105,12.654934530900661,13.313594284522473,14.047240937139494,14.94418509720674,16.121799348427007,13.583735710885462,13.070747680756464,12.557759650627466,35023539000,-0.8216827109184379,-0.9572243328813632,0.1355416219629253,58.561106080422036,31.654648002443505,NVDA
2022-10-05,13.191699028015137,13.30355279979385,12.604469821558896,12.894089953360172,507131000,62.03109563386441,45.13977824735492,42.57136267347405,13.022322988510131,15.537034034729004,16.147085065841676,20.173398690223692,12.774215530259433,13.302512897567262,13.998352828046672,14.881596309021324,16.056686007973408,13.573977580847084,13.048048121626545,12.522118662406006,35530670000,-0.7290240616360659,-0.9115842786323038,0.18256021699623792,60.57542645341783,48.76092901184368,NVDA
2022-10-06,13.112804412841797,13.638115559922221,13.085839346698974,13.202686696750762,644157000,58.99484929923339,44.3775340752109,42.19006829657274,12.979379272460937,15.444061584472657,16.101474866867065,20.100643153190614,12.849457504166624,13.285266671683129,13.947750061463536,14.818425169872055,15.991266416970483,13.560883591119799,13.03205318199238,12.50322277286496,34886513000,-0.6544138748145762,-0.8601501978687583,0.2057363230541821,56.78654758534245,58.64102670639411,NVDA
2022-10-07,12.060184478759766,12.653406389776919,12.006255300705963,12.488622525605487,672478000,33.07498640332332,35.71260305956298,37.50456387822886,12.863980579376221,15.32616298675537,16.049750452041625,20.01585798740387,12.674063498520654,13.17389556323555,13.83988917102332,14.719916573760901,15.903909040565798,13.488407129888069,12.959148722081704,12.42989031427534,34214035000,-0.672470573615513,-0.8226142730181093,0.1501436994025963,6.234942566473775,41.19897220174469,NVDA
2022-10-10,11.654715538024902,12.108120441007816,11.393058603226073,12.021234494107956,698699000,27.491726265109392,33.03670619867577,35.89902815719435,12.722416114807128,15.19658082962036,15.984857959747314,19.92742371559143,12.4475417295216,13.0357882882164,13.715022106280552,14.6104451081989,15.809482518287112,13.38249832869595,12.835739062887503,12.288979797079062,33515336000,-0.7112991782205604,-0.8003512540585995,0.08905207583803909,9.988561514230211,24.33668388868215,NVDA
2022-10-11,11.570825576782227,11.83048431565809,11.268221984145713,11.54585774929641,667482000,26.385883265822287,32.49421708732527,35.569666377206985,12.645267248153687,15.05976972579956,15.931494064331055,19.837372379302977,12.252715917801739,12.902609859904203,13.592496590309219,14.501887267791163,15.715290141809225,13.257376564832189,12.700440185041472,12.143503805250756,32847854000,-0.7403065527741237,-0.7883423138017044,0.04803576102758067,12.768657450677459,9.66405384379382,NVDA
2022-10-12,11.484939575195312,11.719631475815296,11.330142830208745,11.563836589027906,492590000,25.143349413759708,31.916380557682075,35.22377167304455,12.563973951339722,14.919543704986573,15.875414657592774,19.740379552841187,12.082098952778088,12.773730743112484,13.472064760874137,14.394139135912742,15.621282351440028,13.148455896746052,12.612111587868872,12.075767278991695,32355264000,-0.761447891336994,-0.7829634293087624,0.021515537971768417,9.14461279041152,10.633943918439735,NVDA
2022-10-13,11.94433879852295,12.062184311753931,10.79884044614339,10.95663354254968,850103000,42.51804613690056,38.24255008893061,38.56461224983066,12.515587520599365,14.781177444458008,15.828221426010131,19.648792548179628,12.051485585165834,12.698331475422526,13.384766134454068,14.306646266720248,15.539572494708537,13.119668459315646,12.54109377919236,11.962519099069073,33205367000,-0.7326869177935951,-0.772908127005729,0.0402212092121339,40.34474668624133,20.752672309110107,NVDA
2022-10-14,11.212295532226562,12.095137526899817,11.189325892966313,12.041208353128903,713432000,29.448140380954058,32.983303661550536,35.513325097355164,12.417166614532471,14.621740646362305,15.771671476364135,19.555147137641907,11.864998906734884,12.563237298768346,13.260624957183925,14.19613374048833,15.44341078443116,13.071826376010144,12.471185411616805,11.870544447223468,32491935000,-0.7602002968838804,-0.7703665609813594,0.010166264097479005,14.561994506157596,21.35045132760349,NVDA
2022-10-17,11.872429847717285,11.932351684916148,11.501916408490736,11.502914550195962,580774000,47.05862108775708,40.87913236160558,39.98964409217819,12.342564344406128,14.480019245147705,15.729149379730224,19.466873273849487,11.866650226953196,12.500436621400068,13.18129952235726,14.113144315746506,15.364055652504184,13.005786021947964,12.412944375605846,11.820102729263725,33072709000,-0.7204328246005538,-0.7603798137051982,0.03994698910464445,37.81209493802946,30.9062787101428,NVDA
2022-10-18,11.951326370239258,12.475638376699207,11.602783491739201,12.327832454158484,659362000,48.88836095986351,41.76227196867228,40.50565329994601,12.282193517684936,14.363757381439209,15.679221153259277,19.379867162704468,11.885467147683432,12.450517507658176,13.111015342236232,14.035936531978392,15.288217224009408,12.965917529494632,12.353054547275955,11.740191565057277,33732071000,-0.674772172728952,-0.743258285509949,0.06848611278099703,40.590850759862036,30.9883134013497,NVDA
2022-10-19,12.03521728515625,12.333826444729338,11.818501467347717,11.863442610170829,523131000,51.047150929604086,42.741691655175075,41.06895057245799,12.221772766113281,14.263290691375733,15.621387767791749,19.28973756790161,11.918744956010725,12.412762941976183,13.049541167545948,13.964482273163314,15.215928336479337,12.915016130228992,12.297872992205678,11.68072985418236,34255202000,-0.6246162936027932,-0.7195298871285178,0.0949135935257246,43.54551036681152,40.64948535490101,NVDA
2022-10-20,12.178030967712402,12.752277756580911,12.089146821227374,12.09713671776913,652398000,54.93546725699363,44.45428609072669,42.04553300289954,12.20344681739807,14.145492668151855,15.555399904251098,19.204468760490418,11.976364069722209,12.391423671588566,12.999740584698316,13.900680440825782,15.148419506062293,12.849942777656034,12.245021703939315,11.640100630222598,34907600000,-0.5668096980310615,-0.6889858493090266,0.1221761512779651,48.57544500974507,44.237268712139546,NVDA
2022-10-21,12.449673652648926,12.481632285200682,11.871432413251382,12.0821555690685,609494000,61.85168177750147,47.66095895557772,43.89439433044581,12.200950098037719,14.036222591400147,15.493515949249268,19.128971433639528,12.081543977039257,12.396719124412234,12.968308188581208,13.848858769819465,15.08844737598644,12.824309708642591,12.224619855024587,11.624930001406582,35517094000,-0.49339075856504166,-0.6498668311602296,0.15647607259518792,58.14277026182288,50.08790854612649,NVDA
2022-10-24,12.582500457763672,12.69335515427323,12.048201240588062,12.491620026626292,517457000,65.00327359062618,49.20513327155945,44.7947022011671,12.219475841522216,13.914293727874757,15.436473846435547,19.05127395629883,12.19286763942246,12.413608336535091,12.946262032534491,13.803631687246043,15.0327596666926,12.83802192826396,12.224445529726784,11.610869131189611,36034551000,-0.4196502402441631,-0.6038235129770163,0.18417327273285322,62.82096451183217,56.51305992780004,NVDA
2022-10-25,13.243632316589355,13.28258175046069,12.647414059994293,12.677375456026189,505482000,76.56643406732081,56.141215003864644,49.04915488465587,12.26182026863098,13.79913776397705,15.373346242904663,18.981527857780456,12.426370901015103,12.48906506199457,12.96325462019477,13.78363170972259,14.99300128113475,12.880775359778811,12.258115636188055,11.6354559125973,36540033000,-0.304354127576536,-0.5439296358969203,0.23957550832038432,86.10619867661072,69.02331115008859,NVDA
2022-10-26,12.879110336303711,13.370465602720852,12.691356829552692,12.852146223274735,532953000,62.83106241031971,51.93066723959968,46.96294014307545,12.26980972290039,13.679746437072755,15.315277547836304,18.909195704460146,12.526979664412572,12.5245237232954,12.958446375400994,13.751327374957631,14.946025926805172,12.915507526362639,12.283241370168883,11.65097521397513,36007080000,-0.2396326687562933,-0.48307024246879493,0.24343757371250163,80.89320034996553,76.60678784613614,NVDA
2022-10-27,13.158742904663086,13.81987653199885,13.104813728048203,13.612148768785806,583113000,68.09911396440084,54.73523401281435,48.71241971859053,12.31754698753357,13.576810340881348,15.259346399307251,18.836180844306945,12.667371495579353,12.582180012510644,12.969891891358827,13.730163643875684,14.906308526313126,12.962493471828411,12.318480785439947,11.67446809905148,36590193000,-0.16388724492536788,-0.4192336429601095,0.25534639803474163,78.11566599845656,81.70502167501094,NVDA
2022-10-28,13.815881729125977,13.83186152118797,13.043894336346346,13.086838241715473,521040000,77.20856431146753,60.55895035226023,52.55722254069035,12.402185916900635,13.478271064758301,15.208589143753052,18.765543456077577,12.922595991923048,12.694334714021128,13.018234167802664,13.733225004063195,14.882076819708967,13.038330477538361,12.383141944840665,11.727953412142963,37111233000,-0.050253548007512805,-0.3454376239695902,0.2951840759620774,99.473139432051,86.16066859349102,NVDA
2022-10-31,13.479323387145996,13.819877352516734,13.27958550774582,13.759955512484012,486341000,65.68153945407843,56.546293748911914,50.529020882369686,12.451371383666991,13.391450939178467,15.157201900482178,18.70032913208008,13.046313190861481,12.765697320668842,13.044582123193711,13.724157089173294,14.850904521207568,13.09752263123227,12.443142573885005,11.788762516537743,36624892000,0.012500432815850004,-0.27385001261250214,0.28635044542835214,88.37666718036928,88.65515753695895,NVDA
2022-11-01,13.525264739990234,13.906764454492945,13.501296001998105,13.79291342524304,432817000,66.50077940317149,56.96547205960972,50.79997305845118,12.47014684677124,13.321823444366455,15.112264442443848,18.633513164520263,13.15274686844565,12.834748904243515,13.07204970129637,13.717053790988185,14.821445859402736,13.148107099166404,12.501669043671816,11.85523098817723,37057709000,0.06518903929675979,-0.20604220223064976,0.2712312415274095,87.72493428160413,91.85824696467482,NVDA
2022-11-02,13.201688766479492,14.191391166061656,13.193699822047904,13.83186295115386,672628000,55.33611396129783,53.08153134380153,48.83067040500131,12.470646333694457,13.242789173126221,15.074813995361328,18.570263986587523,13.163622845786504,12.868107073537693,13.079457647878263,13.698647897255732,14.785451257337776,13.201180390535063,12.523450078704814,11.845719766874565,36385081000,0.07991406313369254,-0.1488509491577813,0.22876501229147383,67.03261556462728,81.0447390088669,NVDA
2022-11-03,13.403422355651855,13.762951481566452,12.939032155387688,13.025918106836965,500065000,60.32005845517647,55.135303483985986,50.09171015615946,12.48517723083496,13.166970901489258,15.05262957572937,18.512195200920104,13.216911625756582,12.916772099184435,13.097969916893897,13.688104127912737,14.754739503966977,13.223088222075852,12.539413322248276,11.855738422420703,36885146000,0.10663276911502528,-0.09775420550321998,0.20438697461824526,70.70175846820446,75.15310277147863,NVDA
2022-11-04,14.137460708618164,14.210365058332465,13.67906125202417,13.967683273201919,612576000,73.3196558103094,61.7041015617585,54.36950472135218,12.589041042327882,13.09203556060791,15.035898551940917,18.462372488975525,13.421478088614712,13.027743790951137,13.15736939070671,13.704152577223645,14.74102219740367,13.256853467770563,12.57417725398656,11.891501040202554,37497722000,0.18490680601377996,-0.041222003199819994,0.22612880921359996,97.20413924349262,78.31283775877479,NVDA
2022-11-07,14.282271385192871,14.393126083132001,13.93572663883021,14.209367030009965,410061000,75.23997340276448,62.85940624540971,55.16215022269104,12.72041883468628,13.053003368377686,15.0137167263031,18.417146100997925,13.612765487854302,13.141791754064021,13.221649504677348,13.72479967750826,14.730827734910095,13.341330023383343,12.667689602207393,11.994049181031443,37907783000,0.2556772671738763,0.018157850874919265,0.237519416298957,95.6943355058632,87.86674440585342,NVDA
2022-11-08,14.582877159118652,14.871498236897642,14.197382040182664,14.781615950345596,595292000,79.00431967298623,65.20596020804251,56.79106827479617,12.871021413803101,13.029148578643799,15.003786096572876,18.37343273639679,13.82834585924638,13.272799518159898,13.299433942073994,13.75544530185149,14.72753994433695,13.47423519688715,12.80254456814295,12.130853939398751,38503075000,0.3321904564053675,0.08096437198100892,0.25122608442435856,90.37950849264362,94.42599441399982,NVDA
2022-11-09,13.757960319519043,14.192391105096668,13.740982382953218,14.143454531625968,454414000,52.646800169980764,54.94660429911242,51.430696957226886,12.984672451019287,12.995444717407226,14.982820777893066,18.330824375152588,13.81270462819586,13.316905045556183,13.32563544935657,13.755535123911045,14.705993730452107,13.580413627091533,12.914001741650614,12.2475898562097,38048661000,0.3225457091240269,0.12928063940961254,0.19326506971441437,62.88288381535534,82.98557593795405,NVDA
2022-11-10,15.729372024536133,15.752341664941923,14.527947540373134,14.78061644211266,700819000,75.8001757988794,67.93202837263021,60.69883644953895,13.173924112319947,13.00863706588745,14.974720573425293,18.295837535858155,14.238630716271476,13.53622022546345,13.462991825081117,13.82602929893337,14.728735470320641,13.802313052258492,13.09614376305747,12.389974473856446,38749480000,0.46857716041067654,0.19713994360982534,0.2714372168008512,99.37989282871756,84.21409504557217,NVDA
2022-11-11,16.305620193481445,16.367539281571972,15.461727368675898,15.786301605326148,655487000,79.34297289080018,70.59950240009321,62.86434150628785,13.428590345382691,13.056457214355468,14.974439506530763,18.267863702774047,14.697961711207025,13.787983858919631,13.62542773184685,13.914586116595801,14.763777353057549,13.996867455896043,13.30772349777666,12.61857953965728,39404967000,0.6236178703612598,0.28243552896011226,0.34118234140114756,98.3355644124187,86.86611368549721,NVDA
2022-11-14,16.273658752441406,16.518338717650273,15.901147120330615,16.196759933471668,527852000,78.57732454999073,70.25045906281497,62.664127369510766,13.648651790618896,13.109428825378417,14.975186710357667,18.23525894165039,15.048116609259111,14.013954303785246,13.776755218737968,13.998838710733144,14.797330273043855,14.208463099205378,13.53306295235332,12.857662805501267,38877115000,0.7354321250787645,0.37303484818384275,0.3623972768949218,93.60645092233507,97.10730272115711,NVDA
2022-11-15,16.64417266845703,16.975736669946382,16.360544231088024,16.70009908063956,545876000,81.11274062422086,71.97991693009217,64.05168870406422,13.883294105529785,13.173444843292236,14.97064353942871,18.19629309654236,15.402795733525316,14.253065064209954,13.9406076444362,14.093314923508999,14.838371215164148,14.45017781532706,13.765979708359152,13.081781601391242,39422991000,0.8442115586839964,0.4672701902838735,0.37694136840012293,91.78627020398596,94.57609517957991,NVDA
2022-11-16,15.889166831970215,16.34057463480127,15.852215578000571,16.140837663515093,649547000,62.90722155817412,63.83612444792068,59.35257064073196,14.075991582870483,13.217307376861573,14.961116209030152,18.15279375553131,15.510878199846404,14.401801588551796,14.051953883723858,14.157452491668328,14.861722228870951,14.623173391860657,13.957284610043189,13.29139582822572,38773444000,0.8595885802938881,0.5457338682858764,0.3138547120080116,73.0827501974106,86.15849044124388,NVDA
2022-11-17,15.656468391418457,16.244697698362444,15.514654166070915,15.694418730732606,710894000,58.08545894283104,61.525658996575814,57.981920276193144,14.249913454055786,13.251003170013428,14.958117599487304,18.10511693954468,15.543231575751305,14.515862206994221,14.143640427020692,14.210988773802262,14.87938325470534,14.811624673183644,14.135511198275228,13.459397723366815,38062550000,0.8432773845277772,0.6052425715342566,0.23803481299352058,67.31818557018777,77.39573532386144,NVDA
2022-11-18,15.38882064819336,15.981044462160867,15.10019861437429,15.945090404179322,492072000,52.52833231061308,58.88569753886744,56.41531551578317,14.396870803833007,13.271416416168213,14.956835460662841,18.0625590133667,15.508918036293984,14.59522206528505,14.214793582516274,14.253054197887659,14.89070408567174,14.97200170360439,14.285520851913448,13.599040000222509,37570478000,0.7995371418380497,0.6441014855950153,0.15543565624303435,60.68783295805565,67.029589575218,NVDA
2022-11-21,15.296940803527832,15.456731110524126,15.060250720781186,15.127163364237928,404739000,50.536618389624145,57.96618557341373,55.87352087056366,14.532592821121217,13.287635135650635,14.958458366394042,18.017690358161925,15.461811984568174,14.659014677852575,14.276630566574077,14.290335862374807,14.899731568290763,15.104859256574441,14.428555523083801,13.752251789593164,37165739000,0.7488267402492674,0.6650465365258659,0.08378020372340156,58.41172272174394,62.13924708332912,NVDA
2022-11-22,16.016992568969727,16.036966828930023,15.102192035171068,15.3079225316065,472866000,63.538199502324744,62.86069813489922,59.0923013406757,14.671260833740234,13.345698928833007,14.973631572723388,17.97438105106354,15.585185447768518,14.78246721340868,14.376079823853829,14.352002173324626,14.924559590528073,15.274715720394552,14.584620516424211,13.894525312453869,37638605000,0.7580027574414636,0.6836377807089855,0.0743649767324781,76.24933661805393,65.11629743261784,NVDA
2022-11-23,16.49736785888672,16.50535870885115,16.02698585665369,16.076919620889132,427241000,69.8770203819607,65.72786779725728,61.07276871340384,14.852173709869385,13.41343017578125,14.989205627441406,17.931577382087706,15.787892650239229,14.938367272088502,14.497296282998565,14.428622376380416,14.959510885380487,15.42369508202218,14.741066298921785,14.058437515821392,38065846000,0.7948742725860924,0.7058850790844069,0.08898919350168555,85.48935668767889,73.38347200915892,NVDA
2022-11-25,16.248693466186523,16.46540834086165,16.15082223246227,16.29663094123332,167934000,63.066210495095035,63.01577809371869,59.51345545219272,15.006671237945557,13.480162696838379,15.000635595321656,17.87956120967865,15.890292831560851,15.057487835188322,14.597376122037877,14.493624915302064,14.988159387176177,15.563860530857525,14.89858996988898,14.233319408920433,37897912000,0.7948665420414258,0.7236813716758107,0.07118517036561511,77.52400524876728,79.75423285150003,NVDA
2022-11-28,15.806272506713867,16.33557910048079,15.704406802903588,16.005011300506297,303741000,52.20325839530534,58.39889925184991,56.8153362836495,15.10619077682495,13.532673873901366,15.000373048782349,17.82972918987274,15.87162164826152,15.12555916896337,14.666455915447933,14.540505186423914,15.006339678721458,15.683085193179235,15.021809418228472,14.360533643277709,37594171000,0.7505093371035834,0.7290469647613653,0.02146237234221804,63.84689347395286,75.62008513679967,NVDA
2022-11-29,15.618518829345703,15.9111353323506,15.499675191959904,15.806272346937764,298384000,47.99340745905411,56.50682775338505,55.695071610445765,15.213150548934937,13.577754745483398,14.99843264579773,17.788314757347106,15.815376577391339,15.17037368354358,14.720859510527806,14.579005673671121,15.019943659846442,15.76575456831643,15.12240770024428,14.479060832172133,37295787000,0.6922262269251505,0.7216828171941224,-0.02945659026897196,58.04262951105728,66.47117607792582,NVDA
2022-11-30,16.905160903930664,16.912153494374177,15.580558497425681,15.68045251052316,565298000,68.73029103987443,64.89949848415742,61.17904929351565,15.382145357131957,13.65268310546875,15.016207637786865,17.751746706962585,16.057550872177856,15.328081612669678,14.845676733007968,14.66208264618039,15.061837376381646,15.943421173155391,15.262393202598597,14.581365232041803,37861085000,0.7413123177559466,0.7256087173064872,0.0157036004494594,97.11675465982552,73.00209254827855,NVDA
2022-12-01,17.116939544677734,17.246801683339985,16.617466556173586,16.98108321190143,470977000,71.01321181392258,66.06039879042248,61.98867850810846,15.57790789604187,13.730149250030518,15.036799297332763,17.705119681358337,16.29297057717783,15.490705061034046,14.975463179389097,14.74975610684101,15.107506313454891,16.11357169080182,15.421883402403518,14.730195114005223,38332062000,0.7882161002299171,0.7381301938911732,0.05008590633874388,94.06086842310411,83.07341753132897,NVDA
2022-12-02,16.85820960998535,16.915150636132893,16.42766419266872,16.641439305658572,371389000,64.14740096886808,63.30570299796444,60.38031195191562,15.750647258758544,13.816422443389893,15.053984994888305,17.657119154930115,16.418579251135057,15.615023656393255,15.083048689708884,14.825058017667594,15.146410831155567,16.241883277826407,15.57449046088285,14.907097643939293,37960673000,0.79534213330124,0.7495725817731865,0.04576955152805351,82.2280806617978,91.13523458157583,NVDA
2022-12-05,16.592496871948242,16.977091384812983,16.454641809576543,16.66142440313409,352255000,57.31788707261113,60.514801881146845,58.743849997220785,15.87339906692505,13.898280220031738,15.066436910629273,17.617790160179137,16.457227611315766,15.703884857807346,15.169302871551132,14.888180833891903,15.178546076506514,16.38496922736458,15.731932112846845,15.078894998329117,37608418000,0.7706650218948887,0.753791069797527,0.016873952097361755,70.07594048363518,82.12162985617904,NVDA
2022-12-06,15.970147132873535,16.555528867031303,15.802324015737545,16.512574928841648,352694000,44.11660302465691,54.4589192122427,55.087948764112,15.957792854309082,13.973443450927734,15.068771562576295,17.57966583251953,16.34898750499527,15.728090519176998,15.215065400769554,14.92682248742696,15.196137211092447,16.49555361040623,15.83194977946062,15.16834594851501,37255724000,0.6929024622982549,0.7416133482976726,-0.04871088599941764,41.61331831148121,64.63911315230474,NVDA
2022-12-07,16.103012084960938,16.168942512787485,15.650488477178708,15.755378313813258,372388000,47.230242137548274,55.48315701546444,55.70324609178259,16.033799600601196,14.047568817138671,15.06905032157898,17.54346332550049,16.294326300543197,15.762174297884629,15.265805211294776,14.96882925876746,15.216289986067302,16.582767622179134,15.916256429742717,15.249745237306296,37628112000,0.6346799691933569,0.7202266724768095,-0.0855467032834526,47.68978093972555,53.12634657828065,NVDA
2022-12-08,17.150901794433594,17.16089148149892,15.942176334261013,16.255846411030678,515456000,65.44937686167486,62.62304238911803,60.1992221829753,16.203446674346925,14.136200428009033,15.070912275314331,17.5175053024292,16.48467641029662,15.888422252116353,15.373525016045564,15.046760420755536,15.259281359586552,16.713497924172202,16.021053448377547,15.328608972582893,38143568000,0.6654235771267274,0.7092660534067932,-0.04384247628006577,95.6141022757519,61.63906717565289,NVDA
2022-12-09,16.983078002929688,17.564465224613613,16.957106340396344,17.141910790847255,465338000,61.37682816353765,60.937369805662456,59.19329233354594,16.266131973266603,14.231782035827637,15.062959127426147,17.483916683197023,16.595432319770634,15.987936411281202,15.465499472438943,15.115914620118899,15.297587951660844,16.87669103919747,16.17682036520883,15.476949691220186,37678230000,0.6685396218875859,0.7011207671029518,-0.032581145215365925,76.78364929225609,73.36251083591118,NVDA
2022-12-12,17.516517639160156,17.519514736231685,16.779296541065285,17.019043348066607,457328000,68.78535929276993,64.23299679500649,61.34001248732607,16.326676845550537,14.339650325775146,15.057914247512818,17.450954332351685,16.80011794630164,16.126898341088378,15.582700510537297,15.201650442227514,15.34689750027194,16.945788497902214,16.268973820551782,15.592159143201346,38135558000,0.7059158715631959,0.7020797879950006,0.0038360835681953143,98.05271057415395,90.15015404738732,NVDA
2022-12-13,18.052953720092773,18.7701974035508,17.692334131047183,18.511469596335157,656589000,74.6525740150901,67.22736569169511,63.36612956020685,16.415641593933106,14.450797119140624,15.06553198814392,17.41953640937805,17.078525896033003,16.30199428463423,15.72385783679761,15.303482702151275,15.407032082934624,17.05526075964482,16.370253160408314,15.685245561171804,38792147000,0.7699472545849986,0.7156532813130003,0.05429397327199825,78.06944466189289,84.30193484276764,NVDA
2022-12-14,17.655370712280273,18.23276249935812,17.401638727640112,17.968040523898743,496888000,63.96019170505294,63.0164985867949,60.893337521059706,16.466201496124267,14.540909423828126,15.072119150161743,17.39066156387329,17.20671363297684,16.425028505329323,15.834230001110903,15.387478702513025,15.456995163586749,17.138410344915474,16.443215499279045,15.748020653642614,38295259000,0.7796239414622228,0.7284474133428449,0.051176528119377895,65.91288426907715,80.678346501708,NVDA
2022-12-15,16.934127807617188,17.30173986952119,16.68239457922902,17.127923524585228,478542000,48.75788378877165,56.14607850299823,56.697189153701814,16.518449544906616,14.615757999420167,15.076396017074584,17.3544522857666,17.14613900511914,16.471310260082763,15.897081304339833,15.44271617055246,15.489820333454091,17.153493951918293,16.458101351451678,15.762708750985068,37816717000,0.7207857414474681,0.7269150789637696,-0.006129337516301514,43.8600481162767,62.61412568241559,NVDA
2022-12-16,16.553529739379883,17.023035477455014,16.39270016925894,16.846222027891535,478232000,42.37935675504816,52.87032855899886,54.62070537433833,16.56330261230469,14.684572505950928,15.064317045211792,17.318865413665772,17.014448057177084,16.478784758200682,15.93459264348498,15.482388083724869,15.513458320252441,17.19021200105334,16.488058626710757,15.785905252368174,37338485000,0.636112254608463,0.7087545140927083,-0.0726422594842453,32.222821899361065,47.33191809490498,NVDA
2022-12-19,16.236867904663086,16.591493275422224,16.127983538157395,16.55453352352838,354039000,37.4835261608775,50.24376843555812,52.934388394088835,16.605704975128173,14.768106174468993,15.047134580612182,17.285578184127807,16.84165246772953,16.45679231696999,15.9518655155523,15.50933379161552,15.529534088794898,17.201972684820177,16.512511395955055,15.823050107089934,36984446000,0.5372627125251839,0.6744561537792034,-0.13719344125401955,20.576291754439122,32.21972059002564,NVDA
2022-12-20,16.06804084777832,16.292804013833532,15.835287647926197,16.04706307930235,403260000,34.90380720787648,48.85037347711703,52.0388968861243,16.6442599773407,14.856372680664062,15.026476755142212,17.259352416992186,16.66973877440704,16.4214512743162,15.958504105965215,15.529287615049904,15.541500905661197,17.20921205528322,16.539909313174253,15.870606571065288,36581186000,0.4402261526511744,0.6276101535535976,-0.18738400090242324,13.384337463982051,22.061150372594085,NVDA
2022-12-21,16.483600616455078,16.609469117277804,16.0850211587477,16.097009542320105,325025000,45.90125350314006,52.35307429106709,54.03969414507685,16.667590379714966,14.954628181457519,15.00719895362854,17.234395904541017,16.628374739306604,16.427101214510643,15.98850962085035,15.563370222242947,15.562436454789948,17.268705245188123,16.59330880932739,15.917912373466653,36906211000,0.392333602642605,0.5805548433713991,-0.1882212407287941,26.704803522974682,20.221810913798624,NVDA
2022-12-22,15.322829246520996,16.120987673315565,14.866311240758934,16.077033433532407,565045000,29.305918198002004,43.41065907698032,48.171283628345286,16.60886344909668,15.031385974884033,14.975464839935302,17.1961491727829,16.33825351868758,16.32671285378431,15.950470742317243,15.55477947311002,15.55711185016175,17.2705097157265,16.579879868494448,15.889250021262393,36341166000,0.2577427649757098,0.5159924276922613,-0.2582496627165515,11.693937444005359,17.261026143654036,NVDA
2022-12-23,15.189971923828125,15.322831151410716,14.867312438743172,15.17998223602925,349326000,27.919515429393343,42.515533903637134,47.55336284501144,16.55592737197876,15.096298637390136,14.938738040924072,17.159014925956726,16.083079830941035,16.22337276924284,15.907013666975008,15.54175063206424,15.548953185132113,17.21149131367889,16.521949758805405,15.832408203931921,35991840000,0.13875855855491182,0.4405456538647914,-0.30178709530987957,8.29073055853977,15.563157175173274,NVDA
2022-12-27,14.106114387512207,15.084082448789612,14.04118237491811,15.05810983428577,464902000,19.082059222774305,35.99477372716292,42.86385106413785,16.470919466018678,15.15417501449585,14.887957830429077,17.119246301651,15.64375417684574,16.030894734540055,15.80410513671999,15.490477909044525,15.516890100740559,17.156751584601523,16.432528412324604,15.708305240047682,35526938000,-0.04250554975501686,0.34393541314082976,-0.3864409628958466,1.373055746301382,7.119241249615508,NVDA
2022-12-28,14.021203994750977,14.24696558584254,13.869363801000764,13.912318692934731,351066000,18.530642700772972,35.534962278127594,42.52042143545514,16.39105372428894,15.197150497436523,14.838584871292115,17.082896137237547,15.283187469713571,15.84819557637741,15.702225071464618,15.438003840676899,15.483652631718567,17.054062115288662,16.34191372933248,15.629765343376294,35175872000,-0.1908106739246005,0.2369861957277437,-0.4277968696523442,3.098252380395159,4.254012895078776,NVDA
2022-12-29,14.587605476379395,14.667521065652995,14.212002397327266,14.38681810611413,354923000,33.835358689557296,40.95350692462313,45.562121925794386,16.275175952911376,15.249876079559327,14.806816730499268,17.041177926063536,15.128613693417087,15.73359647637759,15.638532523174034,15.407632470523417,15.463740472711029,16.999617276709436,16.285370865613487,15.57112445451754,35530795000,-0.25964664248683,0.13765962808482898,-0.397306270571659,14.655500137872663,6.375602754856406,NVDA
2022-12-30,14.598594665527344,14.613578243254633,14.217995786415349,14.318889147477543,310490000,34.123485790357904,41.05702505455921,45.62049123797512,16.14925870895386,15.301143627166748,14.78221715927124,16.991913475990295,15.010831687219365,15.63041449357302,15.579107502737081,15.378738263202129,15.444515010329168,16.86031978748942,16.19064540211296,15.520971016736496,35841285000,-0.3097423903173766,0.04817922440438786,-0.3579216147217645,14.879731157310484,10.87782789185944,NVDA
2023-01-03,14.299911499023438,14.980194430393471,14.081142463306268,14.835346803839585,401277000,29.879637798066284,39.05298531707297,44.27165447932054,16.021343803405763,15.343581237792968,14.744536952972412,16.93980806827545,14.852849423175826,15.509459675886694,15.506010588239159,15.340208735910034,15.419079376744596,16.75221171016076,16.06969366574045,15.38717562132014,35440008000,-0.3692879451727631,-0.03531420951104233,-0.3339737356617207,8.785193151602774,12.773474815595312,NVDA
2023-01-04,14.733452796936035,14.837343262850888,14.225988854764774,14.551645434254098,431324000,42.3648240817324,43.37356927758425,46.66463724316972,15.928391599655152,15.38925682067871,14.712739706039429,16.88145070075989,14.826316839566985,15.438913595982088,15.461864428736122,15.318538880946678,15.403843230526629,16.65645558904378,15.968039070117667,15.27962255119155,35871332000,-0.3771475447824155,-0.10368087656531698,-0.27346666821709853,19.803118066212136,14.489347458375136,NVDA
2023-01-05,14.249961853027344,14.54864642697685,14.133084617886107,14.475723430978015,389168000,34.21260055422779,39.97049020981881,44.439798554946705,15.842382335662842,15.422606048583985,14.66844988822937,16.81927345275879,14.698237953669288,15.330827073895293,15.392612852981333,15.280375415663844,15.378201422137757,16.538785740363075,15.855459115062942,15.172132489762813,35482164000,-0.41757645117263564,-0.16645999148678073,-0.25111645968585494,11.08847178830966,13.225594335374863,NVDA
2023-01-06,14.843337059020996,14.994177909991919,14.019206897315305,14.458742666001996,405044000,48.739574987015025,45.61059202411984,47.64263403101723,15.779398584365845,15.454600143432618,14.626868953704834,16.761111159324646,14.730482199303001,15.28650979981581,15.361225664755029,15.264766902926599,15.366315547401827,16.478373364725527,15.78448644602621,15.090599527326896,35887208000,-0.39715804001821553,-0.2125996011930677,-0.18455843882514783,30.88378746881139,20.591792441111068,NVDA
2023-01-09,15.611525535583496,16.03907384357529,15.125038456294371,15.267888310654865,504231000,61.83270484024724,51.91000338713804,51.431984101685494,15.70242977142334,15.509248447418212,14.594497442245483,16.71123170852661,14.926269607365334,15.3160566848856,15.375528514516654,15.277151139807202,15.371764658250308,16.47900731417858,15.766283188256782,15.053559062334985,36391439000,-0.3153546993592755,-0.23315062082630927,-0.08220407853296624,63.58010125500554,35.184120170708866,NVDA
2023-01-10,15.892231941223145,15.945175574984253,15.455692274992794,15.490655231753736,384101000,65.67696472861599,54.00630217864136,52.73870327202097,15.647887468338013,15.563918228149413,14.570364284515382,16.650198664665222,15.14092790377818,15.368436253643559,15.405054424614168,15.299118311286344,15.383330597871927,16.397284054484413,15.719285254621969,15.041286454759526,36775540000,-0.2252774434146705,-0.23157598534398152,0.006298541929311036,73.82446682636402,56.09611851672698,NVDA
2023-01-11,15.984132766723633,16.011104732768004,15.546594737725535,15.823303178294324,353285000,66.98344092637984,54.70248702856379,53.169952905955654,15.571268224716187,15.607283248901368,14.542777156829834,16.5919109582901,15.328306762210502,15.424408663923565,15.43814461559185,15.323583113266247,15.396681757179742,16.32757986403605,15.656383392229548,14.985186920423049,37128825000,-0.14480571044475887,-0.214221930364137,0.06941621991937813,77.17838263954718,71.52765024030559,NVDA
2023-01-12,16.493595123291016,16.619461755576417,15.47566921706697,16.083029067309738,551409000,73.65451725576929,58.45658661202657,55.522103835779184,15.493300294876098,15.667568683624268,14.529509811401367,16.53354033946991,15.587259731339506,15.52160743295697,15.49845607317466,15.365369256481419,15.421057609759993,16.29558177212345,15.605167474443473,14.914753176763494,37680234000,-0.03946697713310243,-0.1792709397179301,0.13980396258482766,95.42319457836102,82.14201468142407,NVDA
2023-01-13,16.881187438964844,16.904163911762296,16.147961873227626,16.260841726815173,447287000,77.75743868632344,61.09808387699694,57.230705748521366,15.454591131210327,15.73468713760376,14.528255290985108,16.474926676750183,15.874799221922915,15.64520561532132,15.577469294076955,15.41950562014154,15.45350493929788,16.207531681129122,15.532434585066714,14.857337489004303,38127521000,0.074432180724747,-0.12853031562939468,0.20296249635414168,99.24289996181373,90.61482572657398,NVDA
2023-01-17,17.683340072631836,17.709313641691512,16.881187014032182,16.881187014032182,511102000,83.9608593979186,65.92675885732022,60.51272292355273,15.49205174446106,15.824320163726806,14.533554668426513,16.42514498233795,16.27669718874712,15.830490565985912,15.697804767137235,15.500356850587623,15.503056831149744,16.191263067746597,15.516308692829838,14.84135431791308,38638623000,0.2268105665671527,-0.05746213919008521,0.2842727057572379,99.32359613700048,97.99656355905842,NVDA
2023-01-18,17.358684539794922,17.85416011409162,17.263783455353824,17.64837787383118,439624000,73.94471413301197,62.54309784275827,58.6096779552893,15.53230948448181,15.903425407409667,14.535198154449462,16.375756344795228,16.5171388223133,15.969417290877638,15.792712182717674,15.56672569663074,15.544293002452969,16.21461957501977,15.54104465874846,14.867469742477144,38198999000,0.31771215893456173,0.01757272043484418,0.3001394384997175,87.56584940944256,95.37744850275226,NVDA
2023-01-19,16.747329711914062,17.17887551290729,16.71336705566109,17.01804399666776,452932000,58.24379184618744,56.647091283116964,55.1925702557124,15.55783257484436,15.955622787475585,14.523829174041747,16.326175713539122,16.568292353335693,16.04013660188095,15.84726175581461,15.608890125748003,15.571027151552103,16.217410469329913,15.551684450722881,14.885958432115848,37746067000,0.3365416577511837,0.08136650789811209,0.25517514985307166,71.13835972403425,86.00926842349243,NVDA
2023-01-20,17.82019805908203,17.837180338916934,16.80726689515637,16.99306976542005,564967000,71.14588391661918,63.20294687789576,59.52232352081039,15.645440435409546,16.02638132095337,14.539692344665527,16.27872532367706,16.846493621279322,16.20196037071741,15.960000973144176,15.687865409081361,15.62100872727499,16.300069385114035,15.607371761435777,14.91467413775752,38311034000,0.43304382089725024,0.15170197049793974,0.2813418503993105,99.1144075797061,85.9395389043943,NVDA
2023-01-23,19.17276954650879,19.2247147792948,17.799218927189443,18.044958004082773,655163000,80.33722574233661,69.47087459432464,64.09515431047404,15.779898881912231,16.11817916870117,14.573663873672485,16.24516980648041,17.36344382688587,16.47203393215299,16.14358774876501,15.81232627113234,15.699936745480185,16.47315683276561,15.734364947839827,14.995573062914042,38966197000,0.611613397049755,0.2436842558083028,0.36792914124145226,99.00211018859783,89.7516258307794,NVDA
2023-01-24,19.244691848754883,19.474450850170054,18.800161235154988,18.80715382585874,496204000,80.72893289816693,69.76579009502032,64.31923899387272,15.975992012023926,16.22791379928589,14.611679258346557,16.219580073356628,17.781498942856764,16.724093742753162,16.320793697335862,15.934910756047431,15.778709081108511,16.6126923567506,15.86676515484934,15.120837952948083,39462401000,0.7502857740202096,0.3450045594506842,0.40528121456952537,95.78829098385347,97.96826958405246,NVDA
2023-01-25,19.302629470825195,19.349580807071824,18.560412717739826,18.893061849004603,449537000,81.09302980017543,70.0170592804781,64.50579908805528,16.18162488937378,16.299378948211668,14.65400800704956,16.19527319431305,18.119527949071973,16.9585060816688,16.491184312963824,16.05518642443235,15.857018423102215,16.763580766359603,16.039820628421424,15.316060490483245,39911938000,0.8550037625921867,0.4470044000789847,0.407999362513202,96.8503447173074,97.2135819632529,NVDA
2023-01-26,19.7811222076416,20.1447387517024,19.25767450877086,19.680228862617987,489535000,84.07490337039323,72.08074606716553,66.03895231676067,16.46537528038025,16.368888988494874,14.712673101425171,16.17879385471344,18.488771117643,17.215107547666328,16.67918076408827,16.188255559546967,15.944220729425313,17.003232457548886,16.25892253245528,15.514612607361672,40401473000,0.9654744988821697,0.5506984198396216,0.4147760790425481,94.06391881220281,95.56751817112122,NVDA
2023-01-27,20.343530654907227,20.606253883767415,19.384543617188243,19.441482734234384,542142000,86.9727629273973,74.31820987217664,67.75066385498977,16.781491613388063,16.45028642654419,14.779857625961304,16.171125655174254,18.90093990370172,17.49950964832459,16.88857218642078,16.33665824152412,16.041983172213797,17.283222608703902,16.530397912528976,15.777573216354053,40943615000,1.0858875786760578,0.657736251606909,0.4281513270691488,95.20684358539599,95.37370237163539,NVDA
2023-01-30,19.141801834106445,20.118769651142287,19.12981344690093,19.92897130354372,488611000,59.30289698978344,62.74687108085643,60.894412362982955,17.009201431274413,16.50023900985718,14.836841926574706,16.159510073661803,18.95446477712499,17.648808937941123,17.017328166288532,16.436841941259203,16.110868031366966,17.570316494557144,16.788379683172714,16.006442871788284,40455004000,1.071989116129597,0.7405868245114465,0.3314022916181504,71.5671384812465,86.94596695961509,NVDA
2023-01-31,19.516407012939453,19.66624851924581,18.930025867048208,19.14979328260832,498017000,63.631054377430864,64.5973175349645,62.14292431208503,17.255092048645018,16.572783813476562,14.895045595169067,16.146278862953185,19.079340829528206,17.818590581122788,17.16013267181144,16.546826408104927,16.18654667540191,17.816152437596656,17.020848769837375,16.225545102078097,40953021000,1.0787666413219839,0.808222787873554,0.2705438534484299,78.75784259245333,81.84394155303194,NVDA
2023-02-01,20.920923233032227,21.169659387182808,19.590326660737446,19.670242250628736,660477000,75.40130747172056,70.5116065671562,66.35358995983377,17.58614263534546,16.67807291030884,14.964538040161132,16.144786648750305,19.48858136364021,18.100620822205464,17.375034989595484,16.703044151852332,16.29175504334925,18.162215793066075,17.310543064849362,16.45887033663265,41613498000,1.1838242111943948,0.8833430725377222,0.3004811386566727,95.63160197472696,81.98552768280894,NVDA
2023-02-02,21.686111450195312,21.925858185295397,20.67817638476242,20.977859327303104,564276000,79.6970398242655,73.14390672470131,68.35812032121821,17.93377556800842,16.804018726348875,15.037717571258545,16.144500136375427,19.97692138287468,18.426574515659087,17.621382215915474,16.88101084107887,16.41162963016805,18.511021937952858,17.64274778909587,16.77447364023888,42177774000,1.3136840543587915,0.9694112689019361,0.34427278545685547,95.85062240387828,90.0800223236862,NVDA
2023-02-03,21.077754974365234,21.72207541802909,20.767082033794136,20.97786002176547,429366000,68.31517365491696,67.95050929624294,65.13282959446865,18.275165224075316,16.919635009765624,15.10363507270813,16.139100613594056,20.22155106987258,18.66759092099601,17.818889230684032,17.03089456012481,16.515321304483546,18.84119724652561,17.95655933689963,17.071921427273647,41748408000,1.351925476950047,1.0459141105115584,0.3060113664384887,83.72940711383688,91.7372104974807,NVDA
2023-02-06,21.066770553588867,21.54726252016348,20.764088546903054,20.78406792196353,452197000,68.10443367154417,67.85682417039993,65.07487121236541,18.58633689880371,17.020630569458007,15.183164749145508,16.137219662666322,20.409377621809533,18.885698160322633,18.004482449135736,17.175032988462814,16.61646462113033,19.183249075339486,18.28110582456257,17.37896257378565,41296211000,1.3656038972436555,1.1098520678579777,0.25575182938567775,83.51867446215105,87.69956799328874,NVDA
2023-02-07,22.149625778198242,22.235535559887833,21.12770349826597,21.359459276744385,664150000,76.63200984133216,71.96093742597654,68.00877314948885,18.91324191093445,17.13367572784424,15.273552951812745,16.14723617076874,20.79609943434036,19.182418852856777,18.24134778222502,17.35269701666765,16.73942375795406,19.533324093067414,18.624854125674055,17.716384158280697,41960361000,1.4471397840836318,1.1773096111031085,0.26983017298052325,98.4442745341104,88.5641187033661,NVDA
2023-02-08,22.181591033935547,22.853881881192613,21.98479821168747,22.363398373809797,559651000,76.85124587917196,72.07428892393935,68.09149627963399,19.22770986557007,17.252333679199218,15.3662481880188,16.16074644565582,21.103986456472622,19.455070869318483,18.46650453946562,17.525157517284363,16.86036080853143,19.852526920655276,18.94619751125124,18.0398681018472,42520012000,1.497079490366545,1.2412635869557958,0.2558159034107492,88.88153373731215,90.28149424452454,NVDA
2023-02-09,22.31345558166504,22.99573622959342,22.09668525553156,22.58217304827231,523876000,77.87863195912365,72.56697693253263,68.44341396934378,19.544176006317137,17.38247734069824,15.457575607299805,16.172984566688537,21.372757373182047,19.714924024986352,18.68633031330559,17.696168162440816,16.98154069237884,20.191280576175924,19.26544794419711,18.339615312218292,43043888000,1.5296644151607381,1.2989437525967844,0.23072066256395374,86.87042478213729,91.39874435118662,NVDA
2023-02-10,21.242582321166992,22.05472500108008,20.789062350237074,21.667135439240298,550737000,54.36511330091943,62.86671952565962,62.5832724138582,19.78162536621094,17.494958610534667,15.536356678009033,16.185428194999695,21.34382958384537,19.853802051911863,18.832401856611952,17.82282581096675,17.07623050635191,20.492042407964316,19.528059649518806,18.5640768910733,42493151000,1.452336054373884,1.3296222129522044,0.12271384142167951,60.47291919651301,78.74162590532083,NVDA
2023-02-13,21.765033721923828,22.024759888693577,20.939904182007883,21.515297242953466,474919000,61.21994504583753,65.30353143618231,64.1489118887904,20.025817680358887,17.592156066894532,15.62241958618164,16.202345700263976,21.437430503418362,20.02755038554931,18.99998082034406,17.96361895064379,17.18042613336462,20.74544179211066,19.78426554946628,18.823089306821903,42968070000,1.4168773529132324,1.3470732409444102,0.06980411196882219,72.25224937075086,73.19853111646707,NVDA
2023-02-14,22.9467830657959,23.02469994876541,21.343473718903144,21.555250107252977,675474000,72.45184191591046,70.08547985185906,67.37692630125645,20.28898983001709,17.708752937316895,15.719451093673706,16.21834937572479,21.772842183946704,20.292935174662638,19.22551237722702,18.14158909761351,17.30856739852976,21.065389666451807,20.06016465279183,19.054939639131856,43643544000,1.4672201714747324,1.3711026270504747,0.09611754442425768,98.09711636592979,76.9407616443979,NVDA
2023-02-15,22.74000358581543,22.830907263123883,22.082698167631655,22.52523007264076,420575000,68.29830632603772,68.31137456773804,66.28514275797326,20.558055782318114,17.826388816833497,15.821405630111695,16.239482922554018,21.98776693991753,20.515395939312892,19.426340446289213,18.305818186477865,17.42926598046944,21.305707375844097,20.304287958953985,19.302868542063862,43222969000,1.4734468637227636,1.3915714743849326,0.081875389337831,93.04715449219378,87.79884007629148,NVDA
2023-02-16,21.978811264038086,22.526232116091098,21.903889549979603,22.109671806310875,412026000,54.49727609762328,62.08142333466933,62.394142288364186,20.819629859924316,17.934115104675293,15.916197662353516,16.251889452934265,21.985776789722102,20.648433696106093,19.57219592158915,18.436996510676444,17.530366986770968,21.52837725747885,20.525435654523324,19.522494051567794,42810943000,1.4008120144451368,1.3934195823969735,0.007392432048163311,74.4573398552711,88.53387023779824,NVDA
2023-02-17,21.36545181274414,21.717079994148627,20.952887118556177,21.60819565620736,465888000,45.58951683550347,57.52860023531398,59.45410556425071,20.996892547607423,18.042021198272707,16.00773232460022,16.260884823799135,21.847926794838113,20.713617161255005,19.674667686798003,18.541584200036006,17.615591094014817,21.75523281144719,20.73806814095136,19.720903470455532,42345055000,1.2790117402418346,1.3705380139659458,-0.09152627372411115,59.47789487251638,75.66079640666042,NVDA
2023-02-21,20.633230209350586,21.471344694847904,20.596268552105123,20.97786589164875,410015000,36.93987992118506,52.57198042888504,56.15188621947323,21.069915580749512,18.1326255607605,16.090097188949585,16.262565741539003,21.57799422028533,20.70630925653642,19.729442688086724,18.616285843225814,17.682649741022278,21.91033894255981,20.90054747687435,19.89075601118889,41935040000,1.1105977024586586,1.3185499516644885,-0.2079522492058299,30.366633477165813,54.76728940165111,NVDA
2023-02-22,20.73212432861328,21.081755798453145,20.39947513838324,20.685174889382303,513184000,38.821117320779976,53.15898396848468,56.49309121323609,21.144287204742433,18.204250011444092,16.17022521972656,16.272177577018738,21.390023133247098,20.708656081270682,19.786738781831097,18.691851503418224,17.750415842968742,21.97045015583521,20.99604988977049,20.021649623705766,42448224000,0.9738819877553766,1.2496163588826663,-0.2757343711272897,12.67126491089402,34.17193108685875,NVDA
2023-02-23,23.639055252075195,23.862820062689913,23.0007288852004,23.415292346798566,1117995000,70.18990242836509,66.34479610385397,64.88914587289925,21.36110849380493,18.337369556427003,16.28457579612732,16.297167553901673,21.889808048542232,20.97505600588927,20.00687115155933,18.868537351584546,17.881274496504442,22.185477218586144,21.20213402097502,20.218790823363896,43566219000,1.0875620913522681,1.2172055053765867,-0.12964341402431856,93.53905500303256,45.52565113036414,NVDA
2023-02-24,23.261451721191406,23.44925516678763,22.922810291543012,23.200517108251855,589716000,64.99520721471225,63.831177115120276,63.232001119545835,21.53512496948242,18.452268238067628,16.395959281921385,16.328878836631773,22.194617753575383,21.182910161825827,20.192847184109738,19.025427150499077,18.000833990386376,22.370123639881747,21.39929107151288,20.428458503144014,42976503000,1.1341116106086488,1.2005867264229992,-0.0664751158143504,82.63619839658637,62.94883943683766,NVDA
2023-02-27,23.47623062133789,23.854830885467088,23.42928117815122,23.645053129091433,452994000,66.67845250741635,64.65153507077233,63.78201468309699,21.691759967803954,18.56073377609253,16.50576544761658,16.35844488620758,22.47942061307816,21.391393839963285,20.38046909480849,19.184384417314746,18.122509471074185,22.531905601945148,21.583049916224645,20.634194230504146,43429497000,1.1747910423954657,1.1954275896174926,-0.020636547222026902,88.83768582681918,88.3376464088127,NVDA
2023-02-28,23.1915225982666,23.79988167813237,23.181532912788306,23.347358262120196,455963000,61.94056851942981,62.623845231327394,62.48661539459551,21.89424600601196,18.671456813812256,16.60618311882019,16.391403603553773,22.63766549867559,21.55504190889995,20.541100723577525,19.32749649520588,18.235154207234014,22.65934249924069,21.739218313579006,20.819094127917317,42973534000,1.1705627088507242,1.190454613464139,-0.019891904613414724,80.61707744695113,84.03032055678557,NVDA
2023-03-01,22.674074172973633,23.231486553591107,22.48427391696802,23.167552933250114,460026000,53.62959269722704,59.00190904110349,60.16483741699292,22.052129364013673,18.786255741119383,16.701006870269776,16.424045968055726,22.64575631518627,21.65677211472483,20.662984920685876,19.44701712655473,18.33379687313934,22.806552324772888,21.89793973756921,20.989327150365536,42513508000,1.1126322288837436,1.17489013654806,-0.06225790766431638,65.67636444833009,78.37704257403347,NVDA
2023-03-02,23.289424896240234,23.355355313247546,22.40835460483908,22.464297239112163,389415000,61.08153417275292,61.829213037923836,61.92376703617781,22.170554447174073,18.92097364425659,16.802773075103758,16.45212397098541,22.788793777642706,21.805195094862594,20.813067205003264,19.58424597547207,18.44392194031936,22.99024736578441,22.071597728284978,21.15294809078555,42902923000,1.1036533381287867,1.1606427768642054,-0.05698943873541862,83.44389083439425,76.57911090989184,NVDA
2023-03-03,23.864816665649414,23.874806353174602,23.105617561777713,23.295417814080157,412393000,67.02726997492957,64.30781943996476,63.49930574697707,22.279489707946777,19.073532619476318,16.920819396972657,16.48528492450714,23.02790997497753,21.992433419479575,20.987452888468756,19.73712350012126,18.56438626754892,23.09713465934796,22.21706330446989,21.336991949591816,43315316000,1.1299415467707519,1.1545025308455146,-0.024560984074762704,99.71255437517235,82.94426988596557,NVDA
2023-03-06,23.529170989990234,24.222437736222577,23.462240277861365,23.865815628810815,437429000,60.55174186002372,61.787368509115836,61.9363619507279,22.402060508728027,19.222755222320558,17.03956395149231,16.51221095561981,23.139301311647017,22.132136834980543,21.132693922841412,19.872553767616584,18.674714816936504,23.183821166606783,22.326963351832127,21.47010553705747,42877887000,1.1108857412750233,1.1457791729314164,-0.03489343165639314,81.86571988373196,88.3407216977662,NVDA
2023-03-07,23.26740264892578,24.10366224367853,23.220443334628193,23.579126969767078,515154000,55.530909092995024,59.81826290536022,60.71784396110334,22.512092113494873,19.358431262969972,17.156529722213744,16.5440118932724,23.16776827548674,22.235342818066474,21.254677278617663,19.993798370520484,18.776774546536263,23.29190485510663,22.438464872483618,21.585024889860613,42362733000,1.0624145075820621,1.1291062398615457,-0.06669173227948355,75.01845590023393,85.53224338637942,NVDA
2023-03-08,24.15961265563965,24.178596857110083,23.403282221510484,23.46622622618509,513573000,66.79282463905288,64.02638249997443,63.29126471885062,22.612591457366943,19.535166931152343,17.28327645301819,16.57934555530548,23.38817813774294,22.410276439664035,21.420673585876063,20.142577452131885,18.896393171183004,23.42428250749746,22.571216779048775,21.718151050600092,42876306000,1.083504629781764,1.1199859178455895,-0.036481288063825446,98.356638889995,85.08027155798698,NVDA
2023-03-09,23.415271759033203,24.432370990770355,23.36231723479036,24.153616530475606,501257000,53.2835208781385,58.52015317347447,59.87038740995365,22.674275493621828,19.699672927856444,17.39798578262329,16.613103604316713,23.39419894247411,22.501639650515777,21.534650624342184,20.259459391664077,18.996812695357452,23.512913622280255,22.6616468607669,21.810380099253546,42375049000,1.0283029773054437,1.1016493297375605,-0.07334635243211673,74.7799281467901,82.71834097900636,NVDA
2023-03-10,22.944684982299805,23.606100023101337,22.705896084995054,23.388292457422022,474866000,46.19511900531182,55.283167548400314,57.80531864766932,22.705836963653564,19.876444339752197,17.515309677124023,16.643490576744078,23.294306951324266,22.541916498859777,21.615224016225476,20.355360305615356,19.08454319062284,23.549894110683177,22.697145431617386,21.844396752551592,41900183000,0.9357955810412157,1.0684785799982917,-0.13268299895707591,63.111221739337175,78.74926292537411,NVDA
2023-03-13,22.9456844329834,23.277391485551078,22.27727749488012,22.731874936608868,421890000,46.21335513900461,55.28882417798956,57.808549921071894,22.790992069244385,20.054933948516847,17.626042222976686,16.677595801353455,23.21683528058185,22.578622674689196,21.6912503257545,20.447871881592786,19.17034632934196,23.572079275706223,22.71451807204,21.85695686837377,42322073000,0.8527336674295682,1.0253295974845469,-0.17259593005497864,63.13600419641457,67.0090513608473,NVDA
2023-03-14,24.041715621948242,24.197577774691457,23.439248344671885,23.475217706481274,474910000,62.80365270511448,61.10021561781359,61.213878667758344,22.904826164245605,20.244016151428223,17.746946115493774,16.713083634376527,23.400142023107716,22.711631124440018,21.82556262839414,20.576223443748336,19.278598980288766,23.66843121866427,22.835028739799164,22.001626260934053,42796983000,0.8653715944326876,0.9933379968741751,-0.1279664024414875,81.87292711118597,69.37338434897924,NVDA
2023-03-15,24.20656967163086,24.26451702592668,23.339337433810194,23.73998179778675,524486000,64.76524578654923,61.90230746412731,61.699967449608515,22.967815494537355,20.436175651550293,17.86865963935852,16.745023703575136,23.57934816722397,22.84753462873009,21.961620173721954,20.705878666172715,19.38810944009637,23.773220075728315,22.947421221366504,22.12162236700469,43321469000,0.8785620700430599,0.970382811507952,-0.09182074146489216,89.52243512543194,78.17712214434418,NVDA
2023-03-16,25.51841163635254,25.565369047622582,23.872866995148154,24.005750694887265,583253000,76.56615240174396,67.6233525061159,65.31617453898761,23.10673589706421,20.660545654296875,18.00206344604492,16.77873167514801,24.01025116036365,23.09034162942304,22.16486540015799,20.87775484367914,19.524338377790947,23.895053701339354,23.06871790304363,22.242382104747904,43904722000,0.983532746752136,0.9730127985567889,0.010519948195347073,98.57189465327151,89.98908562996314,NVDA
2023-03-17,25.702245712280273,26.375649322099584,25.64529501788219,25.959018356234978,848547000,77.81559866801413,68.34082534284792,65.78939612048431,23.292907619476317,20.879921512603758,18.134589166641234,16.814052557945253,24.386249949678454,23.327787455137333,22.36700141799355,21.050058088986322,19.661625207446267,24.05403809279755,23.228552522657772,22.403066952517992,44753269000,1.0692312061081601,0.9922564800670632,0.0769747260410969,83.56899670872029,90.55444216247459,NVDA
2023-03-20,25.87708854675293,26.000979405508424,25.107769229375986,25.592340809458843,432747000,79.08813396827264,69.04346464866921,66.247298672775,23.51848945617676,21.112464046478273,18.267535047531126,16.852004446983337,24.717547415695,23.559542099829656,22.56757782535123,21.22245203390656,19.799746614986415,24.23482391948948,23.396439891729653,22.558055863969827,45186016000,1.138136479224137,1.0214324798984782,0.11670399932565889,87.83515024099455,89.99201386766212,NVDA
2023-03-21,26.175830841064453,26.36866095810992,25.358555335995277,26.15684854280883,547408000,81.28879884704803,70.25807098277787,67.0354568999523,23.79561948776245,21.33911392211914,18.39685703277588,16.885101637840272,25.041610399110432,23.797386530851,22.77376371196341,21.399358419876485,19.941437375565926,24.46665513297023,23.616560974423635,22.766466815877035,45733424000,1.202983169909949,1.0577426179007723,0.14524055200917663,95.12444235274042,88.84286310081843,NVDA
2023-03-22,26.444591522216797,27.56460037448036,26.213794924295495,26.40162837848802,797295000,83.19768691948181,71.34725952384606,67.74387755020001,24.081242847442628,21.555775241851805,18.53251184463501,16.923894696235656,25.353383982022958,24.03804153006607,22.98352530112075,21.57954531638864,20.085951912158166,24.76743816927206,23.894690234180604,23.021942299089147,46530719000,1.261519370283807,1.0984979683773792,0.16302140190642778,78.8170899003572,87.2588941646974,NVDA
2023-03-23,27.166950225830078,27.474678371614985,26.66639389662088,27.091017232493737,564889000,87.35754587699938,74.09336261709713,69.58077387358122,24.257637596130373,21.781269607543944,18.67259391784668,16.965970158576965,25.756398702868985,24.322487775135524,23.22257815396128,21.779095491725833,20.243307430239764,25.0765283069449,24.197780190190386,23.31903207343587,47095608000,1.3506288327420641,1.1489241412503164,0.20170469149174775,92.47917788065277,88.8069033779168,NVDA
2023-03-24,26.75531768798828,27.142975053361425,26.33169286000476,27.007095643246583,454920000,74.70950090794763,69.97759224364452,67.29762533165922,24.432330894470216,21.996693305969238,18.801988277435303,17.005288710594176,25.978380699562162,24.54365413084941,23.424448984477106,21.956817713020918,20.38801876930084,25.22851171089713,24.352183069577514,23.475854428257893,46640688000,1.372215373441442,1.1935823876885416,0.17863298575290032,84.69390455395705,85.33005744498901,NVDA
2023-03-27,26.507537841796875,26.97612295141189,26.34168427554185,26.813266991321488,361026000,67.63594092489711,67.54534228759312,65.93608808057702,24.583896255493165,22.196972160339357,18.932270421981812,17.044736161231995,26.09597117561432,24.722189013662817,23.600625490609662,22.119343431905772,20.52400808202297,25.395429318692443,24.51395811543828,23.63248691218412,46279662000,1.3537242096386066,1.2256107520785546,0.128113457560052,80.00760390930756,85.72689544797248,NVDA
2023-03-28,26.386642456054688,26.4895520016458,25.8271382618564,26.42361038825946,356104000,64.08344918558542,66.3338713980319,65.26257981976838,24.743652248382567,22.387081260681153,19.060884199142457,17.08657432079315,26.160564793489957,24.873502962971166,23.759826460063664,22.271746968482518,20.65428884589034,25.532787765232463,24.64003732233671,23.747286879440946,45923558000,1.3141656977151968,1.2433217412058832,0.07084395650931352,77.72108976036782,80.80753274121082,NVDA
2023-03-29,26.960132598876953,27.054049321086534,26.57347575940691,26.801274739572264,393694000,72.35034897618613,69.15964796024085,66.93743653942961,24.957955169677735,22.572617111206053,19.19846863746643,17.13664131641388,26.3382465280204,25.063196566235327,23.94270109656728,22.439189312425178,20.79441870706782,25.691540064902142,24.805350345990405,23.919160627078668,46317252000,1.3139448157471811,1.257446356114143,0.056498459633038234,88.56760236951693,82.09876534639744,NVDA
2023-03-30,27.358779907226562,27.474678436555607,27.078028306822056,27.204916786801245,364516000,76.80390614700732,70.98289802794667,68.05668900946452,25.16142292022705,22.77261901855469,19.338022212982178,17.195325894355776,26.565031723399546,25.271885960870893,24.137905600033523,22.61488897652523,20.940293400404677,25.889476009130757,25.019979742928047,24.150483476725338,46681768000,1.330598954862836,1.2720768758638816,0.05852207899895445,96.10728393289726,87.46532535426068,NVDA
2023-03-31,27.752431869506836,27.809380660660256,27.08102536446216,27.115994254760153,433933000,80.52161340491162,72.69926265762099,69.13534198910601,25.35580368041992,22.992721061706543,19.474171924591065,17.25503523826599,26.828898422534497,25.49739013438325,24.34444995828914,22.798372651274573,21.091674255273613,26.094773895538246,25.23568931563126,24.376604735724282,47115701000,1.359885984438911,1.2896386975788876,0.07024728686002346,98.72599014677648,94.46695881639691,NVDA
2023-04-03,27.94025993347168,27.975228817040083,27.31181669006368,27.48466397493677,398716000,82.15885359358725,73.50456564202833,69.64662576385842,25.576358127593995,23.195122299194335,19.610751810073854,17.312234268188476,27.075867647187206,25.71946920702765,24.549924814013856,22.982011482781616,21.24386504812246,26.286277623581295,25.432230027694334,24.57818243180738,47514417000,1.3823178220077992,1.30817452246467,0.07414329954312926,99.24569234527578,98.02632214164986,NVDA
2023-04-04,27.4287166595459,27.97523371673916,27.282845889494656,27.941263393705515,368592000,64.4533573810429,67.65167926582834,66.50964246379903,25.784423828125,23.36024124145508,19.739210205078123,17.371498150825502,27.154278538822474,25.874855339074763,24.714427205187114,23.140822381951768,21.38130619504298,26.465158867523446,25.61434030168966,24.763521735855882,47145825000,1.3433328430148954,1.315206186574715,0.02812665644018031,86.67800578829507,94.88322942678246,NVDA
2023-04-05,26.857227325439453,26.97412252588098,26.371657076286322,26.8052732678004,515015000,50.00614377298081,61.73724192162581,63.18563939060978,25.91930456161499,23.51249195098877,19.87020287513733,17.4265118265152,27.088267158070693,25.964161883289734,24.83687292634439,23.27355112993347,21.502993331274013,26.604353126602923,25.766903773124174,24.929454419645428,46630810000,1.2518915269177775,1.3025432546433278,-0.050651727725550266,61.0106281620321,82.31144209853433,NVDA
2023-04-06,27.013086318969727,27.056047553520614,26.403625256641565,26.560485977879456,397654000,53.42291453951164,62.695117179888356,63.70286267902499,26.099195289611817,23.66670108795166,19.983040018081667,17.47888029575348,27.071560304937144,26.059518650169732,24.96122797735155,23.407105958113338,21.625439842111696,26.737092656423712,25.905495319074518,25.07389798172532,47028464000,1.1784160961043,1.2777178229355222,-0.09930172683122218,66.4460570650626,71.37823033846327,NVDA
2023-04-10,27.554607391357422,27.59657006024275,26.645412420852104,26.7992755400983,395279000,63.75174316718985,65.89018596634095,65.46526704521045,26.329691410064697,23.822170791625975,20.095529890060426,17.53498469829559,27.17890410191943,26.19543580845952,25.109421086723316,23.555231009300627,21.75719912098382,26.89947268083785,26.073537063326235,25.247601445814627,47423743000,1.1506188943058149,1.2522980372095807,-0.10167914290376578,83.92518054656142,70.46062192455206,NVDA
2023-04-11,27.144968032836914,27.76541901115848,27.1020048950003,27.699477407319026,314378000,53.0689090512734,61.592697158300155,63.04439874190047,26.53965559005737,23.95819953918457,20.20424298286438,17.589714846611024,27.171362753234426,26.281756919766558,25.225738055072664,23.683435902998355,21.876927319025,27.090668575802212,26.27600866409766,25.461348752393103,47109365000,1.083050210230656,1.2184484718137958,-0.13539826158313972,61.34875282124917,70.57333014429106,NVDA
2023-04-12,26.471567153930664,27.443706150535657,26.42460783917617,27.345793254176353,446259000,39.88470189054566,55.21705484134897,59.27714677405348,26.661148166656496,24.104794845581054,20.302516927719115,17.636580233573913,27.01585262005581,26.299012395599657,25.29692828929312,23.78301201910308,21.97903042646735,27.279501602664016,26.46393767568858,25.648373748713137,46663106000,0.9640507413675046,1.1675689257245376,-0.20351818435703306,30.000011899351783,58.42464842238746,NVDA
2023-04-13,26.439594268798828,26.863219050562652,26.305713912619126,26.710354492654048,353615000,39.32802222234125,54.92633932658339,59.10184250785015,26.77279939651489,24.243258590698243,20.4080212020874,17.684568705558778,26.88779520866537,26.31179256589049,25.36222348812202,23.877889956592213,22.078154067408047,27.395811326702763,26.58981046125475,25.783809595806744,46309491000,0.8572806624885061,1.1055112730773313,-0.24823061058882523,28.511582460186986,39.95344906026265,NVDA
2023-04-14,26.734333038330078,26.859222480822282,26.196808771126577,26.48055798084649,395660000,47.442658907040304,57.16522336267763,60.235194089018684,26.83359546661377,24.3595267868042,20.51879984855652,17.73845872402191,26.853692504146416,26.350205336112268,25.440629748133908,23.979905780939994,22.181624711206315,27.509964382443222,26.71647617806287,25.922987973682513,46705151000,0.7873712357226843,1.041883265606402,-0.2545120298837178,42.23251692151596,33.58137042701825,NVDA
2023-04-17,26.978116989135742,26.98211316139373,26.409620037298097,26.541503250119483,321471000,53.60193770022272,58.98013515393356,61.16576331270139,26.897389030456544,24.465366897583007,20.63469281196594,17.795764136314393,26.8813423896996,26.407288213659854,25.52848616190544,24.086984752661273,22.288213428493634,27.542554473293503,26.80240002740738,26.062245581521253,47026622000,0.7430731540106272,0.9821212432872471,-0.2390480892766199,53.58135853148852,41.441819304397164,NVDA
2023-04-18,27.642528533935547,28.08513749604695,27.332803260522113,27.508648184223265,604812000,66.45780243573473,63.517097181588255,63.5933133388479,26.985661029815674,24.596662368774414,20.75814868927002,17.85830352783203,27.050494866196477,26.519582788230373,25.649288583164303,24.213968459135355,22.407198208614567,27.628319854756434,26.887118745474726,26.145917636193005,47631434000,0.7529001003568787,0.9362770147011735,-0.18337691434429482,76.56080976419678,57.458228405733756,NVDA
2023-04-19,27.906295776367188,27.975234992237034,27.20791461166313,27.33680022607394,358660000,70.36902339162171,65.16436068671898,64.51397408081971,27.07218427658081,24.73345287322998,20.877041721343993,17.925336647033692,27.24067284623441,26.64564760533372,25.778260422775894,24.345837291893638,22.529400376786846,27.71920777240651,26.984001415294248,26.248795058181983,47990094000,0.773060478225478,0.9036337074060344,-0.13057322918055647,90.5291002927838,73.5570895294897,NVDA
2023-04-20,27.080028533935547,28.005210147455717,26.976120423056454,27.646526498743864,427713000,48.92409632565068,56.55055756129033,59.579717385013154,27.103956127166747,24.832060928344728,20.982868328094483,17.986036977767945,27.204974110167996,26.68513678066116,25.852647171985016,24.443486979109423,22.630525446945704,27.786116729170505,27.05000636718755,26.313896005204583,47562381000,0.7141327836752716,0.8657335226598819,-0.15160073898461035,46.77256407494481,71.28749137730847,NVDA
2023-04-21,27.09501075744629,27.158955227215888,26.6983625730689,26.928158664013214,345103000,49.26055039402626,56.662421437561356,59.63823666404013,27.100359153747558,24.93032932281494,21.09133150100708,18.04598354816437,27.180537809563173,26.722398051277988,25.923639376868515,24.53818425690717,22.729736231623495,27.755302496608994,27.061583220151647,26.367863943694303,47907484000,0.6610212598071641,0.8247910700893384,-0.1637698102821743,47.56597590589463,61.62254675787441,NVDA
2023-04-24,27.018083572387695,27.341796428628392,26.64741139924113,26.989109891102213,339282000,47.33916224331561,55.867086731722814,59.1783285832768,27.11349744796753,25.024421882629394,21.203449611663817,18.101911330223082,27.144436867968622,26.74927855319705,25.986179045183896,24.626752089602903,22.825032839196034,27.745105204059325,27.056809710726114,26.368514217392903,47568202000,0.6057400196800948,0.7809808600074898,-0.17524084032739495,43.49215210374717,45.943564028195546,NVDA
2023-04-25,26.217790603637695,27.2229013742331,26.201805913337573,27.054050219721624,378527000,31.836853224363395,48.275456643153625,54.59896650016673,27.09901008605957,25.123926048278808,21.30944232940674,18.153937487602235,26.938515475895084,26.700961466873473,25.999413991381257,24.683574893675576,22.900427456183625,27.745771110289017,27.04748450897776,26.349197907666507,47189675000,0.4916844520485739,0.7231215784157067,-0.23143712636713276,1.11113241218122,30.723086807274345,NVDA
2023-04-26,26.93215560913086,27.305825338536614,26.6813781784844,26.978116353168147,406337000,49.537737314856436,54.25147549427959,57.656724196087985,27.126285743713378,25.22726848602295,21.40971227645874,18.212959957122802,26.937102172169702,26.7219791161696,26.052713512395517,24.76388134779898,22.990021415138006,27.762660626319935,27.064849811476197,26.36703899663246,47596012000,0.4537078174244904,0.6692388262174636,-0.21553100879297316,38.941675159619805,27.848319891849403,NVDA
2023-04-27,27.201919555664062,27.47068264242289,26.601451283130864,27.338799421481617,377161000,54.85074994680582,56.304528408065224,58.75343963311926,27.138375091552735,25.312371215820313,21.510562076568604,18.273680686950684,26.995950479612894,26.76561006521455,26.11838242915372,24.850954140937016,23.083619151594142,27.813314175846422,27.10565490293113,26.397995630015842,47973173000,0.4403032154632598,0.6234517040666228,-0.18314848860336297,53.22753243505676,31.0934466689526,NVDA
2023-04-28,27.724458694458008,27.73344960649909,27.047056930698307,27.20092196442208,292216000,63.7277264640772,60.044900985407104,60.8090255741995,27.156659030914305,25.412060317993163,21.61922456741333,18.336604781150818,27.15784119402292,26.8527781224185,26.210158215742535,24.953579303562766,23.186748919213336,27.85354853925354,27.136088356142007,26.41862817303047,48265389000,0.4664673678422915,0.5920548368217565,-0.12558746897946504,80.89957554375752,57.68959437947803,NVDA
2023-05-01,28.884428024291992,29.032297830068675,27.755428384065603,27.81537477855387,570329000,76.19537972419,66.83233598304311,64.87191675709138,27.213258838653566,25.550172653198242,21.74214387893677,18.40429039478302,27.541527156304937,27.03747356804336,26.362973633373933,25.093966757874522,23.313364010437304,27.955156881104823,27.195781492456643,26.43640610380846,48835718000,0.5741836460993142,0.5884805986772681,-0.014296952577953936,94.78503345620908,76.3040471450078,NVDA
2023-05-02,28.185049057006836,28.810496754933304,28.058162478439368,28.654634590232256,402730000,61.020283158958726,60.19292345936111,60.89280337940599,27.225498294830324,25.686564598083496,21.8642928981781,18.466532230377197,27.68453202312758,27.141798612494583,26.4670922290101,25.204362554272105,23.42162367813885,27.99456652136891,27.23404927651617,26.473532031663424,48432988000,0.596242423456296,0.5900329636330737,0.006209459823222296,70.11983628044956,81.93481509347205,NVDA
2023-05-03,27.777406692504883,28.341907433104844,27.44769868321829,27.815373184826456,383387000,53.55945608353326,56.65971833793983,58.6988320720438,27.24293279647827,25.82944812774658,21.98103684425354,18.52504358291626,27.70517083854476,27.19958116522279,26.5419673412098,25.296256987780417,23.518418856235872,28.01094901719404,27.239441456964624,26.467933896735207,48049601000,0.5742116766565495,0.5868687062377689,-0.012657029581219392,55.74339694218452,73.54942222628107,NVDA
2023-05-04,27.537620544433594,27.834356814204146,27.21590486366876,27.626540615871196,321850000,49.304227095265894,54.62842990424394,57.426423234488134,27.276952457427978,25.96555805206299,22.08490403175354,18.577908153533937,27.66793743985339,27.230312017878315,26.598861809965445,25.376305686232318,23.607734449306932,28.005858196978156,27.237871392782512,26.469884588586858,47727751000,0.531279157503981,0.5757507964910114,-0.044471638987030326,47.19372711153105,57.68565344472171,NVDA
2023-05-05,28.654632568359375,28.72956508673925,27.7064725625765,27.801387848122303,361494000,64.89507737431782,61.54469842338706,61.49170302555214,27.35902976989746,26.065869598388673,22.201619577407836,18.632289352416993,27.88720302396583,27.35979570428568,26.716334424730814,25.49338878916543,23.71988774084143,28.103470014657084,27.315453349767722,26.527436684878353,48089245000,0.5806944773699314,0.5767395326667953,0.003954944703136065,86.65725701328056,63.198127022332045,NVDA
2023-05-08,29.125213623046875,29.194152833187378,28.324923456766907,28.496770293145723,344979000,69.61857808439659,64.03219904506454,63.04586091574766,27.437560081481934,26.183144836425782,22.317706537246703,18.68781039237976,28.16231649042829,27.52028824235488,26.853984664634588,25.623096818946912,23.84000609377933,28.21175496739508,27.41341415586088,26.615073344326685,48434224000,0.650331812369668,0.5914579886073699,0.058873823762298105,97.69614914356377,77.18237775612512,NVDA
2023-05-09,28.54572868347168,28.94737354959499,28.42483732148799,28.873439595641816,314869000,58.07203521555351,58.97331295766298,59.93190965184233,27.50759811401367,26.284534797668456,22.422634286880495,18.744083137512206,28.247519199993487,27.613510100638226,26.95065575142528,25.727476528394224,23.944577706883603,28.256762672922882,27.478832404783144,26.700902136643403,48119355000,0.6512530703962867,0.6034170049651533,0.04783606543113339,78.3305824129428,87.56132952326239,NVDA
2023-05-10,28.859451293945312,29.087250267045963,28.435826537614037,28.97934408614239,369350000,62.1502894757736,60.77987868194301,61.02156328356368,27.626992321014406,26.397893371582033,22.534675092697142,18.803397121429445,28.383504109760562,27.72677748184796,27.059729782426427,25.83933277002105,24.053797119929417,28.32555894275512,27.54819964541187,26.770840348068614,48488705000,0.6695794714475625,0.6166494982616351,0.052929973185927404,88.81474814895911,88.28049323515523,NVDA
2023-05-11,28.552719116210938,28.924391692794167,28.221013976145482,28.870438607270344,322149000,55.78415064182884,58.086717453462605,59.37118235187689,27.73264856338501,26.515466270446776,22.65086100578308,18.863628511428832,28.421107444527312,27.801863084971867,27.145043458642682,25.936239425242118,24.153773164291227,28.395576115094418,27.63325113178501,26.87092614847561,48166556000,0.6518385638314541,0.623687311375599,0.028151252455855147,78.5641927838823,81.90317444859475,NVDA
2023-05-12,28.31493377685547,28.75454513594309,28.02119319112188,28.503765785473174,274222000,50.931016692998426,56.01460085122663,58.09770640310956,27.81167860031128,26.615976448059083,22.768475046157835,18.916396045684813,28.39751329615579,27.848505875143104,27.211894333969127,26.021192794942596,24.246243400125987,28.490967945135253,27.720269304355487,26.949570663575713,47892334000,0.6115420015758772,0.6212582494156547,-0.009716247839777425,70.61774320017548,79.33222804433898,NVDA
2023-05-15,28.927391052246094,28.943377647743457,28.127100823911366,28.482784946357548,293926000,61.329371896891374,59.975042689437835,60.38574038989284,27.909142303466798,26.717227935791016,22.895380277633667,18.971257429122925,28.515263908620298,27.94658634578883,27.30992271787067,26.124985589846293,24.350268903506432,28.59682658919924,27.818801133460592,27.04077567772195,48186260000,0.621858471901664,0.6213782939128565,0.0004801779888075064,89.71104942890672,79.63099513765484,NVDA
2023-05-16,29.18716049194336,29.84358087051638,28.806498873165175,28.815489784527685,449405000,65.09422769229957,61.556141512292314,61.32223116556901,27.986373901367188,26.83038772583008,23.02657147407532,19.026524114608765,28.664574260469866,28.05936581362106,27.41719344781768,26.234348979206903,24.457755383249474,28.737479869636765,27.937331134219285,27.1371823988018,48635665000,0.6435768188062418,0.6258179988915336,0.01775881991470829,79.7534194460634,80.02740402504854,NVDA
2023-05-17,30.151309967041016,30.172291303095026,29.40397230888541,29.557835439948157,432535000,75.6519267292363,66.79850127078528,64.57205204999877,28.098624610900877,26.968065872192383,23.163248567581178,19.08522376060486,28.994959973041233,28.249542554841053,27.573428677487584,26.37424044305812,24.58427881844484,28.84406810082043,28.043158186417962,27.242248272015495,49068200000,0.7301706177414822,0.6466885226615233,0.08348209507995885,99.32864759714262,89.59770549070424,NVDA
2023-05-18,31.649980545043945,31.799847490043984,30.293181883981152,30.383102432113493,748725000,84.43393606302521,72.96886341324571,68.8282874707912,28.3271222114563,27.117873229980468,23.326520080566407,19.150992460250855,29.58496454459739,28.558673281223133,27.806374498490804,26.562659732414755,24.741294412369264,29.0483792153485,28.21226238544656,27.376145555544618,49816925000,0.9092457984261131,0.6991999778144413,0.21004582061167176,96.73061036720378,91.93755913680327,NVDA
2023-05-19,31.236345291137695,31.55206575731735,30.888653542259405,31.508104052568303,473908000,75.42381917541616,69.14910765797403,66.52226676024611,28.53418893814087,27.27429470062256,23.4869838142395,19.212860927581787,29.95193804382857,28.80209800939718,28.002372829499194,26.729577073797717,24.885628876341897,29.215342278177754,28.39663866300635,27.577935047834952,49343017000,1.006188545962278,0.7605976914440087,0.24559085451826923,87.70704075430629,94.5887662395509,NVDA
2023-05-22,31.14842987060547,31.49212551447805,30.652868222178014,30.873671544340333,372000000,73.4253915773347,68.33037146558254,66.03068618145174,28.74070625305176,27.43836959838867,23.657406969070436,19.272682399749755,30.21782511644566,29.01540090587066,28.18214751756241,26.887393245112282,25.024802231769975,29.42926432522521,28.59252906061795,27.755793796010682,48971017000,1.0636611089642578,0.8212103749480586,0.2424507340161992,85.78914108369574,90.07559740173527,NVDA
2023-05-23,30.660858154296875,31.260327873842513,30.603909359902882,30.972582484687077,356253000,62.41886128334859,63.8174770795605,63.31779687110078,28.962859630584717,27.592673072814943,23.823803510665893,19.331194190979005,30.31627690263482,29.16498792845486,28.323788125375806,27.022159849011732,25.150047918937236,29.610278681438576,28.775351346138343,27.940424010838115,48614764000,1.057673366323364,0.8685029732231198,0.1891703931002442,75.15262671060587,82.8829361828693,NVDA
2023-05-24,30.510990142822266,30.579929358273947,29.77963722467679,30.183279227752074,721419000,59.14847251933671,62.45212784228274,62.49272586095074,29.141801357269287,27.722058563232423,23.98303735733032,19.394927043914794,30.359546511565362,29.287351766124623,28.448771097801316,27.14676093093354,25.269179968356905,29.777987393385708,28.95357450224255,28.129161611099377,47893345000,1.0289735742640218,0.9005970934313001,0.12837648083272168,68.51357693688917,76.48511491039693,NVDA
2023-05-25,37.94640350341797,39.44507664562874,36.60259203294565,38.48892244912427,1543911000,90.08296171219702,82.47966148517392,77.61929887626154,29.67902555465698,27.996855239868164,24.216515445709227,19.499366302490234,32.04551473197705,30.074538287696743,28.99149294955084,27.532462451379413,25.550896046913817,30.40860366979417,29.478569947573344,28.548536225352514,49437256000,1.5879001753560615,1.0380577098162524,0.5498424655398091,86.88122871544593,76.84914412098033,NVDA
2023-05-26,38.91155242919922,39.13535333136667,37.51678724611189,37.856486677468894,714397000,91.12928035451743,83.6953635559229,78.78061944046453,30.238380241394044,28.264718055725098,24.462631855010986,19.6035844039917,33.57130088691531,30.877903209651514,29.558353491245033,27.938858522015835,25.847799522075714,30.98856626826002,30.022849940040963,29.05713361182191,50151653000,2.084701840657374,1.2473865359844767,0.8373153046728972,95.32974737921509,83.57485101051674,NVDA
2023-05-30,40.07551956176758,41.900903139211444,39.913664110250345,40.55909259441889,923401000,92.30432959004283,85.04324903561347,80.08360809161871,30.797934818267823,28.552183532714842,24.7160525226593,19.714396114349366,35.01668281466026,31.714050150752975,30.159334409560607,28.37231070200697,26.163971078513313,31.675671992689463,30.6480106000342,29.62034920737894,51075054000,2.5430287076293006,1.5065149703134415,1.036513737315859,86.8485466607671,89.6865075851427,NVDA
2023-05-31,37.800533294677734,40.25935493570893,37.78854287268503,39.453069566174214,1002580000,70.42464007361359,72.43850329978544,71.1554966399825,31.27870903015137,28.79065242767334,24.951558237075805,19.810004062652588,35.63531625466414,32.267366800200676,30.595974345853016,28.709032937459497,26.42256134998363,32.21151492468482,31.126999121695242,30.042483318705656,50072474000,2.69165593870693,1.7435431639921393,0.9481127747147906,70.45781316850865,84.21203573616361,NVDA
2023-06-01,39.734825134277344,40.01457626339759,38.306089619716126,38.45495609590561,635873000,76.18440741478517,75.73199267391308,73.7562013481751,31.87657995223999,29.061832313537597,25.20047311782837,19.9136710357666,36.54631822791151,32.9462266487531,31.118194390905835,29.10281123020299,26.718389434079047,32.780883810852664,31.650836942758918,30.520790074665165,50708347000,2.931730116200683,1.9811805544338483,0.9505495617668345,84.39392456301117,80.56676146409565,NVDA
2023-06-02,39.29220962524414,40.46417228382388,39.023446585861166,40.061528913678025,482731000,72.31715847224604,73.56569505456284,72.19891515541602,32.46430940628052,29.318784675598145,25.437279958724975,20.01588870048523,37.15651631620766,33.523134192070465,31.585280975725166,29.466718315740177,26.997807660549384,33.36584200974679,32.20977052507798,31.05369904040917,50225616000,3.0511040309957025,2.1951652497462195,0.855938781249483,81.06046932973955,78.63740235375313,NVDA
2023-06-05,39.136356353759766,39.53000507242546,38.6727660406919,38.87458704490847,396094000,70.79860093144515,72.77628509708327,71.64207251573401,32.988395595550536,29.55817279815674,25.66972120285034,20.120042743682863,37.59648076899701,34.0334271158604,32.01677099732714,29.812062531383734,27.267553187065168,33.92881989051131,32.76137759245212,31.59393529439292,49829522000,3.097427446503069,2.3756176890975897,0.7218097574054791,78.88757113891667,81.44732167722246,NVDA
2023-06-06,38.619815826416016,39.12536886577813,38.114262787053896,38.79566268178252,388729000,65.34165379668664,70.0917604972944,69.77736797189677,33.463125705718994,29.795462760925293,25.896078033447267,20.21942759513855,37.823888559534566,34.450371544092725,32.39408784470365,30.12662514906346,27.519825690161852,34.416642397261434,33.24977088231836,32.082899367375276,49440793000,3.0572168901295242,2.5119375293039767,0.5452793608255475,73.74485497804561,77.8976318155673,NVDA
2023-06-07,37.44572830200195,39.46814951284709,37.32682176637619,38.88460601702987,511998000,53.990937749120825,64.28703537818845,65.71298775577327,33.908125686645505,30.014226570129395,26.105599365234376,20.317554588317872,37.739852946749544,34.72267670390266,32.68275301369212,30.388021690239835,27.740401303758297,34.91525675882295,33.68780913102033,32.460361503217705,48928795000,2.8972134107938103,2.5889927056019437,0.3082207051918666,63.24497070997119,71.95913227564449,NVDA
2023-06-08,38.47991943359375,38.833643027365426,37.47570715034152,37.694534053593046,417772000,61.12844598502157,66.88828141770546,67.45849963539732,34.38914909362793,30.256092109680175,26.321586685180662,20.424920988082885,37.90431216604826,35.064244224783664,33.01401966625792,30.67701803821676,27.979057262199085,35.41331277475147,34.14608421128613,32.87885564782081,49346567000,2.821337459865248,2.6354616564546047,0.18587580341064314,71.77700968084876,69.5889451229552,NVDA
2023-06-09,38.739715576171875,39.67997860030122,38.53687503234718,39.00650530356787,427717000,62.86504395930174,67.5281331621256,67.88783805766141,34.898498916625975,30.491683769226075,26.532150440216064,20.532852554321288,38.089957368297945,35.398377984000774,33.341202289681576,30.964971521715157,28.21818300250959,35.92202834024006,34.631386451130815,33.34074456202158,49774284000,2.750462974530123,2.6584619200697084,0.09200105446041462,73.92031834522352,69.6474329120145,NVDA
2023-06-12,39.45116424560547,39.49912709454757,38.58784058808382,39.16938679625348,388701000,67.61894846645907,69.27890626458777,69.05665233614404,35.45531044006348,30.733531455993653,26.75307523727417,20.644136695861818,38.392447785477394,35.76681309869211,33.690342972877225,31.26804983328267,28.46780480791172,36.43732569758183,35.136783389909965,33.8362410822381,50162985000,2.720343964213484,2.670838328898464,0.04950563531502006,79.78974381983912,75.16235728197047,NVDA
2023-06-13,40.98996353149414,41.06890421553936,39.708967017457006,40.154617863223834,613208000,75.69477296458302,72.70660929638859,71.40973760057206,36.058439064025876,30.9982820892334,26.99550157546997,20.75966537475586,38.96967350681445,36.24164495621957,34.107464147655335,31.615261036790223,28.746075001769103,37.049340275682674,35.71896057499838,34.38858087431408,50776193000,2.788498597578034,2.6943703826343777,0.0941282149436562,92.48478158848911,82.06494791785059,NVDA
2023-06-14,42.96342086791992,42.96641687824926,40.52032691306219,40.7921176516414,740465000,82.43608313080105,76.3508895949681,74.05503429562783,36.74725208282471,31.298745307922363,27.24693380355835,20.893313074111937,39.857172920393445,36.85271549364687,34.61351881738474,32.02055245933057,29.0620160210169,37.76905034805403,36.3610604977814,34.95307064750877,51516658000,2.9675451366232224,2.7490053334321467,0.2185398031910757,99.95292123208651,90.74248221347159,NVDA
2023-06-15,42.61968994140625,43.255194841743766,42.11408458461737,42.5687310811785,568622000,77.9189800724386,74.48536582847433,72.8280168042808,37.370671081542966,31.60256477355957,27.481403007507325,21.027533440589906,40.47106559172963,37.37698589798863,35.071014310185966,32.39909308369041,29.363297663692215,38.41133310855352,36.99838953162493,35.58544595469634,50948036000,3.046585454995153,2.8085213577447483,0.23806409725040467,89.28028158386249,93.90599480147938,NVDA
2023-06-16,42.658653259277344,43.6868488037051,42.62767543128522,43.416060581927226,655709000,78.08234368630293,74.56124185806799,72.88126538852948,37.921104717254636,31.918593292236327,27.71554262161255,21.163610939979552,40.95719618451801,37.857137476287605,35.504593678705476,32.76550594710423,29.658750010260775,39.048129410932525,37.62133562551772,36.19454184010293,51603745000,3.076900892695136,2.8621972647348257,0.21470362796031006,83.83347211587365,91.02222497727422,NVDA
2023-06-20,43.773780822753906,43.95564168389906,42.64066770306491,42.96441594228362,451153000,82.52304722290368,76.69712757506609,74.38331223313662,38.54797649383545,32.25380718231201,27.960254135131837,21.307131071090698,41.58310388190377,38.39501414414818,35.977118658365384,33.15865862123458,29.97241736164951,39.62038346513829,38.20271785235342,36.785052239568564,52054898000,3.1545439513106786,2.9206666020499963,0.23387734926068227,97.25651226903274,90.12342198958963,NVDA
2023-06-21,43.01137924194336,43.58093756834967,42.04713658375585,43.46702437838124,551603000,70.76078647796679,72.23178896674479,71.55066731638667,39.14112396240235,32.56294261932373,28.192556705474853,21.452614903450012,41.90049840635701,38.8146836984932,36.37907640599841,33.51054150054561,30.26217207010048,40.21678910183578,38.757676404787304,37.29856370773883,51503295000,3.11860782894982,2.9602548474299613,0.15835298151985855,85.75519543894077,88.94839327461574,NVDA
2023-06-22,42.99139404296875,43.392077979853475,42.201011539171446,42.21999389255843,417737000,70.44494344200908,72.11326672990538,71.47607275752681,39.757650756835936,32.879871139526365,28.419035339355467,21.599446482658387,42.142919658937394,39.19438463890007,36.756923128111005,33.84914337706072,30.54504366949755,40.79371747326242,39.31785195962432,37.84198644598623,51085558000,3.0533187960827917,2.978867637160527,0.0744511589222645,85.45370589444764,89.48847120080706,NVDA
2023-06-23,42.176029205322266,42.77555900672088,41.98218049927132,42.43083108618956,358140000,57.81159787767338,67.26393468871339,68.43303111508008,40.340902709960936,33.1939603805542,28.649377613067628,21.743109769821167,42.15027733591181,39.465443235847545,37.06658633252308,34.14653215664149,30.803510014738094,41.34640879554498,39.864021377454044,38.38163395936309,50727418000,2.902327415237025,2.9635595927758267,-0.061232177538801835,73.1534043657982,81.45410189972888,NVDA
2023-06-26,40.60026550292969,42.730600334546075,40.06867951218722,42.42783558135576,594322000,40.83028339577139,59.0057451138737,63.012771784800826,40.473595809936526,33.477173805236816,28.860216197967528,21.8776308965683,41.80583026191578,39.56860889649138,37.268510856546314,34.377022633294644,31.021215692253463,41.95139093348428,40.3803545302142,38.80931812694413,50133096000,2.6252524207625925,2.89589815837318,-0.27064573761058774,49.38199826337647,69.32970284120744,NVDA
2023-06-27,41.84328842163086,41.907237605323324,40.416406298926006,40.76713004512084,462175000,53.703191646857185,62.8775376855216,65.28064678781172,40.62018260955811,33.77935291290283,29.069439849853516,22.016988945007324,41.81415429740802,39.77539794423133,37.52992671740829,34.64367498287808,31.26170619735074,42.04850046086571,40.541828500752096,39.035156540638496,50595271000,2.477411989309914,2.812200924560527,-0.33478893525061304,68.13379623295653,63.55639962071041,NVDA
2023-06-28,41.08488082885742,41.81231277067348,40.4863497310759,40.628237095961644,582639000,46.32430440842228,59.20349139595914,62.82357053761888,40.6706506729126,34.061488189697265,29.263427543640137,22.15057255744934,41.652093526619,39.8944418428337,37.73306695234824,34.87371804880592,31.479998966939778,42.15869159081741,40.66595310906843,39.17321462731945,50012632000,2.2728502251948797,2.704330784687398,-0.4314805594925182,55.69768737361663,57.737827289983215,NVDA
2023-06-29,40.79011154174805,41.56750370507978,40.56828482936424,41.52553669526217,380514000,43.534431262445395,57.79008620490512,61.87722502237989,40.820129585266116,34.32443984985352,29.460551109313965,22.28209309101105,41.46054197442545,39.975866360916825,37.90775521459965,35.085017816410996,31.686890357491073,42.128084492487666,40.68239458946467,39.23670468644167,49632118000,2.0631652506322666,2.576097677876372,-0.5129324272441051,41.58209154025042,55.13785838227454,NVDA
2023-06-30,42.268959045410156,42.516766447959405,41.46858596097829,41.64744701058792,501148000,58.55966444345971,62.61257043047596,64.66869587499023,40.94683628082275,34.611693115234374,29.672572994232176,22.427868871688844,41.640190212422056,40.184329332234405,38.15696686207453,35.34158714601811,31.922047439444828,42.22551283571224,40.84756729345318,39.46962175119412,50133266000,1.9933410372285323,2.459546349746804,-0.4662053125182717,68.57777312568737,55.28585067985148,NVDA
2023-07-03,42.37986373901367,42.864485450578925,42.169030043008505,42.48378258219759,198209000,59.52881492354326,62.95439576730249,64.87037169686549,41.10121898651123,34.91768981933594,29.874875373840332,22.57421416282654,41.80456210722019,40.383923369214344,38.39827525504248,35.592954167196524,32.154443357213026,42.32581116121822,40.99610520163111,39.66639924204401,50331475000,1.9247664178153059,2.3525903633605045,-0.42782394554519865,62.89383885849665,57.684567841478156,NVDA
2023-07-05,42.2839469909668,43.143272032107916,42.0521259526018,42.102086134617814,323618000,58.118208249186715,62.4228369240031,64.5372871015504,41.258598518371585,35.22146854400635,30.075898933410645,22.72107356071472,41.9110920813861,40.55665278937366,38.620313639952435,35.8319181966169,32.37954343796311,42.44725207590675,41.13419276481758,39.82113345372841,50007857000,1.841453725635212,2.2503630358154463,-0.40890931018023435,56.99225721571564,62.82128973329989,NVDA
2023-07-06,42.07011413574219,42.14605498586675,41.31370545626282,41.81131756799603,303582000,54.6535657058715,61.1825629634303,63.77408850074542,41.43111343383789,35.52250915527344,30.273465518951415,22.86552056312561,41.94643031568746,40.694240184498064,38.817445096854705,36.05471090872852,32.59488945346931,42.576078720424306,41.264204623722264,39.95233052702021,49704275000,1.7381371296284982,2.147917854578057,-0.40978072494955864,51.49097251629609,57.12568953016947,NVDA
2023-07-07,42.46979904174805,43.18024602401447,42.14705329030634,42.288940665727566,355881000,60.00180867829097,62.67535002861514,64.59231374836776,41.6823169708252,35.84754932403565,30.485737686157226,23.01104718208313,42.062734477034255,40.85565462606624,39.026151036562894,36.283821199193504,32.814331888764386,42.76661698775403,41.453691145576556,40.140765303399085,50060156000,1.6692669442946197,2.0521876725213697,-0.38292072822674994,61.77367886509072,56.75230286570082,NVDA
2023-07-10,42.14706039428711,42.77756814161345,41.61647302860195,42.62368907673001,353908000,53.8478976719237,60.6472018373223,63.38374917130244,41.86567401885986,36.15184741973877,30.68955795288086,23.15598876953125,42.08147356975711,40.97305515044996,39.20448871414713,36.493222599018274,33.02172585555378,42.91518371922861,41.648935621501586,40.382687523774564,49706248000,1.570540303631077,1.9558581987433112,-0.38531789511223424,53.47057136870875,55.57840758336519,NVDA
2023-07-11,42.37187194824219,42.72459682462769,42.03413855568288,42.447812790415895,298244000,57.492122703800035,61.579842598785035,63.87596780233652,42.04728183746338,36.455246467590335,30.88380884170532,23.301629967689514,42.14600654275379,41.100220313885615,39.38548204180971,36.703174361490554,33.229506879835746,43.07929332070504,41.84482987098178,40.610366421258526,50004492000,1.4932261615049995,1.863331791295649,-0.37010562979064954,65.57583182175046,60.27336068518331,NVDA
2023-07-12,43.86771011352539,43.90068528368808,42.743588811592915,42.999389377359606,481277000,73.92898381677249,67.15721251864983,66.96504674985778,42.26810913085937,36.77811149597168,31.095085906982423,23.45824576854706,42.52860733625859,41.351810295671044,39.64160936019346,36.95905063834894,33.46591139613996,43.295124966933756,42.05999518844188,40.82486540994999,50485769000,1.5349617025227644,1.7976577735410724,-0.26269607101830794,99.13948015402464,72.72862778149461,NVDA
2023-07-13,45.94108581542969,46.118944360019775,44.45724522752528,44.48322589317595,478204000,84.13368340342828,73.00655115564905,70.60730507125437,42.515665245056155,37.11924465179443,31.33470865249634,23.62545315742493,43.2869358871855,41.76901716110365,40.00157944334982,37.279837608958964,33.74313749434639,43.63211514713741,42.361251434072635,41.090387721007865,50963973000,1.7155655390558593,1.7812393266440298,-0.06567378758817055,97.06031803460964,87.2585433367949,NVDA
2023-07-14,45.43348693847656,48.05044077711324,45.024806002911156,46.54661523204283,772075000,75.4567860091769,69.73218415821064,68.66950586790253,42.63916854858398,37.46421340942383,31.575389003753664,23.79156066417694,43.763947231916845,42.10215077722846,40.311974157357064,37.57103937072745,34.00292303754929,43.97716263415915,42.626979988898206,41.27679734363725,50191898000,1.7970214488441414,1.7843957510840522,0.01262569776008915,67.21332859031672,87.80437559298366,NVDA
2023-07-17,46.42470932006836,46.459681830207685,45.2266483214971,46.25284659122238,510488000,80.23373732008355,72.34096543688746,70.33179298986659,42.82941951751709,37.8371594619751,31.83330379486084,23.961700491905212,44.35522769595052,42.495110644759365,40.66127330951199,37.887241868918196,34.27896273271637,44.104491291986335,42.81207323989093,41.51965518779552,50702386000,1.9194331755705534,1.8114032359813526,0.10802993958920082,78.70416407353032,80.99260356615223,NVDA
2023-07-18,47.4568977355957,47.85858412490547,45.69827430374762,46.66451794958182,569164000,84.10067515443072,74.77875222576128,71.95187029765334,43.06933174133301,38.23554500579834,32.100551528930666,24.135388374328613,45.044487704760556,42.94618219847176,41.0495947052882,38.22901529272811,34.571805732780355,44.35976725212246,43.018815887454124,41.6778645227858,51271550000,2.075805733354734,1.8642837354560289,0.2115219978987053,92.15314784149142,79.35688016844615,NVDA
2023-07-19,47.04022216796875,47.78064441217516,46.70548479149979,47.426920872593946,427502000,76.82052709743763,72.01924824794334,70.33104677841614,43.23265380859375,38.60325679779053,32.3345631980896,24.30956949710846,45.48798425214016,43.31836765024421,41.39191627458423,38.54370125255813,34.848881653562316,44.559785230251705,43.21807261566645,41.87636000108118,50844048000,2.1414248631657813,1.9197119609979796,0.2217129021678017,86.49829519460349,85.78520236987508,NVDA
2023-07-20,45.48444366455078,47.05022098399054,45.02680123666584,46.470672206647684,537865000,55.351901188736186,62.713556641682665,64.64652766268196,43.35630702972412,38.93044139862061,32.55679311752319,24.47637619972229,45.48719745489807,43.515283651544806,41.62577498258232,38.791584910129295,35.08522747602873,44.70766956318759,43.3322214359123,41.95677330863702,50306183000,2.044324473278806,1.9446344634541448,0.09969000982466114,61.910376608969486,80.18727321502148,NVDA
2023-07-21,44.274391174316406,45.83017811976025,44.06555477681696,45.75223611318822,963769000,43.90101252708219,56.589018290443235,60.65986328470823,43.420456886291504,39.2450146484375,32.76477472305298,24.635270085334778,45.217684948102146,43.58429342634223,41.777124479252834,38.98739941956455,35.28943111376845,44.806449527503354,43.42000985935429,42.033570191205214,49342414000,1.848423120462293,1.9253921948557746,-0.07696907439348166,43.948375244759404,64.11901568277746,NVDA
2023-07-24,44.5771598815918,45.073773397339444,44.00560798628227,44.69606643044392,382516000,47.1818012179114,57.7020878809436,61.28440626134293,43.54051342010498,39.55936882019043,32.97863109588623,24.79240710735321,45.07534604443318,43.6745540131831,41.93712650224363,39.187033721779805,35.495825086386745,44.88110594995328,43.50051871178635,42.11993147361942,49724930000,1.6980269931042287,1.8799191545054657,-0.18189216140123698,48.442669481588204,51.433807111772374,NVDA
2023-07-25,45.6433219909668,46.14692613209552,44.88791196755602,44.90589946333249,348081000,57.64803255948842,61.45042973623124,63.42217980129457,43.79266624450683,39.90118087768555,33.20832357406616,24.954665222167968,45.201562921440654,43.853532920254345,42.14890910159924,39.41761544567934,35.72132501759963,45.05795195551794,43.655191590822916,42.25243122612788,50073011000,1.6458945032655308,1.833114224257479,-0.18721972099194817,64.268764149063,52.21993629180355,NVDA
2023-07-26,45.41649627685547,46.017028562917005,44.59513975878737,45.985052064508444,364237000,54.872101808964395,60.22759019123385,62.652713059154934,43.971326637268064,40.243212127685545,33.42959428787231,25.11618368148804,45.24932588931061,43.99562049812717,42.33562836875673,39.63186118964992,35.93677326780532,45.19936502209269,43.85565380112287,42.51194258015304,49708774000,1.568198968468323,1.7801311730996479,-0.21193220463132478,59.06189456937797,57.2577760666764,NVDA
2023-07-27,45.86415100097656,47.357982253239214,45.71426663486367,46.4826670082,455976000,59.49166260971008,61.841472020092546,63.56477879351875,44.210290145874026,40.581947326660156,33.649587631225586,25.28520351409912,45.38595369190305,44.16548690747712,42.537258233455006,39.85444296862587,36.15738166187579,45.44108122049164,44.090089794189524,42.7390983678874,50164750000,1.5251655335175656,1.7291380451832317,-0.2039725116656661,66.01957203402914,63.1167435841567,NVDA
2023-07-28,46.71347427368164,46.99025828078237,46.34476309139088,46.63153760834662,331194000,67.14810623177402,64.76295799785882,65.24815045801819,44.5064582824707,40.93247360229492,33.8814306640625,25.460497307777405,45.68095826563163,44.397122122586616,42.77589915003938,40.099408372377866,36.3919614976937,45.673201042152435,44.35461284681251,43.03602465147258,50495944000,1.5418213594156143,1.691674708029708,-0.14985334861409383,77.77760401282272,67.61969020540995,NVDA
2023-07-31,46.69249725341797,47.093184983951005,46.4696718790696,46.71747924909827,251055000,66.77404527794904,64.63134135192578,65.17040322556801,44.72763519287109,41.26329734802246,34.11568161010742,25.636105666160585,45.90574470736193,44.60579258902583,42.99970475594672,40.334875832415015,36.62086229226534,45.93038099021186,44.62968354586404,43.328986101516215,50244889000,1.5356268013441507,1.6604651266925967,-0.12483832534844597,74.41150549293444,72.73622717992878,NVDA
2023-08-01,46.47067642211914,46.86337103094522,45.9910517758365,46.42371224639774,237858000,62.36552381658247,63.16938631940814,64.32308358209804,44.93217582702637,41.55971126556396,34.33879224777222,25.811034350395204,46.0312850884191,44.7753274829434,43.19804599401372,40.55401156776159,36.839747050706535,46.12947946765529,44.83715636768234,43.544833267709386,50007031000,1.495578385528212,1.62748777845972,-0.13190939293150783,60.94364250173239,71.04425066916319,NVDA
2023-08-02,44.23442077636719,45.80419275361582,43.35310977121058,45.79520091213266,530142000,34.67248520843626,50.714798611573485,56.57105411920604,45.02969951629639,41.81967277526856,34.54698373794556,25.972484760284424,45.631981907963116,44.72615414598192,43.2572674101482,40.68545475378322,37.004073133499,46.30797513103778,44.93205071797746,43.556126304917136,49476889000,1.2687670294810545,1.555743628663987,-0.2869765991829325,18.761952352285817,51.37236678231755,NVDA
2023-08-03,44.48023223876953,45.08276192345427,43.76579051634056,43.76579051634056,324176000,38.287114915533316,51.83884682236144,57.16430745280966,45.15020542144775,42.086308822631835,34.762339210510255,26.13882444381714,45.37603753703121,44.70379760896261,43.32715111464085,40.82098252110416,37.17021000250501,46.4115769673189,45.024898967229646,43.6382209671404,49801065000,1.0962158326616063,1.463838069463511,-0.36762223680190464,25.01673251418262,34.907442456066946,NVDA
2023-08-04,44.64509582519531,45.606342288223864,44.35832128281738,44.949857860967036,362666000,40.91814409355404,52.61935360334947,57.57070815559471,45.25897026062012,42.3659935760498,34.979333324432375,26.30268777370453,45.21360604551212,44.69846108316558,43.40246224095824,40.95755799625028,37.33631857634257,46.57549600296608,45.16902412307671,43.76255224318733,50163731000,0.9616851715901689,1.3634074898888424,-0.40172231829867355,28.675916286709892,24.151533717726114,NVDA
2023-08-07,45.38153076171875,45.50443580088547,44.52819761374418,45.07576998074253,322154000,51.908443700856445,56.046023713259544,59.370828019745105,45.4206937789917,42.663404388427736,35.19273147583008,26.469838795661925,45.2509226491136,44.76055832667041,43.51555187071599,41.11555702358844,37.51510106935093,46.693689688372096,45.289929929747814,43.886170171123524,50485885000,0.9040712278341871,1.2715402374779115,-0.3674690096437243,45.81378024105666,33.16880968064973,NVDA
2023-08-08,44.62911605834961,45.2066637195198,44.0215892371064,44.81796761407976,353843000,42.268466057695775,51.914876123484866,56.79694580321683,45.53355598449707,42.79705863952637,35.39695693969727,26.632808289527894,45.1127434067216,44.74860902955034,43.57918411000934,41.241041274829904,37.67319029132868,46.810962792478115,45.406061159120405,44.001159525762695,50132042000,0.7886076063567842,1.174953711253686,-0.3863461048969019,31.86134621926032,35.450347582342296,NVDA
2023-08-09,42.5207633972168,44.27738970488,42.10108946258739,44.23941737277786,586449000,26.01999604095556,42.46853098116407,50.396541154774226,45.46620864868164,42.86924285888672,35.56698045730591,26.784521951675416,44.53674784905387,44.5460776084291,43.51870292642119,41.286745636343724,37.78091413812619,46.909790747338036,45.43413473429709,43.95847872125616,49545593000,0.5209699971162394,1.0441569684261969,-0.5231869713099575,7.983307846332754,28.552811435549916,NVDA
2023-08-10,42.35490036010742,43.53997505454453,41.80233078646622,42.127077761381095,492705000,25.108804611411983,41.82378833734306,49.93374673285279,45.286899375915525,42.91483047485352,35.73350700378418,26.93404808521271,44.05189285151022,44.34687967676349,43.45219992263183,41.32489401933529,37.882558276392444,46.89275686448504,45.389455718302045,43.886154572119054,49052888000,0.2921141920772712,0.8937484131564118,-0.6016342210791407,9.946080616215493,16.59691156060286,NVDA
2023-08-11,40.82309341430664,41.98518717020068,40.60726249812491,41.7183935825012,533085000,18.088678581500247,36.337119383532965,45.86699853642773,45.05637969970703,42.975281677246095,35.88296705245972,27.075251049995423,43.334381865464984,44.0265354710856,43.301965265013244,41.3069725691557,37.94790350167943,46.671279789856484,45.181491713217234,43.691703636578,48519803000,-0.012713151616317475,0.712456100201866,-0.7251692518181835,3.1971541407598476,7.04218086776937,NVDA
2023-08-14,43.71881866455078,43.76578283263548,40.27951001276461,40.45437254104037,690286000,49.8780255832036,49.75578806827503,53.37211326066179,44.92108516693115,43.05496154785156,36.05839693069458,27.22762698173523,43.41981226526183,43.998561215946076,43.32578545927253,41.39310992970552,38.07614606085434,46.52266537602246,45.01094215435136,43.49921893268027,49210089000,-0.02039508866028683,0.5658858624294355,-0.5862809510897223,48.588290452285065,20.577175069753476,NVDA
2023-08-15,43.905677795410156,45.23264344321466,43.67585790214367,44.52519626774696,676512000,51.34035373128804,50.48111805011185,53.804189067303554,44.743524169921876,43.14723091125488,36.233007793426516,27.382759819030763,43.52778238307258,43.99011726862463,43.35892216419468,41.482844496337826,38.20569121051114,46.454004991357,44.926865006240185,43.39972502112336,49886601000,-0.011275136148569231,0.4504536627138346,-0.4617287988624038,51.22811334783754,34.33785264696082,NVDA
2023-08-16,43.452030181884766,44.640100549597996,43.372090845714155,44.48522285041412,527451000,47.31844094916881,48.64509700878462,52.567832477511125,44.564114570617676,43.23354438781738,36.39585859298706,27.53422625541687,43.5109485605864,43.94120026073919,43.36424262234839,41.55317255653593,38.322276520986115,46.25993459550187,44.77528509216,43.29063558881812,49359150000,-0.040189796243709,0.3523249709223259,-0.3925147671660349,46.56107287970264,48.792492226608424,NVDA
2023-08-17,43.31014633178711,44.027584017095954,42.96741192711898,43.93565682241001,452395000,45.96694419922111,48.05639047706334,52.17580518143542,44.455399703979495,43.3273509979248,36.56140687942505,27.681697578430175,43.466325843075445,43.88383172174355,43.36115140574489,41.61592161993776,38.433118072337244,46.08110647347429,44.59717066207044,43.113234850666586,48906755000,-0.07370409864805083,0.26711915700825056,-0.3408232556563014,44.478733309681274,47.42263984574049,NVDA
2023-08-18,43.26517868041992,43.543960081000186,41.62745897404412,42.601695871064955,583768000,45.47299011843659,47.85870596002809,52.047197773668636,44.40493907928467,43.44374000549316,36.72898328781128,27.830626854896547,43.42162647359643,43.82759053616867,43.35566725001203,41.67482365781212,38.540497196961304,45.93117593266717,44.4523314850904,42.97348703751362,48322987000,-0.1027089733058304,0.19315353094543436,-0.29586250425126476,45.348294251818444,45.46270014706746,NVDA
2023-08-21,46.93031311035156,47.028236135596124,44.187458298338946,44.45924519865085,692573000,73.41471504590567,61.69105845186363,60.370731427129286,44.522596740722655,43.61274787902832,36.93441999435425,27.997652096748354,44.20133461509757,44.109656224730756,43.55993272774572,41.86251970968853,38.7269375505922,46.045530646259785,44.51544074657282,42.985350846885865,49015560000,0.16811227854721267,0.18814528046579002,-0.020033001918577348,98.54901468125549,62.79201408091841,NVDA
2023-08-22,45.63233184814453,48.14936547616456,45.29759440317979,48.09740413737571,755293000,60.28611076812792,56.02288762447188,56.72525830442723,44.522047233581546,43.75060020446777,37.12114198684692,28.159805312156678,44.51933400021912,44.24808128140473,43.67835553462565,41.99715585749053,38.88039075720447,46.21653965337182,44.601516150735925,42.986492648100025,48260267000,0.27483569679109365,0.20548336373085074,0.06935233306024291,68.01677439025524,70.63802777444306,NVDA
2023-08-23,47.07920837402344,47.163142412730515,45.172697380646554,45.83018449557039,779046000,67.95225820228973,60.39162071474545,59.57034620273372,44.605182838439944,43.90316108703613,37.31834627151489,28.328184242248536,45.08819497217563,44.505456471642795,43.87268998259124,42.178657733080996,39.06258670424489,46.29481236256889,44.64495881862136,42.995105274673826,49039313000,0.47073922942503543,0.2585345368696877,0.21220469255534774,86.40182012086417,84.32253639745831,NVDA
2023-08-24,47.12616729736328,50.226744718395224,47.12217261662468,50.17678452713489,1156044000,68.1913954739636,60.528671613847834,59.66033435071925,44.66828365325928,44.02588516235352,37.51208362579346,28.49312777519226,45.54107771110622,44.74370291034465,44.05860297200678,42.35535450323394,39.24177738409197,46.50901029791407,44.77902897788839,43.049047657862715,50195357000,0.6226063644966899,0.3313489023950882,0.29125746210160175,68.82975507477605,74.41611652863183,NVDA
2023-08-25,45.982051849365234,47.767654577471944,44.98882507843675,46.975274808576536,925341000,55.97883660680581,55.49074566533007,56.459388445306104,44.63171253204346,44.086257781982425,37.69250154495239,28.65162667751312,45.63907196405267,44.85628008661925,44.168514336427265,42.48487940845291,39.39156126109804,46.559922571853335,44.77588820989148,42.99185384792963,49270016000,0.6432268891199655,0.3937244997400637,0.24950238937990182,57.32791077476749,70.8531619901359,NVDA
2023-08-28,46.79841995239258,46.943307161709576,44.85294200358458,46.445695012544455,685192000,61.831804530781824,58.166323167256614,58.13496933648446,44.63700866699219,44.169832382202145,37.88619857788086,28.812704391479492,45.89670485035043,45.03283825623501,44.318794657339566,42.638934427879335,39.556158120904584,46.60564929213955,44.75281159833326,42.89997390452696,49955208000,0.7171757312843141,0.4584147460489138,0.2587609852354003,65.53489620525342,63.897520684932324,NVDA
2023-08-29,48.745887756347656,49.04265660856325,46.35475573928801,46.629542419435225,701397000,72.35410654627256,63.76253301909872,61.80112469100518,44.750769233703615,44.29157707214355,38.10508518218994,28.987644028663635,46.529856607238706,45.3703882107907,44.571771405854314,42.857039903896066,39.76037433502554,46.76566689977356,44.814525026710406,42.863383153647256,50656605000,0.9222934725401544,0.5511904913471619,0.37110298119299245,85.11287804228313,69.32522834076802,NVDA
2023-08-30,49.22551727294922,49.88799757012422,48.38717195801793,49.005687906612565,735206000,74.43687034052186,65.00419736849143,62.64342559336796,45.00032405853271,44.40061180114746,38.32720949172974,29.1551247549057,47.12889231072993,45.720854489168744,44.83769974111688,43.08448552421939,39.97071084475718,46.92536700522091,44.944296258015015,42.963225510809124,51391811000,1.1107488327112023,0.66310215961997,0.4476466730912323,89.93461524659449,80.19412983137703,NVDA
2023-08-31,49.31644821166992,49.705144301675666,48.91975894986802,49.34143020878583,528570000,74.86762495662303,65.24731986036151,62.80598074188549,45.24213485717773,44.52671318054199,38.54482789993286,29.320178894996644,47.61501584427215,46.04772664575976,45.09362822514848,43.30705562019977,40.178393897355235,47.07699454919277,45.175242736777236,43.27349092436171,51920381000,1.2529946874131284,0.7810806651786018,0.4719140222345266,90.84874808262008,88.6320804571659,NVDA
2023-09-01,48.47111129760742,49.761103338104185,48.10439736069892,49.72313481683707,463830000,63.020862839240536,61.00432369200018,60.257574581100144,45.43343563079834,44.63630752563476,38.75808933258057,29.481166157722473,47.805259278346654,46.268034341382275,45.28662725786042,43.49148618010719,40.36267650624973,47.299645835362945,45.38171618626686,43.463786537170776,51456551000,1.2827274443921226,0.881410021021306,0.40131742337081666,79.58396228499463,86.78910853806974,NVDA
2023-09-05,48.51008605957031,48.81285082996846,47.82262363775037,48.185339110764936,382653000,63.34179386497351,61.129829760650885,60.335151448321945,45.58986339569092,44.76298866271973,38.97847452163696,29.64049572467804,47.96188745195191,46.47185722485392,45.470824903672415,43.67072189008801,40.543730051879066,47.454604878084965,45.548951124854995,43.64329737162503,51839204000,1.2945134607072717,0.9640307089584992,0.3304827517487725,80.03719483385478,83.48996840048984,NVDA
2023-09-06,47.028114318847656,48.515073458793,46.547451450862816,48.40715103407181,468670000,45.37385366077764,54.0115356406066,55.99051039018193,45.70981330871582,44.891545639038085,39.18435972213745,29.796190462112428,47.75438231126208,46.522426051580624,45.55981287025386,43.79062876254372,40.687827480033924,47.60778942593452,45.65492691933365,43.70206441273278,51370534000,1.17077526100244,1.0053796193672875,0.16539564163515252,62.8035339836363,74.14156370082857,NVDA
2023-09-07,46.20868682861328,46.31161549020898,45.120447146044796,45.49318758272593,433330000,38.186491254933216,50.50926968853312,53.753015311707166,45.894209480285646,44.97885360717773,39.37910326004028,29.9489515542984,47.41089442622901,46.49390430403814,45.59689138216011,43.87698797918906,40.81051324333569,47.668133267762194,45.71498057726843,43.76182788677467,50937204000,0.9951197747078453,1.0033276504353992,-0.008207875727553882,53.274515939635855,65.37174825237565,NVDA
2023-09-08,45.54015350341797,46.57343135473317,45.239365149462806,45.909897697113266,473069000,33.059588310429746,47.78677207844399,51.98122682971959,46.05347213745117,45.06795906066895,39.564723625183106,30.099708218574523,46.995174221159886,46.40719968579994,45.593649217660555,43.93638674791153,40.91561636022641,47.7622127174743,45.84916640969589,43.93612010191747,50464135000,0.7928272649206178,0.961227573332443,-0.16840030841182518,22.39826216201247,46.15877069509489,NVDA
2023-09-11,45.14642333984375,46.13073165236794,44.28102751943213,46.11574274684167,473966000,30.194547944928928,46.20710528057525,50.94725054979617,46.26963863372803,45.15508529663086,39.73976257324219,30.248955631256102,46.584340691978525,46.29258365434937,45.568093453213876,43.97960234048054,41.00963429310679,47.89232630326951,45.97394381145026,44.05556131963101,49990169000,0.5938922397603719,0.8877605066180289,-0.293868266857657,14.554944196850494,30.07590743283295,NVDA
2023-09-12,44.838645935058594,45.64108624011381,44.49988211053749,44.70673820080512,349256000,27.924485633574122,44.956071947285,50.132311771774674,46.325629997253415,45.20647903442383,39.909086074829105,30.39306389808655,46.196408523774096,46.16040749805021,45.526410737890714,44.01028246885833,41.094723440705714,48.064610582246964,46.157500497213405,44.25039041217984,49640913000,0.4067114186432974,0.7915506890230826,-0.38483927037978516,9.378488699794039,15.443898352885677,NVDA
2023-09-13,45.453216552734375,45.89790529019353,44.47190049902718,44.56883283924793,398355000,38.92663209615081,47.98446955171018,51.743693825184465,46.40300693511963,45.267946090698246,40.09281795501709,30.537843141555786,46.031254752431934,46.096117412112406,45.52222821302463,44.06181582899676,41.19157884319524,48.0944218004357,46.28541971676902,44.47641763310234,50039268000,0.30445046654402574,0.6941306445272712,-0.3896801779832455,19.714846738870627,14.549426545171729,NVDA
2023-09-14,45.54915237426758,45.95486692026357,45.099466041293624,45.917894023696675,370097000,40.624436546254394,48.46115494771233,51.996835306925064,46.50786304473877,45.333250198364254,40.277359371185305,30.68434543609619,45.92412089061763,46.04639331776288,45.52376673652423,44.11493499132786,41.2884138105524,48.121170248193685,46.345567434150865,44.56996462010805,50409365000,0.22851496600114984,0.601007508822047,-0.37249254282089717,22.61693648031737,17.236757306327355,NVDA
2023-09-15,43.86932373046875,45.567133950218214,43.77738515441512,45.309314822834715,506831000,25.644815949490408,41.320567256727244,47.44114930573357,46.53582191467285,45.36923439025879,40.44587177276611,30.824660692214966,45.46749929947343,45.848477900736135,45.429227136178206,44.106163160582895,41.34576736432832,48.17378673285501,46.37333920014936,44.57289166744373,49902534000,0.032413756486441514,0.48728875835492597,-0.45487500186848445,1.5045722064988758,14.612118475228968,NVDA
2023-09-18,43.93526840209961,44.211076460461435,41.97064298637889,42.71812124981073,500271000,26.914341946296133,41.68383643632012,47.629463811246254,46.569326400756836,45.39854377746582,40.62304655075073,30.966244440078736,45.12700354450147,45.67454976449645,45.343858065659425,44.10005977635135,41.403311831834344,48.22700307770032,46.370352621942025,44.51370216618374,50402805000,-0.11633563621106902,0.36656387944172697,-0.482899515652796,24.81416481906948,16.311891168628584,NVDA
2023-09-19,43.48958969116211,43.93527718281478,42.971950102234956,43.80237069955783,373064000,23.640813045513383,39.886634402519825,46.453474296475356,46.39729022979736,45.42539436340332,40.78862089157104,31.099166584014892,44.76313379931494,45.475917030556964,45.23789987283101,44.07825727330888,41.449673562041625,48.212728429472044,46.401467213065004,44.590205996657964,50029741000,-0.26710413864189775,0.23983027582500202,-0.5069344144668998,19.18502813934444,15.167921721637606,NVDA
2023-09-20,42.2094841003418,43.872322851544475,42.19349643912847,43.5695331686225,367108000,16.657660023829692,35.19314458088924,43.24710282209787,46.22614784240723,45.42214660644531,40.93869653701782,31.22462930679321,44.19565608843202,45.17896858235558,45.064847542974476,44.01151537427434,41.466558240670516,48.00071956553878,46.24478936936228,44.488859173185766,49662633000,-0.48430037270707516,0.0950041461185866,-0.5793045188256618,3.065815153144465,15.688336037186135,NVDA
2023-09-21,40.98834228515625,42.070585843913626,40.95136938508374,41.553948747199726,450736000,12.44841097320014,31.397632471960762,40.46183672811913,45.921604537963866,45.36455924987793,41.07133537292481,31.345279970169067,43.48291968770407,44.798002555337455,44.83190438538486,43.903544906805834,41.45593121943686,47.67902658052609,46.00559898502362,44.33217138952116,49211897000,-0.7463622920868218,-0.07326914152249508,-0.6730931505643267,0.41968236804514036,7.5568418868446905,NVDA
2023-09-22,41.58092498779297,42.08557317870962,41.202188203522006,41.54294952811981,479236000,23.67891567474703,35.05784700381021,42.345616078492014,45.64434242248535,45.2773560333252,41.19830034255981,31.470222110748292,43.06025419883493,44.50554095828795,44.64613413409389,43.82059419541252,41.458708858733665,47.395414803255214,45.774704353319244,44.15399390338327,49691133000,-0.8959043518795724,-0.23779618359391055,-0.6581081682856619,8.008103906660853,3.8312004759501623,NVDA
2023-09-25,42.192501068115234,42.506280863755784,41.14822919128449,41.56194140759635,419091000,34.14131023872093,38.69332407859458,44.248862441082316,45.45486488342285,45.212536315917966,41.3383748626709,31.601333880424498,42.867420169786115,44.29526460463588,44.50592653032368,43.76244801229476,41.47501535227548,47.01656345726909,45.479020646823564,43.941477836378034,50110224000,-0.9540705022683653,-0.3810510473288016,-0.5730194549395637,16.40904603004706,8.278944101584361,NVDA
2023-09-26,41.881717681884766,42.79008299471649,41.62589602088143,41.97165495479975,402282000,31.50747439489527,37.543165810042474,43.48620995647778,45.20902976989746,45.121676483154296,41.4794179725647,31.730227408409117,42.6483751724747,44.07585124802215,44.35597173898431,43.695279071922975,41.48405318182235,46.74220214959621,45.28154707844593,43.82089200729564,49707942000,-1.0135615112777572,-0.5075531401185928,-0.5060083711591644,16.548168658109642,13.655106198272529,NVDA
2023-09-27,42.438323974609375,42.84204482057062,41.59991333679484,42.30042372625329,444935000,41.248391442469284,40.92977580110968,45.252982008302034,44.89365158081055,45.02130500793457,41.62842500686646,31.856664519309998,42.60169712850463,43.92698513225735,44.24639186673431,43.65038781844749,41.505259199439834,46.515867419298445,45.095604427879074,43.6753414364597,50152877000,-1.0042190760532108,-0.6068863273055164,-0.3973327487476944,26.448562779153406,19.801925822436715,NVDA
2023-09-28,43.05889129638672,43.41564027932202,42.085572876608914,42.43032920794071,424663000,50.64025197618539,44.54044009484341,47.17779507523989,44.58532028198242,44.94167839050293,41.772467594146725,31.987043585777283,42.70329583247843,43.848067510814566,44.178534691285876,43.62926294265961,41.53978435714976,46.20385637086086,44.84825211594445,43.49264786102803,50577540000,-0.9359514663645214,-0.6726993551173174,-0.26325211124720405,40.69076080302951,27.895830746764194,NVDA
2023-09-29,43.46860122680664,44.11315092531868,43.27673406437453,43.796371119268684,397830000,56.18887378406216,46.85033027904383,48.429275512760576,44.29292793273926,44.901361541748045,41.91590147018432,32.116804003715515,42.873363697884706,43.813570575904755,44.1379670647442,43.62352502423629,41.58264695425325,45.90805594485962,44.584090201903315,43.260124458947,50975370000,-0.8391159205479894,-0.7059826682034518,-0.13313325234453766,50.30944502368843,39.14958953529046,NVDA
2023-10-02,44.75071334838867,45.14343651167041,43.83035539642767,43.99923603920016,433298000,69.19323550218752,53.392276959790294,52.13901841015426,44.10690803527832,44.91088798522949,42.0779513168335,32.25029280185699,43.29055250910781,43.89876537340329,44.17298113809532,43.66378175009887,41.653048429678485,45.707520089043406,44.358425976399715,43.00933186375602,51408668000,-0.6514082903883391,-0.6950677926404294,0.043659502252090254,75.93376306456763,55.644656297095196,NVDA
2023-10-03,43.48658752441406,45.098463094837925,43.2157769974795,44.77668570728605,470850000,51.20886267325588,47.22080453610495,48.539801445059005,43.85573310852051,44.88907653808594,42.22422267913819,32.37944888591766,43.33411584584253,43.861294659858814,44.13375864588495,43.65745338489584,41.693793742894826,45.48755431095103,44.127699240214326,42.76784416947763,50937818000,-0.5977623975559538,-0.6756067136235343,0.07784431606758047,50.66891952089682,58.970709203050966,NVDA
2023-10-04,44.010231018066406,44.112160944881325,43.26175375973955,43.71144012859111,361821000,56.79136439474664,49.80882556221673,50.03353910242143,43.70483894348145,44.85641471862793,42.37879779815674,32.51482940196991,43.48436366189228,43.874834328786775,44.12669992429532,43.6700525860805,41.74527012678753,45.262461059747366,43.90926408458573,42.55606710942409,51299639000,-0.5071479019964258,-0.6419149512981126,0.13476704930168681,66.26987988269613,64.29085415605353,NVDA
2023-10-05,44.656776428222656,44.86863010408986,43.85733614690028,44.019221707908876,393483000,63.05452743490565,52.881021469394625,51.838113688326644,43.62724342346191,44.84122032165527,42.54221622467041,32.65534563541412,43.74489983218792,43.94591997419003,44.156990010234026,43.70529272329986,41.80997026681942,45.07870104861225,43.77104350443826,42.46338596026426,51693122000,-0.37879790378778466,-0.589291541796047,0.21049363800826237,88.39092818048437,68.44324252802578,NVDA
2023-10-06,45.73002243041992,45.75700398969615,43.99523549081201,44.16211860779347,434436000,71.33206363375862,57.528371573286826,54.6786754888293,43.63673686981201,44.83853775024414,42.71024253845215,32.802811408042906,44.18603818735058,44.10811110657457,44.24687757710179,43.77760449855415,41.897082537121655,45.07161077734592,43.73678179723288,42.40195281711984,52127558000,-0.18830693745145766,-0.5090946209271292,0.32078768347567155,99.43854326231268,84.69978377516439,NVDA
2023-10-09,45.241363525390625,45.573132266606365,44.33699712951298,44.810664938003,409675000,63.55241942579893,54.87455001786908,53.18551725047136,43.64148387908936,44.80909553527832,42.87078456878662,32.94867802143097,44.42055492913726,44.21113405373966,44.30370534557544,43.82988160665545,41.971399892416514,45.03200362987552,43.70183803396138,42.371672438047256,51717883000,-0.07589726750422443,-0.42245515024254826,0.34655788273832383,89.2700859151751,92.36651911932405,NVDA
2023-10-10,45.765995025634766,46.22667139823051,45.05649211437215,45.27833709467453,368582000,68.04271214739639,57.159503489940235,54.57774486048356,43.68785133361816,44.790565490722656,43.02693141937256,33.09508999347687,44.71954161724781,44.35248505118467,44.38726475586454,43.899028514476136,42.055724228710254,45.02331158986538,43.725504320097784,42.4276970503302,52086465000,0.05488885874175509,-0.32698634844568764,0.3818752071874427,91.2672986030435,93.3253092601771,NVDA
2023-10-11,46.77328872680664,46.82625308984122,46.01781654956794,46.16371442393257,378137000,75.10823926628532,61.21975386376493,57.13647679032052,43.75385494232178,44.79661773681641,43.17816450119019,33.252342290878296,45.17592986381644,44.57255811260485,44.523608982775514,44.00168066491651,42.16055899533462,45.08108049958914,43.79911930550264,42.51715811141615,52464602000,0.23708502089414907,-0.2141720745777203,0.4512570954718694,99.06720429535285,93.20152960452383,NVDA
2023-10-12,46.912200927734375,47.575738478859215,46.29763274064661,46.7443190351458,481325000,75.98683595275281,61.75803294195584,57.48179576224659,43.82200736999512,44.85017333984375,43.33492305755615,33.410953435897824,45.561767878020426,44.785252913980266,44.660099951058875,44.10562781716001,42.26615103827683,45.15280831937365,43.877889937332576,42.6029715552915,52945927000,0.3882107933565564,-0.09369550099086497,0.4819062943474214,89.67659910803161,93.33703400214266,NVDA
2023-10-13,45.429229736328125,47.08307579073531,45.24835646569822,46.92718276252737,474115000,52.3261889427208,53.259043212941485,52.73972618537449,43.90000267028809,44.86915328979492,43.47773105621338,33.567569012641904,45.53231495764436,44.84379626146643,44.70405022450283,44.152899314273164,42.336441676011304,45.21781041453457,43.896257820776015,42.57470522701745,52471812000,0.3838904255342328,0.0018216843141545813,0.3820687412200782,64.08012799066658,84.27464379801701,NVDA
2023-10-16,46.06279373168945,46.19270015345539,44.88061784699003,45.03151331618372,375099000,58.88894025940828,56.04228789407425,54.419234427555025,44.006378936767575,44.89750724792481,43.631750411987305,33.7277769613266,45.65019912965438,44.954614213304886,44.78169271062777,44.22110982918089,42.419249499470816,45.25732262769361,43.95851605723685,42.65970948678009,52846911000,0.426671419884201,0.08679163142816387,0.3398797884560371,74.68224536022637,76.14632415297486,NVDA
2023-10-17,43.90729904174805,44.72273077097073,42.45031760329598,43.96925599511655,812333000,37.70075258526245,46.00531122791159,48.31252487610067,44.02726440429687,44.86802261352539,43.76571350097656,33.874375429153446,45.262887999008534,44.859403743163355,44.73172735812036,44.20990230105829,42.45231726707698,45.274136891945226,43.97380747893645,42.67347806592768,52034578000,0.2833786462327694,0.126109034389085,0.15726961184368443,33.18162505685523,57.31466613591607,NVDA
2023-10-18,42.166507720947266,43.18879535339014,41.79576863478219,42.56123210689282,627294000,27.953582441053825,39.805053918083345,44.13127412133824,44.02511558532715,44.81877044677734,43.80791454315185,34.01221499443054,44.5748034927727,44.61459501387098,44.58514337885333,44.13692392319719,42.44596594382965,45.24307901332605,43.922287712792134,42.601496412258214,51407284000,0.029016297738472474,0.10669048705896249,-0.07767418932049001,6.4142045056685815,38.09269164091673,NVDA
2023-10-19,42.07158279418945,43.26674621056965,41.85273405618411,42.78108575212414,501233000,27.488537456462197,39.49249310189488,43.91460641466356,44.07927761077881,44.809786834716796,43.839514846801755,34.15107335090637,44.018532226420874,44.383412084809024,44.44151134544396,44.063161740018344,42.437646318282084,45.2132586465933,43.90507754882274,42.596896451052174,50906051000,-0.17817347142421625,0.04971769536232675,-0.227891166786543,4.7718961663770525,14.789241909633626,NVDA
2023-10-20,41.35808181762695,42.4403252529677,41.049295810508625,41.860728698935155,477266000,23.90191447674387,37.13230197180506,42.28329816557854,44.06813545227051,44.78985046386719,43.85234046936035,34.28419649600983,43.427321024466664,44.10838206051974,44.265315372425846,43.96655174279008,42.4136559960453,45.23949427068595,43.91836969750448,42.597245124323,50428785000,-0.39538862805611075,-0.039303569321360754,-0.35608505873475,4.731306514278585,5.305802395441411,NVDA
2023-10-23,42.944969177246094,43.217781037891605,40.91638888400306,41.20019083203981,478530000,43.55706777741171,45.004499677491886,46.87216874594017,44.105758857727054,44.83228797912598,43.90378482818603,34.42767153263092,43.320131725084316,44.002617252949406,44.18986701841557,43.93006665116351,42.42546295562754,45.34210497330848,43.9534562487603,42.56480752421211,50907315000,-0.4344762847290724,-0.1183381124029031,-0.3161381723261693,30.462138446823054,13.321780375826236,NVDA
2023-10-24,43.63248825073242,43.66646488934986,42.66117113532344,43.04689918780669,401463000,50.23913068164605,48.04020225736926,48.71890715139741,44.193297386169434,44.83056137084961,43.942761459350585,34.57161728858948,43.38954428633945,43.968969161838764,44.15801680311939,43.91943885114811,42.452285739963195,45.390594487545236,44.01874375911347,42.6468930306817,51308778000,-0.4053043940981027,-0.175731368741943,-0.2295730253561597,40.78625589543073,25.326566952177462,NVDA
2023-10-25,41.74980545043945,43.61950024898592,41.525962950621626,43.36767362465919,398379000,36.1686964841356,41.31484609253119,44.30952308894513,44.158871459960935,44.78744392395019,43.967337417602536,34.702308688163754,43.025157878361675,43.76722700625701,44.02040472582339,43.841951943979936,42.43667506686267,45.44433453399209,44.02822902820179,42.612123522411494,50910399000,-0.5280155932670354,-0.24618821364696147,-0.2818273796200739,12.514984452537865,27.921126264930553,NVDA
2023-10-26,40.297821044921875,42.22647269652664,39.852133556535904,41.8237544285133,541001000,28.723600456900144,37.0114080953023,41.29597538423474,44.0208179473877,44.72435974121094,43.97895206451416,34.82433663368225,42.41908302648616,43.45182646431745,43.8076856583433,43.71537584044215,42.389144977486204,45.42675942501836,43.956739268932104,42.486719112845854,50369398000,-0.7339673902837873,-0.34374404897432664,-0.3902233413094607,5.7704594275376975,19.690566591835438,NVDA
2023-10-27,40.47169876098633,41.177206691835266,39.987037067133414,41.1012595868594,416784000,30.771394388984092,37.846324293179215,41.79160104002289,43.87097282409668,44.66759078979492,43.99747089385986,34.94677446365356,41.9863309674862,43.180905764014625,43.61705783563718,43.59953023046158,42.346535061563976,45.31019029380572,43.84683193667237,42.38347357953904,50786182000,-0.8730907480292771,-0.44961338878531676,-0.42347735924396035,8.02171020762226,8.769051362565948,NVDA
2023-10-30,41.132240295410156,41.73681712722262,40.45271510334961,41.05829449956598,388028000,38.78839171241142,41.043409662111294,43.68006796967669,43.690049171447754,44.624932022094725,44.03433601379395,35.06996768951416,41.796533040358185,42.99466344868694,43.47506826190992,43.511412732781174,42.31955073342722,45.2118782588576,43.727201560632416,42.24252486240724,51174210000,-0.9194480056475811,-0.5435803121577697,-0.3758676934898114,16.573954154159246,10.122041263106409,NVDA
2023-10-31,40.75150680541992,40.850440472726774,39.20259051438913,40.421739350493176,517969000,35.91187789198348,39.77346024385244,42.842491338935375,43.55329513549805,44.50135589599609,44.05705188751221,35.18931928634643,41.564304988149686,42.79074011748085,43.31943617868192,43.41284466394684,42.28470531280483,45.02274078370417,43.52212271199827,42.021504640292385,50656241000,-0.9756616567648777,-0.6299965810791913,-0.3456650756856864,18.498613634959447,14.36475933224699,NVDA
2023-11-01,42.29542922973633,42.35138985981638,40.840445223590976,40.8554341335007,437593000,52.906493959767275,46.942759783816854,47.13964489162904,43.46755504608154,44.43461784362793,44.09260902404785,35.31237973213196,41.726777041835604,42.745711854958614,43.26092149588503,43.3729369698679,42.284943622069974,44.904823518831364,43.42190742146514,41.938991324098915,51093834000,-0.885423136962423,-0.6810818922558377,-0.20434124470658532,39.24680532848108,24.773124372533264,NVDA
2023-11-02,43.47560119628906,43.85333542629518,42.864029312260996,43.297724168934685,409172000,62.12033996509645,51.67796228720554,50.13552095243316,43.40849628448486,44.36254570007324,44.13285339355469,35.44296431541443,42.115404631714156,42.8120654314432,43.27318890733669,43.37660354938294,42.311402679274835,44.8925301378605,43.4029998057851,41.91346947370972,51503006000,-0.7104883775407558,-0.6869631893128214,-0.023525188227934368,61.129379974513846,39.62493297931814,NVDA
2023-11-03,44.97355270385742,45.27733731815709,43.69244703893823,43.989240387189966,424610000,70.81686228491938,56.931919803773425,53.62331687875784,43.37067279815674,44.31949340820312,44.172689285278324,35.58409543037415,42.75054864774599,43.00856427438995,43.37035255285216,43.43363744775703,42.37056156871,44.928742571953,43.41189812930478,41.895053686656574,51927616000,-0.44583978904208976,-0.638738509258675,0.19289872021658527,94.9992217928945,65.12513569862982,NVDA
2023-11-06,45.719024658203125,45.902897984203655,44.867618920829024,45.25335073613619,400733000,74.33558976703887,59.30339061132074,55.25176671051521,43.39455585479736,44.31423286437988,44.20024532318115,35.72358956336975,43.41020998340313,43.2549697638275,43.50456238744364,43.51525841955868,42.444971859587625,44.91013640283838,43.42788669521443,41.94563698759048,52328349000,-0.1739453852957027,-0.5457798844660806,0.3718344991703779,97.25574793651045,84.46144990130628,NVDA
2023-11-07,45.92289733886719,46.18571028109841,45.12645324436262,45.68706214915863,343165000,75.31246770074802,59.952841600767854,55.696546616246046,43.402400970458984,44.296722412109375,44.23327739715576,35.85734020233154,43.96858495128403,43.49750863428565,43.642752956096416,43.60124552381969,42.52225909246051,44.93478614318355,43.460959202243295,41.987132261303046,52671514000,0.057322927040566185,-0.4251593221647513,0.48248224920531746,96.23645374830699,96.16380782590399,NVDA
2023-11-08,46.54145431518555,46.834248828049994,45.93587499644732,46.06778272127609,346719000,78.31732464223211,61.937521968577556,57.050649602037176,43.39080924987793,44.25263374328613,44.27210540771485,35.993824014663694,44.5403336988177,43.77423096891292,43.808393033758655,43.70625298065419,42.611574541854395,44.95775444865463,43.496870624488466,42.03598680032229,53018233000,0.2872063729699903,-0.28268618313780297,0.5698925561077932,96.16342214456408,96.55187460979386,NVDA
2023-11-09,46.91719436645508,48.19629874432979,46.71733335440422,47.43383140399592,540496000,80.0843008558598,63.132753482414905,57.86842630269653,43.391058921813965,44.20646728515625,44.30353954315186,36.131896839141845,45.06852495829267,44.05995491414402,43.986038824198445,43.82092945871851,42.707254982401075,45.02481880814559,43.53200503875788,42.039191269370164,53558729000,0.49401504412172415,-0.12734593768589755,0.6213609818076217,85.77778659066918,92.72588749451343,NVDA
2023-11-10,48.30121994018555,48.43812523395567,47.249956995666594,47.46680439879944,421245000,85.35836388645443,67.216440001056,60.7466011920825,43.534658432006836,44.18616271972656,44.35643795013428,36.27449732780457,45.78690162093553,44.445524461965974,44.232620602254855,43.98093983305662,42.831565314796286,45.07138892755507,43.58285789625895,42.09432686496283,53979974000,0.7608214271835294,0.05028753528798785,0.7105338918955415,98.51762461051584,93.48627778191639,NVDA
2023-11-13,48.58601760864258,49.08167314175015,48.065381835668106,48.28622804602199,384136000,86.25704078342099,68.00188024711088,61.31512436795877,43.660819625854494,44.18846084594727,44.41238418579101,36.41570976257324,46.40892739598154,44.821932929845666,44.48138614547701,44.145406896470405,42.959442032437316,45.158962364641326,43.70940409615259,42.25984582766385,54364110000,0.9839063398617611,0.23701129620274253,0.7468950436590186,94.98277773550744,93.09272964556418,NVDA
2023-11-14,49.621299743652344,49.799176764113575,49.00573287416369,49.645285046741414,416954000,89.15950364760712,70.7456892831718,63.33334941726717,43.946519660949704,44.210685119628906,44.48683689117431,36.568107252120974,47.12278791768617,45.25823900382809,44.77509549394417,44.340974498155475,43.10748331490876,45.31347319639129,43.88861199535568,42.46375079432006,54781064000,1.2300619678028966,0.43562143052277336,0.7944405372801232,98.32137429669052,97.2739255475713,NVDA
2023-11-15,48.85383605957031,49.92508551038347,48.166317129461184,49.9001052683663,475497000,75.05804541991351,66.21299475829562,60.87212551993123,44.28088607788086,44.24719955444336,44.56937259674072,36.714794397354126,47.50746528254931,45.58511146344102,45.00816638340852,44.50214812534886,43.235180042567904,45.540837591996734,44.140435666520766,42.74003374104478,54305567000,1.347678966829406,0.6180329377841,0.7296460290453061,90.00932664260186,94.43782622493329,NVDA
2023-11-16,49.445430755615234,49.49040129899944,48.296236480687845,48.64499167888518,339756000,78.24133605425334,67.91928023240747,62.06031043007592,44.64957847595215,44.3119344329834,44.645394020080566,36.85741693496704,47.93812427656397,45.936049580911394,45.26172434753462,44.67869393357266,43.37318561396895,45.85011395906489,44.45918164788874,43.0682493367126,54645323000,1.4716636117132538,0.7887590725699307,0.682904539143323,95.52664976810507,94.61911690246582,NVDA
2023-11-17,49.26355743408203,49.68226341163358,48.9727603803161,49.489397461523026,325205000,74.72308695354627,66.8023573390478,61.46045933021771,45.0448522567749,44.38640251159668,44.72718078613281,36.99530416488648,48.23266497823465,46.238550294835996,45.490400523908754,44.842439058590855,43.504082765527016,46.14557413042814,44.78818987273142,43.4308056150347,54320118000,1.5375230700986577,0.9385118720756762,0.5990111980229815,93.83046504989214,93.12214715353304,NVDA
2023-11-20,50.373779296875,50.512682115669016,49.14663666812377,49.27754565599921,414120000,80.98610259899921,70.04113364734584,63.69962661488032,45.41629276275635,44.490949630737305,44.82301746368408,37.141784286499025,48.70846816015472,46.61448020411227,45.76945073950682,45.03998692424386,43.65674268844586,46.54415259415549,45.18795805050229,43.831763506849086,54734238000,1.6601654374314023,1.0828425851468215,0.5773228522845808,98.56390181150564,95.9736722098343,NVDA
2023-11-21,49.90909957885742,50.48169721701578,49.187603987551,50.090971605091276,565747000,72.02304607793994,67.09083792855265,62.12033300488228,45.730123329162595,44.59235870361328,44.899418869018554,37.285995931625365,48.975275142088655,46.91399105636182,46.00600210175543,45.21388380476578,43.79568395267722,46.8533171165525,45.54508918834805,44.236861260143606,54168491000,1.7002650304863494,1.2063270742147272,0.4939379562716222,92.10864249789644,94.83433645309809,NVDA
2023-11-22,48.68196105957031,50.29982932340877,47.65667696410155,49.817168906440536,899420000,53.32176780086412,59.91352607126112,58.14062924030495,46.07673110961914,44.65693359375,44.96243984222412,37.41865760803223,48.910094234862356,47.07471560210805,46.15891404220199,45.33774370672309,43.90426788838595,47.19604598778293,45.80982479266036,44.42360359753777,53269071000,1.614414459056512,1.2879445511830843,0.32646990787342767,73.15750798173015,87.94335076371077,NVDA
2023-11-24,47.74262237548828,48.88682288112686,47.71164199032287,48.436137757840115,294645000,43.0531000675049,55.05804063752266,55.305213049646866,46.44897117614746,44.70080299377442,45.017026596069336,37.54646276473999,48.650656043890336,47.13543439968807,46.249411661246924,45.42363223060756,43.989564654766006,47.42923248578627,46.08674254816656,44.74425261054685,52974426000,1.453821729330791,1.3211199868126255,0.13270174251816536,50.92951762324335,72.06522270095665,NVDA
2023-11-27,48.208290100097656,48.49608705256933,47.6187022270162,47.766597618423056,395662000,48.906526528492954,56.9218579990341,56.40703787353323,46.83580074310303,44.787582321166994,45.07840835571289,37.67593693733215,48.55235250082529,47.23296673608894,46.36134757203839,45.523084297375064,44.08331410910671,47.70630850385589,46.43510210501892,45.163895706181954,53370088000,1.348580728468015,1.3266121351437035,0.021968593324311447,57.216968112005894,60.43466457232648,NVDA
2023-11-28,47.7875862121582,48.28923817471284,47.439829789625705,48.20229716306376,401491000,44.00304601564613,54.71417713534885,55.12353084342168,47.16856803894043,44.86462867736817,45.13158622741699,37.80866195678711,48.38240443667705,47.28338668845887,46.442846922902376,45.603959365760176,44.165631266952296,48.037394661597126,46.7824149884561,45.52743531531506,52968597000,1.2171980874040855,1.30472932559578,-0.0875312381916944,40.458581003644646,49.53502224629798,NVDA
2023-11-29,48.106361389160156,48.727928411184934,47.826558260033494,48.345196613263326,382005000,48.68148461956423,56.10342740957499,55.9181120146138,47.53631076812744,44.956964111328126,45.19117923736572,37.94036859512329,48.32106153722885,47.3582025703408,46.53790489240282,45.69333086659589,44.2532030474458,48.35788481899762,47.12113047312905,45.884376127260474,53350602000,1.1258211253353068,1.2689476855436854,-0.14312656020837866,36.5981658637623,44.75790499313763,NVDA
2023-11-30,46.737327575683594,48.0763916225083,46.38957111066741,47.9904493527191,526247000,34.02934505796827,49.132346880531934,51.800122722373075,47.758405685424805,45.04752098083496,45.234833793640135,38.059321317672726,47.96912065688546,47.301759389008325,46.54930047430458,45.73061646334903,44.30840581473997,48.68353028212196,47.44492019561038,46.20631010909879,52824355000,0.9321889434333102,1.2015959371216103,-0.2694069936883001,8.434322156117819,28.4970230078416,NVDA
2023-12-01,46.73232650756836,47.16702396235708,46.1547312180282,46.49249632095064,369317000,33.98450687076229,49.10834201617321,51.785558237606814,47.92124195098877,45.1624006652832,45.263479957580564,38.179282932281495,47.69427751259276,47.249992763422874,46.559759104776795,45.76639182207115,44.36227071902504,48.89100427734609,47.676139519020055,46.46127476069402,52455038000,0.7694606365842773,1.1151688770141437,-0.34570824042986636,13.253827386004707,19.42877180196162,NVDA
2023-12-04,45.47819519042969,46.04480030339198,44.97854459860675,46.04480030339198,437543000,24.33528358847441,43.38399195519253,48.230311076582076,47.94647407531738,45.240346069335935,45.258851051330566,38.29677985191345,47.2018147743343,47.088920256787134,46.49795545252839,45.75609908522681,44.387069040611806,48.994804641311745,47.77627561675947,46.557746592207195,52017495000,0.5331535032233106,0.9987658022559771,-0.46561229903266654,9.028517818403774,10.238889120175449,NVDA
2023-12-05,46.53755569458008,46.571531508809755,45.243344800588865,45.43822537417424,371718000,41.245057456898834,48.81181963886899,51.189548949938775,47.98740062713623,45.32724716186524,45.2698917388916,38.42264037132263,47.05420164550003,47.0387962056774,46.50021832350277,45.78400824984657,44.43485763292221,49.052566295756705,47.84626125077576,46.63995620579481,52389213000,0.4264441540183199,0.8843014726084457,-0.4578573185901258,28.17080513750785,16.81771678063879,NVDA
2023-12-06,45.47520065307617,47.358052404807324,45.3842566412969,47.18615659482553,380590000,32.503613328094815,44.232137617294654,48.29527254773289,47.96501579284668,45.39911682128906,45.26039665222168,38.54685022354126,46.7033125360725,46.89665115544092,46.44164588519268,45.77297940710477,44.457976366703406,49.12468563284165,47.87368931642567,46.62269300000969,52008623000,0.2532339294896673,0.7580879639846901,-0.5048540344950229,8.974407537546401,15.391243497819355,NVDA
2023-12-07,46.56753158569336,46.600512368918565,45.57613709541874,45.67207911260122,350823000,46.495272685103785,49.4806619041251,51.25774308275804,47.96631965637207,45.48170097351074,45.251502990722656,38.67602725982666,46.67313899154381,46.866731194554774,46.448839353792714,45.80135627062579,44.504855371569846,49.14697888515903,47.897643605087616,46.648308325016195,52359446000,0.20177956666899632,0.6468262845215514,-0.4450467178525551,28.71245938843426,21.95255735449619,NVDA
2023-12-08,47.47697830200195,47.71183534651791,46.52156105756746,46.566535548739374,359224000,55.675209006453755,53.4119548846485,53.5731188228065,47.99430885314941,45.570062713623045,45.25587055206299,38.79521687507629,46.85176994942339,46.9222082043227,46.50759015083324,45.86119991460351,44.570902547801666,49.19895504291216,47.935719741062286,46.672484439212404,52718670000,0.2317152932054185,0.5638040862583249,-0.3320887930529064,45.145855080259494,27.6109073354134,NVDA
2023-12-11,46.59851837158203,47.50196552269277,45.80200812005124,47.46199285274284,509728000,46.43966405529829,49.41213223868019,51.12087324262289,47.909173774719235,45.63266105651856,45.2670112991333,38.91190220832825,46.7954918210142,46.89278185589173,46.51278604916173,45.88753271663846,44.615960677219,49.178869988742086,47.905111257715255,46.63135252668843,52208942000,0.18245200423941554,0.48753366985454305,-0.3050816656151275,29.437195100789637,34.431836523161145,NVDA
2023-12-12,47.62789535522461,47.63688873008438,46.017879199850015,46.017879199850015,372387000,56.57000746746155,53.77999909271703,53.71626590356049,47.86126766204834,45.69020469665527,45.30054634094238,39.03266053199768,46.98047038417207,46.959610355831074,46.57650658093675,45.949688525159395,44.68289255895245,49.15642371876092,47.8621487357367,46.56787375271248,52581329000,0.22389172805532098,0.43480528149469866,-0.21091355343937768,49.787803014363725,41.45695106513764,NVDA
2023-12-13,48.058624267578125,48.56431567041087,47.5789179572985,47.59990503689136,447792000,60.33686132323939,55.51097168508697,54.76694544598892,47.78313388824463,45.781645431518555,45.33536098480224,39.15699604034424,47.22006013604008,47.05952071144444,46.6611990201734,46.0250076588172,44.757908819144134,49.13064760019454,47.83784374064506,46.54503988109558,53029121000,0.2881674166110315,0.4054777085179653,-0.11731029190693376,78.80911865327299,52.67803892280879,NVDA
2023-12-14,48.320457458496094,48.64026163902283,47.393026859915174,48.360433934153576,391232000,62.69698555978804,56.575603381229264,55.41022974329903,47.75646495819092,45.86784996032715,45.36213233947754,39.28522795677185,47.46459287436364,47.174151324812776,46.75601378807755,46.106988008805736,44.83707656668528,49.08761441357514,47.773201464065764,46.458788514556396,53420353000,0.3561288810898873,0.3956079430323497,-0.03947906194246242,89.13232218793168,72.5764146185228,NVDA
2023-12-15,48.860130310058594,49.373816223552424,48.09060027989247,48.164556381448534,479948000,67.48272499398516,58.765855054624964,56.73604875564747,47.727199935913085,45.95191703796387,45.39656867980957,39.41308148384094,47.77471230451807,47.32742214165331,46.87624901790504,46.205314519564766,44.926477760982465,49.05511680726247,47.76334921190844,46.47158161655442,53900301000,0.44836741969693605,0.40615983836526703,0.04220758133166902,88.31276068176605,85.41806717432358,NVDA
2023-12-18,50.04640579223633,50.4021872923408,49.1199739909024,49.369821256751614,412587000,75.7045226811791,63.16402552344695,59.50318184828242,47.766342353820804,46.03824470520019,45.43839122772217,39.543989429473875,48.27953307956657,47.574602473524486,47.05740083358111,46.34249635073161,45.04025393945477,49.09639687058877,47.80043649032395,46.50447611005912,54312888000,0.6101561431702365,0.44695909932626093,0.16319704384397554,93.44017443266486,90.29508576745421,NVDA
2023-12-19,49.57369613647461,49.66963815936467,48.865129643017234,49.39380579664743,464444000,67.53877449704949,60.399369694842306,57.9588601356395,47.72633819580078,46.12489135742187,45.466993446350095,39.6742120552063,48.56712486999058,47.75633826106541,47.201189136603595,46.45789634307957,45.14099709938855,49.10393495261916,47.803450501638636,46.502966050658095,53848444000,0.6922513113216553,0.49601754172533985,0.19623376959631544,84.724451763326,88.825795625919,NVDA
2023-12-20,48.081607818603516,49.9684548790202,48.0686152726536,49.624663268494515,397894000,47.9488213853306,52.576788675648565,53.38655993453437,47.63496360778809,46.17120361328125,45.48088455200195,39.798283081054684,48.45923219190456,47.785908220841605,47.251498775575016,46.515886038633994,45.20634400425999,49.067220069540966,47.74131684909275,46.41541362864454,53450550000,0.629654995355736,0.5227450324514191,0.10690996290431687,57.213636576423866,78.45942092413826,NVDA
2023-12-21,48.96007537841797,49.065010780060334,48.38942122420045,48.781183869365606,300425000,56.801273882654606,56.17552683507417,55.545151089846456,47.648869323730466,46.21493934631348,45.50577854156494,39.92228539466858,48.57053067779643,47.892650689712184,47.349131724308904,46.60317851505485,45.289760257019054,48.98754698348446,47.69109631892219,46.39464565435991,53750975000,0.6435139264177181,0.5468988112446789,0.09661511517303922,73.41063939206565,71.78290924393852,NVDA
2023-12-22,48.800167083740234,49.352826795671184,48.437386098484225,49.16494193668389,252507000,54.76668801029671,55.35210313459643,55.05992375054911,47.70174655914307,46.25269866943359,45.551436004638674,40.04920987129211,48.62156099022839,47.975152180078375,47.43204803056212,46.6816423925079,45.36776929761285,48.9045117079996,47.69033302734782,46.47615434669604,53498468000,0.6342823540114466,0.5643755197980325,0.06990683421341415,68.9461306259707,66.52346886482007,NVDA
2023-12-26,49.2488899230957,49.569692938536456,48.93008458769596,48.93807912022649,244200000,59.63532943995408,57.24595199161564,56.18286094326919,47.75377655029297,46.32909187316895,45.599122581481936,40.18073089599609,48.76096741975446,48.090946520352674,47.53586756727833,46.773329804314606,45.45401642262358,48.93309682835674,47.74442160198894,46.55574637562113,53742668000,0.655616905789735,0.582623796996373,0.07299310879336196,77.01647453009,73.12441484937546,NVDA
2023-12-27,49.386810302734375,49.64965012045702,49.05501239405432,49.48075464580007,233648000,61.17658498384317,57.83792410407034,56.53187904512675,47.833737754821776,46.39557220458985,45.64653972625732,40.312936525344846,48.900043615972216,48.20875231875101,47.6416357235901,46.86666839354389,45.5414118421816,48.97944844962835,47.80423737083913,46.62902629204992,53976316000,0.6758627882562749,0.6012715952483534,0.0745911930079215,78.96049671729467,74.97436729111847,NVDA
2023-12-28,49.49175262451172,49.85353103645047,49.38181919963959,49.612680916818,246587000,62.48452305749506,58.31091553497782,56.80556913374682,47.90300731658935,46.50726127624512,45.68764194488526,40.440186710357665,49.031534506758774,48.3253887101838,47.74735668935705,46.96042140179274,45.629197192900044,49.04416843437877,47.88694290550747,46.72971737663617,54222903000,0.6923942741110807,0.6194961310208988,0.07289814309018183,80.20871288419954,78.72856137719475,NVDA
2023-12-29,49.49175262451172,49.966464794426166,48.721223622528726,49.78257525535323,389293000,62.48452305749505,58.31091553497782,56.80556913374681,48.04072856903076,46.65376617431641,45.736268310546876,40.56661262512207,49.133805199592764,48.43142179330452,47.847036457080165,47.05082608831842,45.71503175804697,49.11639392712997,47.94279358774696,46.76919324836395,54612196000,0.6974557599048978,0.6350880567976986,0.06236770310719919,80.20871288419954,79.7926408285646,NVDA
2024-01-02,48.13856887817383,49.26487918925224,47.565920930034586,49.213911661432995,411254000,38.43900353601481,49.93368651579422,52.17565900424124,48.11104068756104,46.77510589599609,45.79244636535645,40.67971341133118,48.912641572610774,48.404798801019915,47.86369545257123,47.089674045098974,45.76888813849423,49.17675094190349,48.00257261455016,46.82839428719682,54200942000,0.5855268159055171,0.6251758086192624,-0.039648992713745224,48.36999666962323,69.59580747934079,NVDA
2024-01-03,47.539939880371094,48.15456203597886,47.2910914479061,47.45599156277329,320896000,31.91843432021932,46.73495342234877,50.280324577507585,48.214127922058104,46.898743057250975,45.84429676055908,40.78890188217163,48.60759675211307,48.32617526277912,47.845195134159795,47.10575496778726,45.808244843869275,49.21619610392785,48.04910454592003,46.88201298791223,53880046000,0.4434066483786552,0.588821976571141,-0.14541532819248582,7.9987388659256435,45.52581613991615,NVDA
2024-01-04,47.968685150146484,48.47037744345509,47.47898275214211,47.73782343312168,306535000,40.581261543527894,49.242840389211295,51.59687665015532,48.28568439483642,46.999217376708984,45.91575267791748,40.8993598651886,48.465616396120495,48.29367616163069,47.852251706501896,47.13657390287152,45.856254628453215,49.330353599370675,48.16682685152822,47.00330010368575,54186581000,0.3612077734222723,0.5432991359413673,-0.18209136251909497,21.77990444918319,26.049546661577367,NVDA
2024-01-05,49.06700897216797,49.51673484987403,48.27649179251623,48.43239854255895,415039000,57.2880182428167,55.077854166287686,54.80214088254691,48.465274810791016,47.1079077911377,45.96923458099365,41.013815755844114,48.59925919079771,48.36397914440681,47.9216664073971,47.20551801248924,45.927604724980206,49.46121030822767,48.301871353283445,47.142532398339235,54601620000,0.38030619310861624,0.5107005473748171,-0.13039435426620083,57.083343396145445,28.953995570418105,NVDA
2024-01-08,52.22108459472656,52.24307433001581,49.44878056633185,49.48176135689829,642510000,78.30699038155375,66.85998132752516,62.29771605786204,48.747952461242676,47.317333374023434,46.05238864898681,41.142698221206665,49.40410928055967,48.714625094435874,48.16734744667306,47.38464539042629,46.06745983319679,49.7494154477898,48.55100515950398,47.35259487121817,55244130000,0.6425425408948016,0.5370689460788141,0.1054735948159875,99.55594080567828,59.47306288366898,NVDA
2024-01-09,53.107540130615234,54.29181767502081,51.65842506490768,52.36899311649789,773100000,81.39487122497823,69.29728442129745,64.04950578419053,49.02948055267334,47.5735277557373,46.148943748474125,41.27240117073059,50.22709391390535,49.11398100681582,48.44964417146976,47.58903448829019,46.22390606202831,50.148473445097,48.873443283639105,47.598413122181235,56017230000,0.9113903485372674,0.6119332265705048,0.29945712196676266,83.08350439674793,79.9075961995239,NVDA
2024-01-10,54.31679916381836,54.56664645309511,53.45632503855136,53.58325017590931,533796000,84.91086894503209,72.29108817604605,66.28370405487993,49.41539459228515,47.85042976379395,46.259010276794434,41.41020857810974,51.13591730277491,49.58696447563423,48.784910171032536,47.82931179813048,46.40374813095698,50.47211689471853,49.20089401299432,47.929671131270084,56551026000,1.2081049885293353,0.7311675789622709,0.47693740956706443,96.56593498229954,93.06846006157525,NVDA
2024-01-11,54.78850555419922,55.312187494704844,53.527279337957886,54.965399369459846,596759000,86.1371813254811,73.38144372703997,67.11708717953553,49.77342510223389,48.12355506896973,46.374243545532224,41.551613416671756,51.9476035808692,50.05983184641287,49.12797276435634,48.0778544322758,46.59007607369569,50.85275709527174,49.577488939542505,48.302220783813254,57147785000,1.4644351451514552,0.8778210922001078,0.5866140529513474,93.47119224791443,91.04021054232065,NVDA
2024-01-12,54.67657470703125,54.93641799826661,54.29680960809761,54.58662953889082,352994000,84.18890295270067,72.65088973215052,66.7080467315325,50.104322624206546,48.40205642700195,46.451706161499025,41.69306307792664,52.55404160890521,50.47953574283272,49.4450357325092,48.31352301351707,46.769776043325365,51.16527988270096,49.936649876498635,48.70801987029631,56794791000,1.639645939367334,1.030186061633553,0.609459877733781,92.07573648332924,94.03762123784774,NVDA
2024-01-16,56.34755325317383,56.80027560728274,54.86646024002656,54.98438817814625,449580000,88.7481013721859,76.42431800689451,69.59964556301401,50.50567741394043,48.6830989074707,46.55885837554931,41.84000018119812,53.397044196520454,51.012991880136454,49.8394653051186,48.600452664933385,46.98261553687755,51.58841772663155,50.3146249749938,49.04083222335606,57244371000,1.891531363708907,1.2024551220486237,0.6890762416602834,95.23910414898735,93.59534429341035,NVDA
2024-01-17,56.01875686645508,56.43650076516492,54.70655929384397,56.3125759716749,474394000,83.09070824907451,74.25336762387661,68.37791362552636,50.86360874176025,48.93396202087402,46.64825386047363,41.983300065994264,53.97964701206148,51.46806142434724,50.192567680052115,48.86539210070202,47.18341867753483,51.97343663210249,50.67665784750221,49.37987906290194,56769977000,2.041092809324212,1.3701826595037414,0.6709101498204706,91.78143226875001,93.03209096702221,NVDA
2024-01-18,57.072113037109375,57.5648119047759,56.07272391506558,57.225019450786334,491650000,86.41898215961432,76.55145779167108,70.13382223180828,51.2148941040039,49.17593322753906,46.747713317871096,42.12989847183228,54.666861684294346,51.977520661871075,50.58568455759824,49.15848927700228,47.40316744108093,52.370448031810405,51.063722959302964,49.75699788679553,57261627000,2.219038675663903,1.5399538627357736,0.6790848129281293,95.20427999053577,94.07493880275773,NVDA
2024-01-19,59.454654693603516,59.463648066531206,57.19003646845247,57.953569636409725,543501000,91.14807523910261,80.73912837757845,73.60024619110956,51.70894203186035,49.45064582824707,46.882439346313475,42.287470445632934,55.73081568636305,52.6572601193013,51.092482851084256,49.52620947045233,47.670978268914766,52.83892369916008,51.48498918395547,50.13105466875087,57805128000,2.523227065756771,1.7366085033399732,0.7866185624167978,99.92611763321824,95.63727663083468,NVDA
2024-01-22,59.617557525634766,60.29414590763177,59.03391464914335,60.01231668308295,452955000,91.39395266107775,80.98912354776769,73.81746975416492,52.285739517211915,49.724539031982424,47.010630722045896,42.44841464996338,56.5945360950901,53.29001442896798,51.57962997534428,49.88661475813741,47.93645780795298,53.350103419318415,51.974467821154725,50.598832222991035,58258083000,2.7457916763248207,1.938445137936943,0.8073465383878777,94.7966965447034,96.64236472281915,NVDA
2024-01-23,59.83642578125,59.8734019281728,58.549210583878605,59.53360947543731,294654000,91.76284006305768,81.33956563313666,74.1166186229469,52.82955703735352,49.99043846130371,47.121536102294925,42.61331064224243,57.314956025347854,53.88514273372089,52.0514468785389,50.241965151820004,48.20090154069291,53.83285604688678,52.48463227072654,51.1364084945663,58552737000,2.9063341616756517,2.1320229426846846,0.7743112189909671,96.47990302740432,97.06757240177534,NVDA
2024-01-24,61.32451248168945,62.810603561548206,59.901382639629475,60.26716017281773,560271000,93.89712089745359,83.55868565295944,76.06079676698702,53.45577430725098,50.2785848236084,47.242526054382324,42.78486777305603,58.205968571201545,54.5614490744453,52.581336341576076,50.637770413601054,48.49253733938173,54.5363939103529,53.08180673580889,51.627219561264894,59113008000,3.1177024649152045,2.3291588471307887,0.7885436177844158,90.30701907950254,93.86120621720345,NVDA
2024-01-25,61.5793571472168,62.680685096135214,60.81282362309359,62.3119072339738,482777000,94.20565756307134,83.91154798304062,76.37846632873391,54.07229766845703,50.54414756774902,47.365155143737795,42.954991521835325,58.95561047698271,55.19944071742453,53.09550895904126,51.02854136837304,48.783355557333614,55.19258038997376,53.692639845150964,52.192699300328165,59595785000,3.2681045280661394,2.516947983317859,0.7511565447482802,91.52857474954305,92.77183228548331,NVDA
2024-01-26,60.99371337890625,61.74525668401416,60.535996808090815,60.92275760795634,390309000,82.67892862226307,79.67943111533066,74.01869210225071,54.652642822265626,50.7923014831543,47.49038116455078,43.124235248565675,59.40852223296572,55.72619277755923,53.546834925890685,51.384440368749225,49.05469684225745,55.783616167702824,54.25654935978084,52.72948255185887,59205476000,3.3019795244808137,2.67395429155045,0.6280252329303635,86.40237800416593,89.4126572777372,NVDA
2024-01-29,62.426841735839844,62.450825336358335,60.869794823781135,61.1945932389414,348733000,87.25739574314493,82.06345671859282,75.92186840597444,55.29939727783203,51.04841232299805,47.629548721313476,43.30401162147522,60.07925990027108,56.335342682857465,54.05426388645921,51.778811846145324,49.35185561767039,56.4283013651196,54.854263472141696,53.28022557916378,59554209000,3.405213997159592,2.820206232672279,0.5850077644873131,96.5588622364324,91.49660499671381,NVDA
2024-01-30,62.73564910888672,63.45421163481392,62.221963176710254,62.861575397836866,410735000,88.0726149544272,82.53883093808142,76.31274571618997,55.96159210205078,51.326048583984374,47.786624069213865,43.48549189567566,60.66956861329678,56.917188721587394,54.55034304202649,52.1701274626718,49.64927325080853,57.094433602003534,55.48417967944025,53.87392575687698,59964944000,3.4719240554027166,2.950549797218367,0.5213742581843497,92.81285580698805,91.92469868252881,NVDA
2024-01-31,61.48940658569336,62.230953792991116,60.662912229529944,61.40245794445025,453795000,67.24013628047896,74.0135676097872,71.42100220579248,56.629133987426755,51.56692810058594,47.939431266784666,43.659267263412474,60.851754829384916,57.33284489105157,54.94686095880745,52.50295885992257,49.91238732491708,57.684469042343835,56.05884367256323,54.433218302782635,59511149000,3.3852083264734674,3.037481503069387,0.34772682340408023,80.20732900794702,89.85968235045584,NVDA
2024-02-01,62.98849868774414,63.1523999678792,61.61234096321601,62.06206301871128,369146000,75.57847926587641,77.08025622518466,73.55294170444662,57.40156192779541,51.84142692565918,48.11391471862793,43.839319171905515,61.32658679790919,57.846995236205444,55.40638311474669,52.87744242520191,50.20296757742434,58.356011468656774,56.737952730045436,55.119893991434104,59880295000,3.398276474895077,3.1096404974345253,0.2886359774605518,94.91435512265285,89.31151331252933,NVDA
2024-02-02,66.11958312988281,66.55930912654547,63.65108714697043,63.93491403332179,476578000,85.09017467511035,81.8879935556849,77.25750931863818,58.30910682678223,52.15634300231934,48.32364631652832,44.03170444488526,62.391697093903325,58.5990486810852,56.018565972754466,53.350376021797665,50.55667014525675,59.30011686887344,57.584689016381034,55.86926116388864,60356873000,3.6195613731749816,3.2116246725826167,0.40793670059236486,96.29009299218092,90.47059237426028,NVDA
2024-02-05,69.2896499633789,69.45455008972388,67.16395031831868,68.1833239064927,680078000,89.87925856260219,85.25935794866155,80.19404177490686,59.32023887634277,52.54395401000976,48.56815635681152,44.23862121582031,63.92457550934234,59.57092152493008,56.77691362936157,53.919635805425564,50.97295858565947,60.345953698491755,58.56865893742354,56.791364176355316,61036951000,4.004566993893391,3.3702131368447716,0.6343538570486196,98.88188073462155,96.69544294981846,NVDA
2024-02-06,68.18132019042969,69.71138308978904,66.25949848302591,69.58745829595591,683111000,79.20550690443788,79.67532178141165,76.57980363278851,60.11825065612793,52.93394119262695,48.79543739318848,44.44412767410278,64.87051877180619,60.353685039975495,57.42859400427975,54.42898167631857,51.355366621321025,61.36066625082354,59.478055225497926,57.59544420017231,60353840000,4.172159712068357,3.530602451889489,0.6415572601788679,88.78142726672856,94.65113366451037,NVDA
2024-02-07,70.05616760253906,70.17709586585252,67.55869397580136,68.27725642617484,495575000,83.24465038722371,81.84182782843851,78.3086755348703,60.96568202972412,53.38021209716797,49.04050754547119,44.65893345832825,66.02288517863572,61.23572890929945,58.150169638466,54.98709545939787,51.7709399764592,62.207512954509575,60.333277732690284,58.459042510871,60849415000,4.4054790459398845,3.705577770699568,0.6999012752403164,99.06885570002345,95.57738790045785,NVDA
2024-02-08,69.59844207763672,70.75073737144197,69.41255872885704,70.03117613467934,414422000,78.7625540859002,79.61066450090519,76.86050444468624,61.72976417541504,53.80801513671875,49.29779872894287,44.871835250854495,66.81745337841372,61.99597556096648,58.80435663499004,55.508929267192116,52.1671066898187,62.950660786331916,61.13810242010921,59.325544053886496,60434993000,4.501560487346282,3.864774314028911,0.636786173317371,90.55613847457393,92.80214048044199,NVDA
2024-02-09,72.08893585205078,72.14089841148939,70.16910418058404,70.48990722179018,436637000,84.28659351838607,82.41908720325006,79.06297655827001,62.59478569030762,54.294042129516605,49.579335403442386,45.10119097709656,67.98889392811084,62.913517405610506,59.56347544739351,56.1010723595085,52.60981400453497,63.81801929804213,61.96443841675459,60.11085753546705,60871630000,4.724210003360433,4.036661451895216,0.6875485514652171,99.61768869254745,96.41422762238163,NVDA
2024-02-12,72.20386505126953,74.56542046599529,71.2064736279646,72.55564739281085,613710000,84.5097143282484,82.53861466662892,79.15868093716286,63.47115020751953,54.775992202758786,49.86647815704346,45.32754952430725,68.92555417770166,63.75809446430678,60.28578342475785,56.67617209849997,53.04523736112907,64.75563680283926,62.82710169863344,60.89856659442762,61485340000,4.853981497572889,4.20012546103075,0.6538560365421384,83.89559927021124,91.35647547911088,NVDA
2024-02-13,72.08393859863281,73.40512964528038,69.57747501499297,70.3569973280816,602580000,83.03336802909239,81.91279770051355,78.76590497685217,64.25796947479247,55.28292442321777,50.16522270202637,45.551959619522094,69.62741738235303,64.51498938560914,60.95996372040785,57.226449473504715,53.468319610851374,65.71946028959904,63.6391134596733,61.55876662974755,60882760000,4.890771509664923,4.338254670757585,0.552516838907338,82.31230357090003,88.6085305112196,NVDA
2024-02-14,73.85486602783203,74.19065934700839,71.89406636072601,73.15729429339046,504917000,87.04404764907117,83.85901229307791,80.27673657015279,65.14977493286133,55.82537521362305,50.493887939453124,45.78261165618896,70.5668504146817,65.36406908035667,61.696815280832084,57.82032149330212,53.92135397567316,66.5609465672524,64.46332461261112,62.36570265796984,61387677000,5.00513086950604,4.471629910507276,0.533500958998764,94.93525567771334,87.04771950627487,NVDA
2024-02-15,72.61361694335938,73.9298138493264,72.35577892403286,73.82388341395547,420122000,72.60805762820748,77.55963064834704,76.2987522329429,65.92685012817383,56.36808364868164,50.80421485900879,46.0012576007843,71.02168742105451,66.02311888608419,62.320632518690786,58.34865347366131,54.3367375971773,67.37475090301704,65.28455306961516,63.19435523621329,60967555000,4.938673109144361,4.565038550234693,0.3736345589096679,85.9607813968672,87.73611354849355,NVDA
2024-02-16,72.56863403320312,74.35654245789623,72.45670295069786,74.05472502125532,495327000,72.08813212447856,77.33291273455129,76.15577398905651,66.58254909515381,56.8887052154541,51.10797618865967,46.22317552566528,71.36545333486531,66.61816571764045,62.906232605234344,58.856509922216375,54.741890851311204,68.16674273059341,66.05712815826352,63.947513585933656,60472228000,4.826735507946594,4.6173779417770735,0.20935756616952084,85.63722172410066,88.84441959956041,NVDA
2024-02-20,69.4095687866211,71.91203666406658,67.69261615478561,71.90303947909813,704833000,44.95785702548472,63.33166497572366,66.9451725369376,67.07214965820313,57.367392578125,51.38325469970703,46.431336336135864,70.93081232414437,66.87192963300232,63.2778518155993,59.2334048816594,55.06783924987364,68.78171589107741,66.57944375154743,64.37717161201745,59767395000,4.432024370438128,4.580307227509285,-0.1482828570711563,62.91423395203793,78.17074569100195,NVDA
2024-02-21,67.4307861328125,68.84592156210476,66.2075347659216,67.96445653317794,673755000,35.04431690197629,56.438735576214604,62.03217216237435,67.45186767578124,57.784657669067386,51.63317932128906,46.63080216407776,70.15302872607063,66.9227347693487,63.51516234801148,59.52616849777201,55.34257140282784,69.22097130364111,66.95307270993519,64.68517411622926,59093640000,3.9144187447879375,4.447129530965015,-0.5327107861770779,44.91939672220844,64.49028413278235,NVDA
2024-02-22,78.49002075195312,78.52699308470093,74.17465795695503,74.97916646287784,865100000,73.79630275212628,73.68027242563296,73.42686197996801,68.31014308929443,58.40491851806641,51.98749061584473,46.879979104995726,72.00569362071118,67.97430622231273,64.37086854252243,60.20344893542134,55.856959166141735,70.20536915841355,67.7932732416861,65.38117732495867,59958740000,4.346496657332054,4.427002956238423,-0.08050629890636962,99.75146163936118,69.19503077120254,NVDA
2024-02-23,78.76885223388672,82.34366290568272,77.5226123761237,80.74064650613892,829388000,74.26089108319658,73.96011639658468,73.63542124279725,69.16961784362793,59.0483251953125,52.34049312591553,47.128197298049926,73.50861775697241,68.95562858700129,65.19361046774324,60.86649905322368,56.36611234542495,71.16305356564762,68.65991814379446,66.1567827219413,60788128000,4.657729480165216,4.473148261023782,0.18458121914143355,77.84592040399525,74.17225958852164,NVDA
2024-02-26,79.04368591308594,80.596737435313,78.4570388969918,79.65130857177527,503973000,74.78957402669342,74.25072760134483,73.8469368905857,70.07211647033691,59.67664100646973,52.6834228515625,47.380687084198,74.73863290277541,69.87272470755443,65.98504335033425,61.51568429821876,56.87005842470631,72.01765844778704,69.50157840377771,66.98549835976839,61292101000,4.870417375823436,4.552602083983714,0.31781529183972257,79.5491398927027,85.71550731201972,NVDA
2024-02-27,78.65292358398438,79.43145470230726,77.11486980989693,79.33250852556469,391705000,72.25731800173565,73.00322126239195,72.97666774445936,70.88342056274413,60.28852699279785,53.035086212158205,47.62965444564819,75.6084752763774,70.67092460541168,66.70892222082854,62.12772855842468,57.35412209491249,72.89458315055909,70.3257733438599,67.7569635371607,60900396000,4.95037793590285,4.6321572543675416,0.31822068153530836,77.12747884913003,78.17417971527601,NVDA
2024-02-28,77.61555480957031,78.88477556464643,77.07788148076835,77.57258181183745,393110000,65.22231202053183,69.6573137292793,70.66538298909074,71.62741584777832,60.87442893981934,53.371139450073244,47.87496862411499,76.05449295042027,71.30225462397155,67.33215836875664,62.68086521025131,57.80437615523822,73.66455681203382,71.08499159717744,68.50542638232108,60507286000,4.873857470360505,4.680497297566134,0.193360172794371,70.6986207895694,75.79174651046739,NVDA
2024-02-29,79.06366729736328,79.94112925032395,78.3021317921465,79.0456805510973,507289000,70.09893966374341,71.61319393922065,71.96136957084853,72.50612888336181,61.47849967956543,53.71520835876465,48.12871229171753,76.72319836085205,72.00783759427988,68.00253030753416,63.26596528479103,58.27680484728544,74.4600385805996,71.8611043657397,69.26217015087983,61014575000,4.873881948288172,4.719174227710543,0.15470772057762971,79.67296999682853,75.83302321184267,NVDA
2024-03-01,82.22872924804688,82.24972013852617,79.38646508056598,79.95112232187887,479135000,78.13887504693469,75.3527593256629,74.53232449161513,73.46814041137695,62.122146148681644,54.08019542694092,48.395218982696534,77.94664966911756,72.93700956280415,68.81545596127775,63.94320685490731,58.809069833969026,75.46586845905074,72.80525741111947,70.1446463631882,61493710000,5.070841886339721,4.789507759436379,0.28133412690334225,99.28772468438301,83.21977182359366,NVDA
2024-03-04,85.18492889404297,87.64142750402274,83.66785848531528,84.07860289478097,615616000,83.20144185696937,78.23657836986179,76.62519502050313,74.42140769958496,62.83437080383301,54.47963108062744,48.67520782470703,79.55515616354543,74.05045677473495,69.75085441457861,64.70183978487644,59.395200035304,76.6728764797916,73.89638400262012,71.11989152544865,62109326000,5.403190050176505,4.912244217584405,0.4909458325921001,88.5391858586048,89.16662684660544,NVDA
2024-03-05,85.91551208496094,86.04844030428545,83.36995155382468,85.22190326590307,520639000,84.2809867384601,78.8938271499331,77.11117417316473,75.25270080566406,63.591048889160156,54.88112625122071,48.95402883529663,80.96856859052666,75.12909816657368,70.67454913860047,65.45947093845089,59.98454030307415,77.59850703300319,74.83295423340857,72.06740143381397,62629965000,5.6602821134246994,5.061851796752464,0.5984303166722356,91.94772764727988,93.25821273008926,NVDA
2024-03-06,88.64997100830078,89.67339555623481,86.98091470216241,87.97235961581464,582520000,87.80182785789356,81.1842259776172,78.83317093021253,76.27613334655761,64.38484680175782,55.299893074035644,49.23902878761292,82.67554690558758,76.35826842491251,71.70171610258335,66.28770308380267,60.6215498743014,78.56043995591237,75.77574996190503,72.9910599678977,63212485000,6.015336355000386,5.252548708402049,0.762787646598337,95.63866607289984,92.04185985959485,NVDA
2024-03-07,92.6167221069336,92.71466639598263,89.55145092677502,90.10713703099752,608119000,91.2237772238146,83.91169670055213,81.00092483777092,77.40416107177734,65.26117790222168,55.75693828582764,49.54593067169189,84.88469695033115,77.83630966873261,72.89685930283193,67.22802519177164,61.33255370169322,79.669402340893,76.89845849629307,74.12751465169315,63820604000,6.541397898519008,5.510318546425442,1.0310793520935668,99.63049834883695,95.73896402300556,NVDA
2024-03-08,87.4786376953125,97.34507194141518,86.45721088913098,95.08434657912662,1142269000,63.5245368667513,69.79823856508668,71.13557559420931,78.29817085266113,66.02577285766601,56.17743236541748,49.82758171081543,85.46112822699367,78.71288494387623,73.73010378240224,67.95126135261238,61.913577790440314,81.07094742927974,77.90621981504967,74.74149220081961,62678335000,6.469132853926837,5.702081407925721,0.7670514460011155,68.31337626192243,87.86084689455309,NVDA
2024-03-11,85.72563171386719,88.7469219574668,84.11853680206842,86.38026112101332,678364000,56.500662175923054,65.73586228860752,68.17396236310292,78.98000564575196,66.75254928588868,56.57406074523926,50.10290557861328,85.51990677963222,79.35040737751177,74.41556252134309,68.58606029408577,62.44273454429424,82.00269301394493,78.6812888991047,75.35988478426447,61999971000,6.198951696778622,5.801455465696302,0.3974962310823198,62.683496250651025,76.87579028713681,NVDA
2024-03-12,91.86116027832031,91.90813084085208,86.10141029804566,87.9993412781643,668075000,70.29529882674721,71.90026702149842,72.38139330728671,79.96287040710449,67.59993743896484,57.05359935760498,50.40965642929077,86.92907422378514,80.48774855031255,75.41245382174179,69.4173138649513,63.0964773383837,83.06581272678298,79.5617930732808,76.0577734197786,62668046000,6.4060718529091645,5.922378743138875,0.48369310977028945,76.33226723194156,69.10971324817167,NVDA
2024-03-13,90.83673858642578,91.45238847114443,88.38511917925783,91.0036442134583,635713000,66.095690451247,69.64723841362931,70.74877270007254,80.90051040649413,68.42683715820313,57.540301666259765,50.67410810470581,87.79744408214972,81.42856582632284,76.29384152258088,70.18229331928967,63.712927588340186,83.88840724191262,80.39827699536966,76.90814674882671,62032333000,6.413621562741682,6.020627307059437,0.392994255682245,67.88734300579672,68.96770216279644,NVDA
2024-03-14,87.89439392089844,90.5948732884495,86.55115025815236,89.52647603225017,602318000,54.809780104177,63.493165408364426,66.2609477152295,81.60248680114746,69.22195365905762,57.998529777526855,50.91902231216431,87.81898849076055,82.01636838037517,76.95673023105616,70.8148683407757,64.25029350684147,84.69193231189075,81.19151309391877,77.69109387594679,61430015000,6.111729919773623,6.0388478296022745,0.0728820901713485,53.36957019835926,65.86306014536585,NVDA
2024-03-15,87.7874526977539,89.49548835416286,86.20834970674177,86.88096661769565,642086000,54.404614992059734,63.274327494054816,66.1016220003878,82.36117858886719,70.02690391540527,58.462823486328126,51.15758197784424,87.81198053675907,82.54101240922778,77.5756286577246,71.42103206781063,64.77334148886175,85.43039796278771,81.88280990380912,78.33522184483053,60787929000,5.797024860675734,5.990483235816967,-0.19345837514123332,52.841913326765834,58.032942176973954,NVDA
2024-03-18,88.40511322021484,92.3528823706334,87.03588315502401,90.33702166642148,668976000,56.626805731133366,64.04512925909495,66.58675051106462,83.15300254821777,70.83563247680664,58.91742492675781,51.410604877471926,87.94378779974924,83.07411248295386,78.19445634700975,72.02760639468221,65.2984919717807,86.38474021517027,82.65891576141473,78.9330913076592,61456905000,5.5336701710298115,5.899120622859536,-0.3654504518297248,55.88950161316527,54.03366171276347,NVDA
2024-03-19,89.34758758544922,90.49293740706634,84.96206166270107,86.65110342037197,672171000,60.18032823401272,65.24382591173244,67.33254310167183,84.14990348815918,71.64124404907227,59.37457592010498,51.65866868972778,88.25574330768256,83.64442840136253,78.83177813206343,72.64617715149531,65.83291631875112,87.27861030921662,83.37987936797694,79.48114842673728,62129076000,5.33945952114324,5.787188402516277,-0.44772888137303646,58.002890870435806,55.57810193678898,NVDA
2024-03-20,90.32102966308594,90.35901024319512,88.17323967680368,89.74634940187569,479063000,63.851078368194074,66.48660858978214,68.10135018407776,85.29441566467285,72.40324295043945,59.86028816223145,51.91381278991699,88.71469583110553,84.2513921524283,79.48830679097901,73.27742188405212,66.37709661529189,88.13159615285063,84.32970568508189,80.52781521731315,62608139000,5.204105137583269,5.6705717495296755,-0.46646661194640604,60.887599284541025,58.25999725604738,NVDA
2024-03-21,91.38343048095703,92.59575144201277,90.35401259550207,92.24794813241263,480372000,67.74521212775694,67.83826306792349,68.93551083914001,85.93908615112305,73.1687607574463,60.3711442565918,52.175048160552976,89.30774797551697,84.89975927320363,80.16802814469203,73.9240650482273,66.93279292341778,89.25316771171755,85.47016524155227,81.68716277138697,63088511000,5.123502137215951,5.561157827066931,-0.43765568985098025,57.34103682032024,58.74384232509903,NVDA
2024-03-22,94.2358169555664,94.72453954495887,90.78276394753543,91.0895899885777,586719000,76.05559150060222,71.19709488188208,71.05975635893228,86.71243438720703,73.96714111328124,60.9087854385376,52.45312816619873,90.40287441552795,85.74849178978205,80.97190179102772,74.6494847592037,67.53952679079886,90.00427517304269,86.24082315670228,82.47737114036188,63675230000,5.229504951002795,5.494827251854105,-0.2653223008513095,77.75149766430847,65.32671125638991,NVDA
2024-03-25,94.94841003417969,96.71141493346599,93.45725487677139,93.88801151365493,552136000,77.77244350573477,71.98426517418031,71.56755678582022,87.50767059326172,74.77033920288086,61.44694713592529,52.740641574859616,91.412993441895,86.58484799381819,81.77055940492211,75.37444637616713,68.1486130850962,90.66747010812412,86.97863192382489,83.28979373952563,64227366000,5.309805122480128,5.45782282597931,-0.14801770349918186,81.87989611802547,72.32414353421808,NVDA
2024-03-26,92.50879669189453,96.32064875325118,92.44983185631351,95.79694219210086,513648000,60.07586126329075,65.39494425977287,67.33854255663367,88.20046424865723,75.52698364257813,61.96452003479004,53.01078596115112,91.65650527522823,87.12338878455239,82.38417296417768,75.98638745887169,68.68995049858061,91.43532995148792,87.6640575596355,83.89278516778307,63713718000,5.117594732401372,5.389777207263723,-0.27218247486235114,63.43505537490668,74.35548305241355,NVDA
2024-03-27,90.1990966796875,93.18740810778951,89.07273343467564,93.0594819501001,586067000,47.735656249223126,59.81261870225243,63.617705202898534,88.82964134216309,76.2040145111084,62.44355670928955,53.2680828666687,91.3326366984414,87.40299859320103,82.83074003363538,76.49398421675797,69.16793152482742,92.11238168907639,88.25548597433333,84.39859025959028,63127651000,4.724432804928284,5.256708326796636,-0.5322755218683515,45.97243203573712,63.7624611762231,NVDA
2024-03-28,90.3050308227539,91.24849853375163,89.14268488587938,89.9492288448454,435212000,48.31991764714368,59.98135109814719,63.7138450574994,89.39170951843262,76.88973999023438,62.9118510055542,53.52235219955444,91.10427983717751,87.66681970497856,83.25784236444214,76.98723588125782,69.63764484255913,92.71579059509834,88.84466061540317,84.97353063570802,63562863000,4.371010852595077,5.079568831956324,-0.7085579793612471,49.12692679254019,52.84480473439467,NVDA
2024-04-01,90.31202697753906,92.17297617207028,89.15368416261286,90.24806771473163,452441000,48.36566279084221,59.9932978447922,63.72046423001807,89.79587440490722,77.55453826904296,63.36523574829101,53.76896251678467,90.92822364614675,87.90729309339316,83.66093862804767,77.46312127755358,70.0970755566698,93.32646746218133,89.38960917052046,85.45275087885959,64015304000,4.044859319922622,4.872626929549584,-0.8277676096269619,45.5341259348285,46.877828254368616,NVDA
2024-04-02,89.40155792236328,90.04319416490718,87.57059032830745,88.39811868898816,433064000,42.49191696250751,57.584058399260776,62.1773228955041,90.00670585632324,78.15347633361816,63.80206108093262,54.001153202056884,90.5889645964171,88.04313535057227,83.98897401629428,77.88949401486822,70.5260640536852,93.67533213336161,89.75707628081314,85.83882042826465,63582240000,3.6706022193256445,4.6322219875047965,-0.9616197681791521,37.785026608304406,44.14869311189104,NVDA
2024-04-03,88.91382598876953,90.32303448482294,88.35014869042175,88.43410095294554,370067000,39.414861931963344,56.28019085271568,61.34531144019508,90.15662155151367,78.73940170288085,64.23197036743164,54.2326238822937,90.21671157249541,88.12228904495385,84.27039412900714,78.28322015679326,70.93468098557597,93.75613760332533,89.93315238050573,86.11016715768612,63212173000,3.296643228778379,4.365106235759513,-1.0684630069811343,33.633888053237385,38.98434686545678,NVDA
2024-04-04,85.8565444946289,90.58288102989088,85.83155707073556,90.35500517909665,434965000,25.516046116071593,48.81824209511356,56.39955887228987,90.01695022583007,79.25980407714843,64.62512126922607,54.44861333847046,89.24778555519174,87.91631226765158,84.36103129275696,78.55369602600167,71.2662779524438,93.96495640139307,90.04326474006422,86.12157307873534,62777208000,2.722201128631511,4.0365252143339125,-1.3143240857024017,7.613038873837508,26.34398451179311,NVDA
2024-04-05,87.9583740234375,88.43110686367916,85.87754736667624,86.81701209960936,399678000,42.301276396938725,53.39325399714893,58.78762250861714,89.78403282165527,79.7924813079834,65.0355330657959,54.66953630447388,88.96124965924636,87.92013606363211,84.56659373451014,78.88957738305295,71.63721342068811,93.91013073339126,89.99505437478,86.07997801616872,63176886000,2.4087847319127746,3.710977117849685,-1.3021923859369102,25.501934376183392,22.249620434419437,NVDA
2024-04-08,87.08384704589844,88.77988827828314,86.68307229452097,88.64995673788222,283220000,38.02300805551449,51.33704023374182,57.41959135698813,89.76429328918456,80.30257110595703,65.42335933685303,54.88989864349365,88.54404907850237,87.84410978929269,84.71043678087518,79.18222987101173,71.98047194569278,93.66353977676707,89.79924434603416,85.93494891530123,62893666000,2.0660172008689273,3.381985134453534,-1.3159679335846066,18.058741909453445,17.057905053158123,NVDA
2024-04-09,85.30584716796875,87.58556628736338,82.97516956737525,87.39267436773328,501700000,30.49774008587667,47.34496369433615,54.71334678843408,89.74330406188965,80.78881378173828,65.7905576324463,55.10147090911865,87.82444865393934,87.61335864189961,84.74446023156625,79.40093048876018,72.2765913950767,93.11994087994103,89.5545723221746,85.98920376440817,62391966000,1.6320880372718705,3.0320057150172013,-1.3999176777453308,16.967355623589892,20.17601063640892,NVDA
2024-04-10,86.98990631103516,87.35070274664696,83.66178279831279,83.87866326448999,431929000,43.261058073993006,51.21458390400304,56.732634333718664,89.49974136352539,81.28007507324219,66.16424369812012,55.32554029464722,87.63899479996063,87.55668115727558,84.87277143610734,79.67196533955573,72.60355394876466,93.06586001901088,89.54522789967606,86.02459578034126,62823895000,1.4078566522792357,2.7071759024696083,-1.2993192501903725,29.227322580962902,21.41780670466876,NVDA
2024-04-11,90.56487274169922,90.68780444443283,86.8769597851415,87.37067674459432,431637000,61.344237234715166,58.23191961688359,60.628709883298136,89.48614807128907,81.83665954589844,66.58135406494141,55.575363330841064,88.28918989812476,87.83015311949592,85.19803436785546,80.06099774677513,73.00269436638543,92.94318236668563,89.51759195608965,86.09200154549366,63255532000,1.501315349078368,2.46600379179136,-0.9646884427129923,55.2531130017515,33.81593040210144,NVDA
2024-04-12,88.13626098632812,90.1241452492344,87.48063273280795,89.64840815742117,426805000,48.6931281931827,52.687447453854574,56.984408858900366,89.49824142456055,82.36959663391113,66.96826236724854,55.80682819366455,88.25520569550328,87.85798110738976,85.36593303176818,80.3494000053306,73.3389958468286,92.844698595339,89.43928707881254,86.03387556228608,62828727000,1.3636935572637299,2.245541744885834,-0.8818481876221043,37.57279577790256,40.684410453538995,NVDA
2024-04-15,85.9524917602539,90.56188993656951,85.8805337738884,89.0477450616577,443077000,39.829866474900136,48.239728963304835,53.936695920321505,89.40649337768555,82.82887649536133,67.33515171051026,56.03116624832153,87.74349148767008,87.68475480310468,85.39945067339593,80.5495104251493,73.61929575601583,92.83306998264636,89.39729498362541,85.9615199846045,62385650000,1.0661257358729586,2.009658543083259,-0.9435328072103006,22.309593768874798,38.37850084950963,NVDA
2024-04-16,87.3656997680664,88.06829858635284,86.01546379198004,86.38425134878223,370453000,47.28177133226743,51.115694101618544,55.54526794563035,89.35452270507812,83.253798828125,67.70507091522217,56.264044189453124,87.6595377722026,87.65574979991939,85.51180776451996,80.7929457588249,73.92477140072806,92.7418836307193,89.36488500565306,85.9878863805868,62756103000,0.9335735147698045,1.7944415374205682,-0.8608680226507637,42.992828490207366,34.29173934566159,NVDA
2024-04-17,83.98759460449219,88.7249183584023,83.90263584788114,88.2901585822677,495400000,34.88784749097415,44.719317815051085,51.08698215442357,89.08652305603027,83.54775772094726,68.04585586547852,56.47263736724854,86.84355040160028,87.32228114578965,85.42470986966123,80.90704036045588,74.14838969414504,92.54088553468183,89.1874448479531,85.83400416122439,62260703000,0.5496045704891088,1.5454741440342763,-0.9958695735451675,11.007244233643132,25.436555497575103,NVDA
2024-04-18,84.62323760986328,86.14138561304675,82.35552028108327,84.92207255324703,447260000,38.52637182503363,46.08642529891627,51.847285454825304,88.80163345336913,83.87659606933593,68.40526863098144,56.683854236602784,86.35014755899206,87.07691355161451,85.37891145481562,81.03976169079186,74.3811640922721,92.27235419518296,89.00200924237814,85.73166428957332,62707963000,0.29321746562085593,1.2950228083515924,-1.0018053427307365,23.098828800055063,25.699633841301864,NVDA
2024-04-19,76.15702819824219,84.27644766930946,75.56336900757456,83.10311370735981,875198000,20.350499028819755,34.01906955812558,42.62204683868528,88.04031333923339,83.99861328125,68.68941268920898,56.85321964263916,84.08500992326987,86.08419670130793,84.85194669729714,80.86537835177224,74.42062773907143,92.06164768054917,88.48047853272799,84.89930938490681,61832765000,-0.5863642643695783,0.9187453938073583,-1.5051096581769365,3.9251659550932705,12.677079662930497,NVDA
2024-04-22,79.47314453125,80.02783178093904,76.35690706369323,78.0599406532052,596341000,34.8069165423571,40.581792540331435,46.51876435873036,87.30217971801758,84.19610733032226,69.00206123352051,57.0402347946167,83.06015094726544,85.48319195857539,84.544586573523,80.81565571532502,74.53290589000873,91.51898492609864,87.86975930824245,84.22053369038628,62429106000,-1.0042795389156538,0.5341404072627559,-1.5384199461784096,25.850720445057465,17.624905066735277,NVDA
2024-04-23,82.37651062011719,82.72231614993429,80.21873169463018,80.7234441336971,438559000,45.24770384892093,45.6764019136573,49.648743088809475,86.67358474731445,84.40185882568359,69.3479504776001,57.23976835250855,82.90823087456583,85.20076638235192,84.42069651904266,80.87140053335332,74.70720821734447,90.90406214181709,87.32332181644277,83.74258149106848,62867665000,-1.0886537037482071,0.2095815850605633,-1.2982352888087705,45.0472458359602,24.941044078703655,NVDA
2024-04-24,79.63206481933594,84.03457921776213,79.13834013698539,83.90264988256477,512208000,38.29155544288104,42.00967778151269,46.93425526300097,86.02974815368653,84.55042282104492,69.66320751190186,57.42719337463379,82.18019397340363,84.69452078571409,84.14706042191656,80.82713854356699,74.8166494751665,90.31063581486335,86.65170125024702,82.9927666856307,62355457000,-1.3612826579813486,-0.10459126354781909,-1.2566913944335296,26.90147231443732,32.59981286515167,NVDA
2024-04-25,82.58538818359375,83.2759926322814,78.178871245499,78.82350402342217,424641000,48.51290559550431,46.94539700617745,50.009159376957975,85.64906272888183,84.76045181274414,70.02168811798096,57.628260955810546,82.27023713122365,84.5027814582486,84.05782200829812,80.88993317356794,74.98928811313155,89.7779356280292,86.0606056115155,82.34327559500181,62780098000,-1.3237749018074823,-0.34842799119975176,-0.9753469106077305,46.428306070232,39.45900807354318,NVDA
2024-04-26,87.6855239868164,88.28118855401848,83.3399763925944,83.7707330936579,551011000,61.6698755093956,54.19570635730481,54.743644789416926,85.51808738708496,85.03706497192383,70.43122009277344,57.847350025177,83.47363421024426,84.7921216881184,84.26511926421344,81.13263284546967,75.27142668810232,89.60852393241343,85.85183498788498,82.09514604335652,63331109000,-0.8724542891428797,-0.4532332507883774,-0.4192210383545023,80.14947089991959,51.159749761529646,NVDA
2024-04-29,87.70750427246094,87.94236470516184,85.21790438488335,87.54559308685103,388971000,61.72046461407887,54.224739935525434,54.76294817045055,85.38786125183105,85.33894271850586,70.85351318359375,58.05618211746216,84.41449422407018,85.05715646851317,84.46182697897044,81.36744968214792,75.54778396775474,89.4819762996728,85.69582798979165,81.90967967991052,63720080000,-0.5071596064152857,-0.46401852191375903,-0.04314108450152665,80.29480052717275,68.95752583244145,NVDA
2024-04-30,86.35326385498047,88.76890032049818,86.25132401291081,87.19078860426956,363709000,56.233230583674406,52.03623581341127,53.29862344394083,85.23544654846191,85.61463531494141,71.25167026519776,58.26078100204468,84.84533191982803,85.17498441273747,84.56990908617101,81.5455144740348,75.78790574302643,89.29514540714196,85.53288832115939,81.77063123517682,63356371000,-0.3232110466252607,-0.4358570268560594,0.11264598023079875,71.3408106534074,77.26169402683325,NVDA
2024-05-01,82.99414825439453,85.9514784070707,81.20915281271795,85.02900264492887,559863000,44.466245932620055,46.97211699247519,49.84253363052284,84.93946266174316,85.88632690429688,71.62685974121094,58.44362819671631,84.43395777195391,84.97672658016084,84.4798656100695,81.59725139476194,75.94804446550127,89.13559941240965,85.26526033796264,81.39492126351567,62796508000,-0.44337212550745164,-0.43736004658633787,-0.006012078921113773,49.54341352722906,67.05967490260308,NVDA
2024-05-02,85.76859283447266,86.18835408667036,83.15306466582874,84.4013606664833,377898000,54.00542703397662,51.19669232800428,52.502035415772546,84.93506507873535,86.25308303833008,72.01887035369873,58.63518667221069,84.73054334140252,85.04871442146191,84.55350716574968,81.74622787475161,76.16627887370063,88.98814248069979,85.06721275737468,81.14628303404957,63174406000,-0.31113953276782524,-0.4121159438226354,0.10097641105481014,68.0415347300645,62.97525297023366,NVDA
2024-05-03,88.73892211914062,89.23064138508623,86.99090805240313,87.73948614559522,398341000,62.32054574904585,55.302297627506256,55.16297597327301,84.97409248352051,86.45806106567383,72.43148979187012,58.843680171966554,85.62129418089988,85.38418784852361,84.79267373451488,81.99596695490835,76.44567094582152,88.91123322803246,85.10990305834886,81.3085728886653,63572747000,0.0329565957369482,-0.3231014359107187,0.3560580316476669,96.40221360661043,71.32905395463467,NVDA
2024-05-06,92.0880355834961,92.16799229625614,89.00477633292259,89.33958648937698,376203000,69.72581472527972,59.444987519846165,57.94048124715271,85.22430191040038,86.72444473266602,72.88638496398926,59.07669813156128,87.05834782592126,85.99362855170293,85.20955155445665,82.35639797735791,76.79327904888095,89.11476886863363,85.28440743864859,81.45404600866355,63948950000,0.5693377523119381,-0.14461359826618736,0.7139513505781254,99.51846716802932,87.98740516823476,NVDA
2024-05-07,90.5029296875,91.72923505394095,88.96080064953647,91.04662159823116,437342000,62.72444913240736,56.763478098082764,56.21733575615242,85.48415603637696,86.9536296081543,73.315135307312,59.3078408241272,87.82381046182765,86.40356501859357,85.51203030491628,82.64734553843442,77.09793795196136,89.28399129774795,85.4216480382085,81.55930477866907,63511608000,0.8566440257050516,0.05563792652806045,0.8010060991769912,89.97229518665971,95.2976586537665,NVDA
2024-05-08,90.36102294921875,91.14257969351397,89.36957790521554,89.43254592014647,325721000,62.055039133915955,56.517680386025866,56.06128968953217,85.65271186828613,87.18779159545899,73.73815929412842,59.53676013946533,88.38763545902567,86.76333392137767,85.78911559887642,82.922834017391,77.39267317412263,89.38707721409989,85.65984799892662,81.93261878375337,63185887000,1.0606590126235886,0.2566421437471661,0.8040168688764225,89.11767333939396,92.86947856469435,NVDA
2024-05-09,88.69695281982422,91.02063858717587,88.18124497678554,90.47794554376881,378013000,53.952570914946534,53.58729996849646,54.21633179572679,85.55931587219239,87.40941955566406,74.1419242477417,59.75202829360962,88.45637265031424,86.93911745760008,85.95527772578772,83.12905254604932,77.64387938847155,89.50371000003572,85.81693442000267,82.1301588399696,62807874000,1.0756661970368668,0.42044695440510627,0.6552192426317606,78.04679801938374,85.71225551514583,NVDA
2024-05-10,89.82730865478516,91.34945233112951,89.17667483195356,90.25406978590553,335325000,58.38198651251852,55.28334441036679,55.261893538410966,85.64386825561523,87.6246923828125,74.55159603118896,59.97408235549927,88.76102509575222,87.20168029370781,86.17653663601615,83.36827597850417,77.9146222610563,89.4610051963254,85.85223281439305,82.24346043246071,63143199000,1.1653364942004316,0.5694248623641713,0.5959116318362603,83.26782910106921,83.47743348661565,NVDA
2024-05-13,90.3480224609375,90.94668368485891,88.47907428372562,90.4269726636133,289680000,60.48328172890381,56.07956899487425,55.74858677465824,85.86364479064942,87.78707824707031,74.95461219787597,60.19650171279907,89.1136911769045,87.4877113998196,86.41490725458308,83.61755263859108,78.19092004327587,89.51664062672654,85.91624458361768,82.31584854050882,63432879000,1.2638492358398707,0.7083097370593112,0.5555394987805595,86.99010589217725,82.76824433754341,NVDA
2024-05-14,91.30447387695312,91.59930565354625,88.88383529778994,89.54846112262796,296507000,64.44063474405529,57.57390358008509,56.65409982861188,86.06058349609376,87.90946914672851,75.37191997528076,60.41945671081543,89.6005317769153,87.83468980683173,86.69431106157565,83.89208553996114,78.48233235069091,89.57211748286628,86.06533504961098,82.55855261635568,63729386000,1.4029268616402248,0.847233161975494,0.5556936996647308,93.8272146179171,88.02838320372119,NVDA
2024-05-15,94.57662963867188,94.80850105677926,91.54734077306348,92.41984953324487,417735000,74.8007373396261,62.299765651813075,59.61017676216044,86.59003524780273,88.08269149780273,75.83687019348145,60.6588773727417,90.7063313017501,88.4475934279081,87.14472926598114,84.27367640062938,78.83998340153494,89.93891090810666,86.37458916583503,82.8102674235634,64147121000,1.756929713425592,1.0291724722655138,0.7277572411600781,98.29498139215131,93.03743396741523,NVDA
2024-05-16,94.30577850341797,95.76495408373688,94.04991856770557,94.85647021604154,323952000,72.6969389517123,61.68723944029984,59.260445492340764,87.07416229248047,88.19580764770508,76.29032722473144,60.898052883148196,91.50620845767628,88.9801557074999,87.55393207954896,84.63196576144325,79.18366773713234,90.22754204081482,86.81118444113797,83.3948268414611,63823169000,1.9926540256767566,1.2218687829477624,0.7707852427289943,89.97529882999861,94.03249828002235,NVDA
2024-05-17,92.42683410644531,94.68656039026546,91.75421718471637,94.31577507944353,359691000,58.905267936280566,57.466206461752,56.84181023846781,87.88765258789063,88.1920098876953,76.7265938949585,61.139014949798586,91.71079193518051,89.29349010740403,87.83238362394304,84.9103539166219,79.47796032311706,90.59558810110357,87.21987441220833,83.84416072331311,63463478000,2.004742705594495,1.378443567477109,0.6262991381173861,77.06673844237024,88.44567288817338,NVDA
2024-05-20,94.72655487060547,95.1463162138061,93.38731412084368,93.6971368800976,318764000,67.86058805715811,60.98505274269406,58.98384608469849,88.6503231048584,88.33696823120117,77.18137054443359,61.39024656295776,92.38096147638605,89.78740508587688,88.22633626660947,85.26093252212131,79.81681797972792,91.01465334910058,87.97008616348023,84.92551897785987,63782242000,2.1748213310973057,1.5377191202011482,0.6371022108961575,92.86608003367772,86.63603910201552,NVDA
2024-05-21,95.33220672607422,95.34619876949091,93.1274495632841,93.5462119787617,328946000,69.93138527927638,61.879505347279725,59.53678480564273,89.29810791015625,88.52909973144531,77.640824508667,61.643682117462156,93.03679375409453,90.29147796225845,88.6323860071503,85.62062088654821,80.1616043963134,91.70658104989187,88.73116507908287,85.7557491082739,64111188000,2.3316036349206968,1.696496023145058,0.6351076117756387,96.56873491890764,88.83385113165185,NVDA
2024-05-22,94.89644622802734,95.96584245517248,93.19640917175742,95.4051618418388,548648000,66.24614096705736,60.79947580800029,58.939122730246766,90.06132698059082,88.58980545043946,78.09487144470215,61.891256694793704,93.45004985941293,90.71011144096471,88.99033230548613,85.95190036302961,80.48904532590704,92.3341792383777,89.34610379956345,86.35802836074919,63562540000,2.393106270437599,1.8358180726035664,0.5572881978340325,88.08463461509918,92.50648318922818,NVDA
2024-05-23,103.74046325683594,106.26003756449907,101.46274160839002,101.9704583406549,835065000,85.21800802915119,71.62431673590923,66.1492849337977,91.11908073425293,88.84787994384766,78.63735855102539,62.18681343078613,95.7368083921736,91.89468887877119,89.83319693127754,86.58720618066556,81.0057435021499,93.41928128411799,90.43591742266887,87.45255356121973,64397605000,3.119525861583014,2.0925596303994562,1.026966231183558,86.0633706845254,90.2389134061774,NVDA
2024-05-24,106.40895080566406,106.41494412748668,102.94190563238328,104.39008586204577,429494000,87.71758858535846,73.96077484779771,67.92589501934698,92.05525207519531,89.21817108154296,79.2200623703003,62.50625436782837,98.10839559517149,93.21416723576145,90.78038286695677,87.29512563155836,81.57025922000577,94.48044477346915,91.57441819257618,88.66839161168318,64827099000,3.8659786692350053,2.4472434381665664,1.418735231068439,99.96713052149714,91.37171194037391,NVDA
2024-05-28,113.83676147460938,114.87417806167193,109.82102986026253,110.18182631936331,652728000,92.1509175440174,79.11560060217731,72.17553295535456,93.36171493530273,89.73915725708008,79.88303058624268,62.86366367340088,101.60358801282435,95.08894853020217,92.09789021596549,88.24304119738161,82.2872926034414,95.74331919542266,92.83196232691132,89.92060545839999,65479827000,4.999281535781506,2.9576510576895543,2.041630478091952,96.11351594909613,94.0480057183729,NVDA
2024-05-29,114.7602310180664,115.42685462015827,110.83844833840384,112.98623828974068,557442000,92.5519958961753,79.65485434860508,72.64659241269837,94.78206329345703,90.2662596130371,80.55094604492187,63.23334936141968,104.5272864584337,96.87724693818983,93.3928811189427,89.1900836909775,83.00891345709974,97.10442393349487,94.10430773348469,91.1041915334745,66037269000,5.903892103798469,3.5468992669113373,2.356992836887132,97.55328065395662,97.87797570818331,NVDA
2024-05-30,110.43766784667969,115.75366768594493,109.60114200461162,114.58532839037406,484553000,71.91192210083798,70.48109619960927,67.08855769084425,96.15423927307128,90.68806121826172,81.16465263366699,63.56694360733032,105.84070454471058,98.11001247532528,94.36686893195623,89.94892598225258,83.61844133242374,98.45877056000415,95.28556153267273,92.1123525053413,65552716000,6.20053190149261,4.077625793827592,2.1229061076650177,80.50933423325502,91.3920436121026,NVDA
2024-05-31,109.57115936279297,112.65341931534381,106.879677688503,112.45652422078095,613263000,68.25054631305761,68.77124591600571,66.02983350277745,97.3443675994873,91.07306381225585,81.73815338134766,63.89527101516724,106.66969450428445,99.15193491964052,95.23568552800404,90.64972003155759,84.19516839976528,99.76105190905052,96.538727832553,93.31640375605546,64939453000,6.293157483290599,4.5207321317201945,1.772425351570405,77.33235384308645,85.1316562434327,NVDA
2024-06-03,114.93513488769531,114.93513488769531,111.93982368190672,113.55691490102478,438392000,76.96335026125236,73.11869440108936,69.17771474054592,98.65417823791503,91.54409790039062,82.35642932891845,64.2526865386963,108.5064590339313,100.58677128037279,96.36136834855783,91.51705627641965,84.87827876616372,101.13533996024364,97.91491960827244,94.69449925630127,65377845000,6.721905972631205,4.960966899902397,1.7609390727288083,96.95371081432405,84.93179963022185,NVDA
2024-06-04,116.37133026123047,116.53424034822847,113.98068096958718,115.65074383289046,403324000,78.82995138228674,74.1561015394357,69.95699893482313,99.86834297180175,91.9868081665039,82.97697463989257,64.61799245834351,110.25420819555335,102.02173118772349,97.5047947435677,92.40470891873431,85.57812435494297,102.45069326437525,99.21532881497747,95.9799643655797,65781169000,7.095785406070291,5.3879306011359756,1.7078548049343159,99.34801800236185,91.2113608865908,NVDA
2024-06-05,122.37095642089844,122.3799464045841,117.40176009510016,118.304250755888,528402000,84.94504968119827,77.97928876073132,72.94446499711867,101.46174430847168,92.53525909423828,83.65279914855957,65.0135213470459,112.94681891229669,103.87166075437575,98.92571826798661,93.4749320438116,86.39574284529753,103.94810230796823,100.62631069922998,97.30451909049172,66309571000,7.786449893369934,5.867634459582768,1.9188154337871657,99.97064565019457,98.75745815562682,NVDA
2024-06-06,120.92975616455078,125.51616477932996,118.25326519915947,123.97803133753258,664696000,78.41575454927394,75.10505853094742,71.16722932663178,102.99018096923828,93.10367828369141,84.31533096313477,65.3835185623169,114.72080496835315,105.4223967007553,100.183091862076,94.45546147669515,87.16316536350315,105.64635018541841,102.1105364254532,98.57472266548798,65644875000,8.123866780139707,6.318880923694156,1.8049858564455512,86.41545011013851,95.24470458756498,NVDA
2024-06-07,120.81982421875,121.62337164710611,117.95544321860926,119.70245088550641,412386000,77.86789718701141,74.87834221727329,71.0292244319055,104.59632453918456,93.71609283447266,84.96005367279052,65.75945602416992,116.07614257955245,106.82216283875482,101.3623337110288,95.39704586033996,87.91109111584197,107.15762381172178,103.53157544984235,99.90552708796292,65232489000,8.286875561503535,6.712479851256033,1.5743957102475026,85.50007146237984,90.62872240757098,NVDA
2024-06-10,121.7213134765625,123.03057221935303,116.94401053331076,120.30211616184846,313434100,79.29162842030452,75.5306569927363,71.50298144632737,106.19102478027344,94.34441848754882,85.6170792388916,66.13266654968261,117.33062500111023,108.17663107855552,102.52570398334501,96.33719827520504,88.66242939052465,108.80109308271219,105.02041766961123,101.2397422565103,65545923100,8.392065338847658,7.048396948774359,1.343668390073299,88.28341514180399,86.73297890477413,NVDA
2024-06-11,120.85173034667969,122.81078479761143,118.68277039590036,121.71130884876212,222551200,73.79655831829282,73.54681079753695,70.34294460895477,107.71621017456054,94.95521255493163,86.2548754119873,66.5012943649292,118.11309285568123,109.32891283020317,103.57290548982128,97.2127172777577,89.37774718955032,110.35438769271107,106.48060576044178,102.60682382817251,65323371900,8.30947445502295,7.300612450024078,1.008862004998873,85.56785363947063,86.45044674788483,NVDA
2024-06-12,125.13966369628906,126.8188544177255,122.51093382538542,123.00069556163665,299595000,81.41699688489027,76.7848220740934,72.63188552821288,109.40796966552735,95.66997467041016,86.91172550201416,66.89708242416381,119.67455304248297,110.76625381802914,104.805291673048,98.21010822127668,90.17245644525562,112.10385761467136,108.14244181615413,104.18102601763688,65622966900,8.492128993248528,7.538915758668968,0.9532132345795601,93.3775703947089,89.07627972532784,NVDA
2024-06-13,129.5475311279297,129.7374419918796,127.09871503024357,129.32763594350715,260704500,86.3233857917075,79.55525251925302,74.72807498604288,111.15651473999023,96.48264877319336,87.61102523803712,67.31082798004151,121.86854817258225,112.47364266438373,106.21913392761267,99.3293018965143,91.0474581048706,113.91918845815395,109.96142710697578,106.0036657557976,65883671400,8.890082754288343,7.809149157792843,1.0809335964955,99.29125932990478,92.74556112136145,NVDA
2024-06-14,131.8164520263672,132.7759808624214,128.2581700274141,129.89737910282292,309320400,88.24110363735672,80.82381800611587,75.72848609706006,113.0320484161377,97.40184692382813,88.33082550048829,67.7261808013916,124.07919347342335,114.2320798791095,107.68183781897007,100.48955725829477,91.95343574757052,115.75550723754382,111.7379053839232,107.72030353030257,66192991800,9.281554943533493,8.103630314940974,1.1779246285925193,96.29472658854026,96.32118543771799,NVDA
2024-06-17,130.9168701171875,133.66554475885698,129.5175509456389,132.9259111616535,288504400,82.72246229532678,78.73778874558957,74.50596118685326,114.9565502166748,98.26101684570312,89.02674907684326,68.13463756561279,125.5986771720376,115.74887899166205,109.00955395029678,101.57624700325522,92.81928984467312,117.61706580196258,113.48360879133308,109.35015178070357,65904487400,9.410729697981495,8.365050191549077,1.0456795064324176,89.73833986986499,95.10810859610335,NVDA
2024-06-18,135.5146484375,136.26428691629846,130.62700616579136,131.07678620278367,294335100,87.51239134097465,81.38258601754286,76.5304512608161,116.99595489501954,99.22963287353515,89.76610198974609,68.56562856674195,127.80222634214036,117.54576712310187,110.52413077813696,102.78833276876396,93.76807559118039,119.70679822216954,115.44453466178012,111.18227110139071,66198822500,9.771464545987271,8.646333062436716,1.1251314835505557,97.44887375228608,94.49398007023045,NVDA
2024-06-20,130.71697998046875,140.69216665961412,129.45759262565218,139.73263779444994,517768400,64.96138384482575,71.40189551291091,70.42922309309967,118.76519355773925,100.13785552978516,90.46333465576171,68.97685791015626,128.44994937287998,118.74315011013522,111.67800787541307,103.78578445489627,94.5891623553868,122.0247866330184,117.31130536115282,112.59782408928723,65681054100,9.560015851459525,8.829069620241278,0.7309462312182475,70.49851406186627,85.89524256133912,NVDA
2024-06-21,126.50900268554688,130.5670512631637,124.24010000634735,127.05874067811743,649445800,51.101629119127814,63.98939180660488,65.63141296465218,120.34582138061523,100.92823745727539,91.1041562652588,69.36685249328613,128.01862788680594,119.44913670789991,112.525493293135,104.5973279631338,95.29849214050148,123.76819782425707,118.85908788331487,113.94997794237261,65031608300,8.94972576981057,8.853200850155137,0.0965249196554332,50.67127578067674,72.87288786494304,NVDA
2024-06-24,118.0530776977539,124.40001580098117,117.98311173916277,123.1806025577778,476060900,33.74200962402061,52.25069973407102,57.414567057150876,121.06145210266114,101.47800155639648,91.65733055114747,69.72197731018066,125.80406117812771,119.32222225243208,112.84135525911321,105.07789045365594,95.8041495973293,125.15422829597377,120.07142927034567,114.98863024471754,64555547400,7.695040370406275,8.621568754205365,-0.9265283837990896,15.245863803402006,45.47188454864835,NVDA
2024-06-25,126.02923583984375,126.43904192857353,119.2625015362155,121.14159285282038,414192600,52.14372251077543,59.75107992315605,62.0944403148834,122.04246635437012,102.23586105346679,92.30272884368897,70.12108005523682,125.85409999184239,119.9319507603786,113.59494843515496,105.82615278887693,96.47581818049628,126.22415321952386,121.02805683978865,115.83196046005344,64969740000,7.260606699923969,8.349376343349086,-1.0887696434251168,38.2565503536935,34.72456331259075,NVDA
2024-06-26,126.3390884399414,128.0582531537486,122.54091663746888,126.06921428451571,362975900,52.755389299294684,60.01384760838568,62.26286606175225,122.66758270263672,103.04359298706055,92.93623474121094,70.52507472991944,125.96187520253106,120.51441782215703,114.32318500685705,106.5587576335578,97.13944640848395,127.29249213585962,121.9990482313065,116.70560432675339,65332715900,6.862214069212882,8.051943888521846,-1.1897298193089636,39.56129417653903,31.02123611121151,NVDA
2024-06-27,123.93025970458984,126.34909954846492,122.8607755337046,124.0402073168441,252571700,47.13517200226037,56.903613832586,60.092747011711474,123.12608413696289,103.77488418579101,93.514341506958,70.91899391174316,125.51040509187746,120.8249489023782,114.87216070387035,107.17916842180895,97.73479781506407,127.76731265697498,122.54838418988136,117.3294557227877,65080144200,6.279723942967166,7.697499899410911,-1.4177759564437444,29.418069908767126,35.74530481299989,NVDA
2024-06-28,123.48046875,127.648457456266,122.69084852465333,124.5199685039101,315516700,46.036236688527644,56.316708168142426,59.686639030332096,123.77822418212891,104.56474166870117,94.05624969482422,71.31220302581787,125.05930812701581,121.06635979761654,115.36406402079204,107.76135771924434,98.30692383584042,128.30543723957604,123.06892769391771,117.83241814825939,64764627500,5.715912469411734,7.301182413411076,-1.585269943999342,27.524066213500625,32.167810099602264,NVDA
2024-07-01,124.24009704589844,124.77983008392047,118.77273207553426,123.41049523168472,284885500,48.47096606575713,57.121062795674895,60.16198815170712,124.51167106628418,105.35707885742187,94.6168374633789,71.7061374282837,124.87726122010085,121.35488136564217,115.87126590794098,108.34988412376771,98.88321657384171,128.80645150385024,123.57686708547512,118.34728266710002,65049513000,5.269638358812784,6.894873602491417,-1.6252352436786328,27.552821236522473,28.16498578626341,NVDA
2024-07-02,122.61088562011719,123.35053451744282,120.97167651778796,121.07162680437523,218374000,43.42810601271491,54.79082087613209,58.61233612566768,124.89545860290528,106.28615600585937,95.14238464355469,72.09144609451295,124.37362219788226,121.46906357059444,116.25638703435104,108.85920560578019,99.41049810820338,129.2452481611066,124.17732486783557,119.10940157456454,64831139000,4.729974957753399,6.461893873543814,-1.7319189157904153,20.3785401777629,25.151809209262,NVDA
2024-07-03,128.21817016601562,128.21817016601562,121.30150730962696,121.60136576540062,215749000,60.43055809155217,60.728800813376964,62.12284195085571,125.48780059814453,107.26105651855468,95.72858192443847,72.51319032669068,125.22796619080077,122.08261871563273,116.93991749901758,109.55059719721717,100.05066859837699,130.00226100453773,124.74760668028574,119.49295235603375,65046888000,4.700563653373948,6.109627829509842,-1.4090641761358942,45.07038475491711,31.00058205640083,NVDA
2024-07-05,125.76936340332031,128.78791231292527,125.61943416430904,127.31861187118912,214176700,52.207605569999245,57.19565358143667,59.80674863406064,125.65772094726563,108.12891357421876,96.26538619995117,72.92236080169678,125.34827668247178,122.41777732360433,117.44445726497773,110.12983884743514,100.62219514959794,130.55996282376682,125.27602665332556,119.9920904828843,64832711300,4.428606523250551,5.773423568257984,-1.3448170450074333,34.28699120871558,33.245305380465204,NVDA
2024-07-08,128.13819885253906,130.70696731901708,126.9787619894619,127.42854201917729,237677300,58.72689086765904,59.641701386587464,61.26714188055979,126.01814308166504,109.09903625488282,96.82472953796386,73.34560384750367,125.96825938693118,122.93781564441657,118.05552821283838,110.77299456190313,101.23366189855219,130.87617428885648,125.65176102222135,120.42734775558623,65070388600,4.354033177669891,5.489545490140365,-1.1355123124704747,44.71822869313163,41.358534885588114,NVDA
2024-07-09,131.3166961669922,133.7555228326683,128.58800070420872,130.28719371816868,285366600,66.1595684138936,62.720090787521855,63.14558607118613,126.54298667907715,110.07366241455078,97.41705711364746,73.79113990783691,127.1568008936114,123.69953205555981,118.81330923879003,111.50669819065632,101.90217377118418,131.23609335561358,126.11145996763133,120.98682657964909,65355755200,4.499543496927231,5.291545091497738,-0.7920015945705075,58.7148363264622,45.90668540943648,NVDA
2024-07-10,134.84498596191406,135.03489683470838,132.35618048673416,133.96540518326054,248978600,72.70678184478115,65.83535378476446,65.10929044744489,127.19917030334473,111.01685165405273,98.02695831298828,74.2604231262207,128.86528646434533,124.71275513795565,119.72940505153997,112.34020846820125,102.63423626431151,131.85307411684093,126.77554606602644,121.69801801521193,65604733800,4.843729474322885,5.201981968062769,-0.3582524937398839,74.25176557024311,59.228276863278985,NVDA
2024-07-11,127.33860778808594,136.0843835595481,126.98877797734232,135.6845824191085,374782700,48.668033842108535,55.25618302015096,58.2106942487015,127.52351417541504,111.80947372436523,98.57420822143554,74.68921154022217,128.52602453628768,124.95146901524022,120.16421663648545,112.87586558676857,103.18322229817315,132.4521694308765,127.23135357548279,122.01053772008908,65229951100,4.459392257853736,5.053464026020962,-0.5940717681672263,51.68419181677159,61.55026457115897,NVDA
2024-07-12,129.177734375,131.85643576222122,127.15870339191848,128.1981955828636,252680500,53.21580412987654,57.076123785571944,59.314873966100606,127.72541770935058,112.66596313476562,99.14029922485352,75.12413770675658,128.67084894489042,125.33567495703656,120.679274792972,113.45807518634827,103.76087812210264,132.88957803238003,127.64163274991054,122.39368746744103,65482631600,4.254165023874137,4.893604225591598,-0.6394392017174608,61.84439826614865,62.59345188438778,NVDA
2024-07-15,128.37811279296875,131.32668826604316,127.11871779694197,130.49708637675548,208326200,50.86465149245596,56.00942233753731,58.61094093797543,127.66694679260254,113.57364242553712,99.729984664917,75.55661968231202,128.6057964666856,125.61226021484856,121.11920839297181,113.990933672299,104.3079277814552,133.08091480296474,127.8377290501733,122.59454329738185,65274305400,3.9811064662195292,4.711104673717184,-0.7299982074976548,55.485062914444796,56.33788433245502,NVDA
2024-07-16,126.2990951538086,128.97779607447222,124.5199543330253,128.37809442503013,214769500,44.7025679711919,53.22422415542687,56.779315342121244,127.39107894897461,114.38425247192383,100.31866775512695,75.97592353820801,128.09319617493514,125.67469975475402,121.41520192216248,114.43051086806719,104.79662038972972,133.06298625932484,127.73317599320907,122.40336572709327,65059535900,3.555955403209907,4.480074819615728,-0.9241194164058211,43.47570816813424,53.60172311624257,NVDA
2024-07-17,117.9331283569336,121.79126850169425,116.66374383425097,121.29150949460832,390086200,28.203636359765397,43.78809803029745,50.18197514976036,126.74189186096191,114.96813659667968,100.71309883117675,76.35029472351074,125.83540332649036,124.97092053677034,121.21622628986368,114.55560434981241,105.08854278900091,132.51325100970556,127.154406751569,121.79556249343246,64669449700,2.5149655620333107,4.087052968099245,-1.5720874060659344,6.536265234502761,35.1656787723606,NVDA
2024-07-18,121.03164672851562,122.3410206645978,116.50383081871446,121.79128264268718,320979500,38.32125015293214,47.50055742398781,52.32682029035115,126.01774177551269,115.54700881958007,101.13572677612305,76.73810995101928,124.76790186027375,124.61280473601991,121.20567888635807,114.78689157762325,105.44283398765678,132.05045927142206,126.6111771069681,121.17189494251419,64990429200,1.9178899091347432,3.6532203563063446,-1.7353304471716013,23.1240454226748,24.378672941770606,NVDA
2024-07-19,117.8731689453125,121.54139851435873,117.31344125378135,120.29200089882109,217223800,32.68678328271169,44.28953742422622,50.031305083241534,125.37555122375488,116.09441360473633,101.52402160644532,77.1037222290039,123.23573899028236,124.00011057322833,121.01524974686976,114.89711576932645,105.71906365338246,131.25830207656608,125.88613055448975,120.51395903241341,64773205400,1.1762809572449129,3.1578324764940584,-1.9815515192491455,6.993357872591596,12.217889509923056,NVDA
2024-07-22,123.48046875,124.01021213043963,119.8022417845173,120.29200352530061,258068900,48.7424459815685,50.66562884364045,53.79348971445868,125.22412452697753,116.75680252075195,101.97229705810547,77.50369163513183,123.29012338133072,123.95287040748029,121.15611940419147,115.20366409006479,106.11376154441841,130.3907841771233,125.35321283066787,120.31564148421248,65031274300,1.029149358762183,2.7320958529476833,-1.7029464941855004,35.63044426593911,21.915949187068506,NVDA
2024-07-23,122.53092193603516,124.62991607602876,122.04116019537173,122.72083281792666,173911000,46.48912474061355,49.629754247168165,53.08588789180867,125.4480167388916,117.43348190307617,102.42145072937012,77.89629508972168,123.12141194904282,123.82360236462165,121.23467954886824,115.46535187027801,106.47858733089878,130.02048668702645,125.16092464419766,120.30136260136892,64857363300,0.8263997923553177,2.35095664082921,-1.5245568484738925,30.781006017014494,24.468269385181742,NVDA
2024-07-24,114.1949462890625,119.8921965766103,113.38533904444206,119.11257365575831,327776900,31.26351017246654,41.59054866725052,47.36736737927001,124.85630226135254,117.92083465576172,102.77276351928711,78.24398593902588,121.13775291349164,122.94826999411627,120.83240907687934,115.41998024237745,106.65006197441352,129.81899679945926,124.95515125804238,120.09130571662556,64529586400,-0.006845358774441479,1.8793962409084801,-1.8862415996829216,3.5667018674801514,23.326050716811256,NVDA
2024-07-25,112.22588348388672,116.57378540069556,106.24876991914482,112.98551932388845,460067000,28.60773496145525,39.94459776255935,46.13995623386496,124.1506420135498,118.35839187622071,103.0727350616455,78.57646524429322,119.15733748469054,121.9735075840954,120.34060761442262,115.30590535814565,106.77396911906848,129.38666481162866,124.37289188501215,119.35911895839564,64069519400,-0.816670981767345,1.3401827963733153,-2.1568537781406603,20.033486278451186,18.12706472098195,NVDA
2024-07-26,113.00550842285156,116.14399449340688,111.52622597755057,116.13400480341201,293399100,31.377405489349343,40.94119057992113,46.71153402093912,123.60440444946289,118.79241256713867,103.35094085693359,78.91528596878052,117.79026435983744,121.15823493307323,119.92145908918998,115.2237483247423,106.91244777026367,128.76823253641246,123.79729618124468,118.8263598260769,64362918500,-1.3796506515820397,0.7962161067822444,-2.1758667583642843,22.64655450074871,15.415580882226687,NVDA
2024-07-29,111.53622436523438,116.2239668309142,111.24637081842914,113.63521853690591,248152100,28.84652444491256,39.60722443205122,45.75484470295866,123.0071922302246,119.13160446166992,103.60714797973633,79.24413711547851,116.4004776943701,120.28350669963334,119.44230281924965,115.09205104047416,107.01519836126302,128.29734750817423,123.2554934388291,118.21363936948397,64114766400,-1.922216919975213,0.2525295014307529,-2.174746421405966,17.721956416975804,20.133999065391905,NVDA
2024-07-30,103.68000793457031,111.93602131829121,102.49057904635741,111.46624662712419,486833300,19.008745225505464,33.350111574730846,41.054590487553455,121.9791877746582,119.31908905029297,103.75744834899902,79.52867071151734,113.57370663663681,118.77409772099125,118.54160025441084,114.68447807240616,106.94108301844761,127.626717882607,122.37115746372274,117.1155970448385,63627933100,-2.952105570080093,-0.3883975128714162,-2.5637080572086766,3.540619782275241,14.636376899999922,NVDA
2024-07-31,116.9636001586914,118.28296369436077,110.82655987338046,112.84559062727486,473174200,52.131963766831696,48.23971197879796,50.1134757574833,121.69682350158692,119.8098243713379,104.00091712951661,79.87892770767212,114.3270163082045,118.60950703350943,118.45142882036973,114.76587528977349,107.16380562156414,127.35097791370002,122.02640293231131,116.70182795092259,64101107300,-2.665696379832596,-0.8438572862636522,-1.821839093568944,49.28519965336302,23.515925284204695,NVDA
2024-08-01,109.15736389160156,120.10209097077005,106.75851907796755,117.47335365334001,523462300,40.46242455425777,42.26429659195571,45.79005733230518,120.74378318786621,120.09844055175782,104.21770439147949,80.19756837844848,113.17820466007052,117.75022129333598,117.92033939586868,114.56557131126735,107.20810691645386,127.3823909131355,121.53568669873974,115.68898248434401,63577645000,-3.033643111003883,-1.2818144512116985,-1.7518286597921846,23.11957134873414,25.315130261457472,NVDA
2024-08-02,107.21829223632812,108.66759790813096,101.32114215166182,103.7099895556254,482027500,37.931478948758865,40.90874394356932,44.786646895742884,119.8162296295166,120.3361622619629,104.4326309967041,80.50334587097169,111.85377967701666,116.79277319724436,117.30879384389493,114.30316848716238,107.2083332568955,126.44205064892445,120.57488010595344,114.7077095629824,63095617500,-3.4420328117894883,-1.7138581233272565,-1.7281746884622318,21.322717133913688,31.242496045336953,NVDA
2024-08-05,100.4015884399414,103.36016867781126,90.6462974352404,92.0156323292122,552842400,30.01212914286637,36.47925198653162,41.44852474620258,118.42939910888671,120.44626510620117,104.51803527832031,80.78581731796265,109.30884829099993,115.30266549203499,116.34266782081187,113.80668348547593,107.05707226096318,125.53518594978638,119.21347287853182,112.89175980727725,62542775100,-4.266553446455333,-2.2243971879528717,-2.0421562585024615,28.705862985975116,24.38271715620765,NVDA
2024-08-06,104.19976806640625,107.65809998114993,100.50155392872522,103.78996196090817,409012100,38.5853507363168,40.35451435766004,43.88487563953843,117.07355270385742,120.45545120239258,104.65166557312011,81.09598361968995,108.17349712997911,114.29331118061418,115.64878783484583,113.46357936336629,106.99357661219524,124.53233699714944,118.04736960575822,111.56240221436701,62951787200,-4.560935016843558,-2.6917047537310093,-1.869230263112549,39.88236442513066,29.970314848339825,NVDA
2024-08-07,98.8623275756836,108.74755983917498,98.64243239882663,107.75803154331864,411440400,31.979462527821397,36.94362778707901,41.356681721417516,115.2744197845459,120.30451873779298,104.76134490966797,81.37993734359742,106.10434834013566,112.89049448925685,114.68956153432227,112.94210608523477,106.81288218916166,123.38003407723647,116.65994262337435,109.93985116951225,62540346800,-5.165378109520532,-3.1864394248889143,-1.9789386846316175,24.176442854093292,30.921556755066362,NVDA
2024-08-08,104.91940307617188,105.44914638290969,97.47298958555044,101.95083346973259,391910000,44.83964203466966,42.847352884825426,45.10845075901856,114.1534595489502,120.12617156982422,104.93266441345214,81.69774394989014,105.84102717036592,112.16584981534004,114.1312667652851,112.65558097776824,106.77080487553965,122.13396736468775,115.16161684180732,108.18926631892687,62932256800,-5.0968944173109065,-3.568530423373313,-1.5283639939375937,41.999958249885665,35.35292184303655,NVDA
2024-08-09,104.69952392578125,106.54863093775165,103.3801603016259,105.58909444979487,290844200,44.4733653497834,42.69109562907937,44.99919395024507,112.92954902648925,119.92495742797851,105.09560852050781,82.00651672363281,105.58735978268044,111.48709291628924,113.59231003159917,112.37143608305442,106.72477640998946,120.64881087265509,113.95870487101655,107.26859886937802,62641412600,-5.0026950531628955,-3.8553633493312294,-1.1473317038316662,41.35294313147,35.843114745149656,NVDA
2024-08-12,108.96746063232422,111.01647580125626,106.20879614847053,106.26876479464013,325559900,53.34940942472195,46.75039594644995,47.57587614198507,111.95901641845703,119.89555328369141,105.29180725097656,82.33319158554077,106.33849330482349,111.25803543592879,113.32803292306917,112.24986553124263,106.77461383715244,119.66991723615287,112.97457564963419,106.27923406311551,62966972500,-4.531419175280973,-3.990574514521178,-0.5408446607597952,62.19884443101079,48.51724860412216,NVDA
2024-08-13,116.08403015136719,116.17399074467681,111.52623010948827,112.38581627538197,312646700,64.65473968922103,52.759147071810965,51.5339787733277,111.44826316833496,120.0258106994629,105.54943725585937,82.70486270904541,108.50416815961097,111.69676222824137,113.48551847897193,112.38679998196137,106.9814897552461,119.00769664326143,112.29141266788145,105.5751286925015,63279619200,-3.542842281685921,-3.901028067954127,0.35818578626820585,86.35901350083722,63.30360035443935,NVDA
2024-08-14,118.02308654785156,118.54283254935508,114.0150172571808,118.47286659481198,339246400,67.24976456135529,54.2732067962636,52.55439362514831,111.45276107788087,120.08756973266601,105.81583381652833,83.09348903656006,110.61948335699778,112.2718826209332,113.74480808290791,112.58809593074318,107.22685857285956,118.5472841265196,111.82766807729546,105.10805202807131,63618865600,-2.5732593928912166,-3.635474332941545,1.0622149400503282,92.94195072215322,80.49993621800041,NVDA
2024-08-15,122.80079650878906,123.180610648127,117.41339446628129,118.70277375276062,318086700,73.09115222619357,57.85716585781674,54.99519683483048,111.54121856689453,120.21615905761719,106.10148361206055,83.50513452529907,113.32644183517361,113.22905661073827,114.2622931358154,112.95283523710197,107.57294608254688,118.68896246736921,111.93888491745922,105.18880736754926,63936952300,-1.403161925950016,-3.1890118515432393,1.7858499255932232,98.83257366813726,92.71117929704258,NVDA
2024-08-16,124.51995086669922,124.93974658505293,121.12158823444238,121.88122402888025,302589900,75.01535617814262,59.099395243072685,55.84961699251405,111.87355766296386,120.2591389465332,106.39719902038574,83.92207307815552,115.81388828662375,114.25550154309836,114.84844500615162,113.36594650958759,107.94954618886138,118.76273537194935,112.10880217895712,105.4548689859649,64239542200,-0.33328792841692234,-2.6178670669179764,2.284579138501054,98.77587198499685,96.85013212509578,NVDA
2024-08-19,129.93736267089844,129.93736267089844,123.36053125322975,124.22011749326396,318333600,80.33331900295623,62.81871965593359,58.44847031108587,112.19640235900879,120.43929107666015,106.77148468017577,84.36800235748291,118.95243814979591,115.68112528198927,115.71066887270858,113.95778280106298,108.43816433290664,119.2953364886612,112.52955214533131,105.76376780200141,64557875800,0.9408887996538624,-1.9061158936036087,2.847004693257471,100.0,99.20281521771138,NVDA
2024-08-20,127.18867492675781,129.81741234204915,125.82932973595075,128.3381146113763,300087400,71.11694614928493,59.845127728322005,56.67874354840408,112.42929000854492,120.56666809082031,107.14138046264648,84.79246858596802,120.78271298912077,116.7272661587864,116.36655493293996,114.43031466269493,108.85484234610333,119.53157190326961,112.77625840469322,106.02094490611687,64257788400,1.7091844924883617,-1.1830558163852147,2.8922403088735766,93.00429314487994,97.26005504329227,NVDA
2024-08-21,128.4380645751953,129.28766098618868,126.59895509298427,127.25863301570179,257883600,72.81793149366787,60.754495145959126,57.293223215358424,113.14144592285156,120.70100311279298,107.5227108001709,85.21728090286256,122.48390223047068,117.79188419664176,117.05635548392598,114.93059144528424,109.29002506230536,119.77637400619936,113.01630098321597,106.25622796023256,64515672000,2.391314087120236,-0.46818183568412464,2.8594959228043604,96.18412459242144,96.39613924576713,NVDA
2024-08-22,123.68035888671875,130.68698241163722,123.04066795762931,129.9573385201996,376189100,57.376923841239986,55.59158517786407,54.2308527265518,113.71416969299317,120.75757568359376,107.85639411926269,85.61081493377685,122.7497814874147,118.32720007755785,117.43486996408556,115.24308313962119,109.60981025840343,120.30580096034839,113.49146808394406,106.67713520753973,64139482900,2.5189625854049638,0.12924704853369307,2.389715536871271,82.5012396040459,90.56321911378244,NVDA
2024-08-23,129.30763244628906,129.53753255606168,125.15963905002394,125.79932992863567,323230300,67.2373908107999,59.92900446342831,57.068363561245334,114.52927589416504,120.84093505859374,108.25545486450196,86.02875797271729,124.2070817004979,119.32542120198795,118.1133135344972,115.74538847200219,110.04753964035643,120.7996898384771,114.268553246621,107.73741665476493,64462713200,3.0391652815720533,0.7112306951413652,2.327934586430688,95.84708176288642,91.51081531978458,NVDA
2024-08-26,126.39904022216797,131.19672185153635,124.31005134750605,129.50754931146787,331964700,58.80020541037917,56.83884512090259,55.21850172925402,115.27241668701171,120.77796524047852,108.63030700683593,86.4311386871338,124.69418359420236,119.96847747654977,118.58678363093553,116.12587603450811,110.41090631995223,121.56217857644415,114.92299903277024,108.28381948909635,64130748500,3.1800726834075874,1.2049990927946097,1.9750735906129777,85.77357455121486,88.04063197271574,NVDA
2024-08-27,128.23817443847656,129.1377346219971,123.82029866993177,124.98974063480068,303134600,62.381951791593295,58.30292466948495,56.15794490652279,116.50032501220703,120.70639968872071,109.05412330627442,86.83962228775025,125.48173711515219,120.7202681094522,119.13829167708073,116.55845812036414,110.80706783369722,122.24803834683414,115.5926759488945,108.93731355095485,64433883100,3.400941637332892,1.6441876017022663,1.7567540356306255,91.22710561890028,90.9492539776672,NVDA
2024-08-28,125.54946899414062,128.26815944285755,122.580899020736,128.05825393148814,448101100,54.12683105238449,55.347085115293936,54.41328103315334,116.92961845397949,120.59905166625977,109.43003425598144,87.23278366088867,125.49678864381627,121.15928637169661,119.504644666627,116.87956565157045,111.13467674837374,122.99434586443856,116.51794450696616,110.04154314949376,63985782000,3.32074631920959,1.979499345203731,1.341246974005859,79.69823535787116,85.56630517599542,NVDA
2024-08-29,117.5333251953125,124.37003270157089,116.65375204642187,121.30151255769351,453023300,36.73492591492781,47.59898592476215,49.609402818767734,117.34841651916504,120.23942520141601,109.73452903747558,87.57894418716431,123.72713009970433,120.82965353747987,119.39199783969475,116.9029142067041,111.27686893608349,123.20487946315886,116.7161030183451,110.22732657353134,63532758700,2.580607504030297,2.0997209769690444,0.4808865270612528,45.32000447501147,72.08178181726097,NVDA
2024-08-30,119.31246948242188,121.69131963851615,117.16350420185492,119.47238840117339,333751600,41.72221466348879,49.29557488248611,50.62093741793551,117.95312538146973,120.01133499145507,110.07459526062011,87.9325764465332,122.74609440697489,120.69172771429278,119.3874533621363,116.98896975226545,111.45543783711322,123.13665803481011,117.06767951647929,110.99870099814845,63866510300,2.1132440733996276,2.102425596255161,0.010818477144466598,39.583348881358,54.86719623808022,NVDA
2024-09-03,107.94795227050781,116.15399476413343,107.238295351223,115.95409419910477,477155100,26.007191754799507,40.31628563557617,44.63719235080156,118.33044357299805,119.6401139831543,110.28417572021485,88.22420970916748,119.45761837664888,119.53320267394868,118.73376758547181,116.6660762707741,111.37749371341087,123.43572059130325,117.29201618457043,111.14831177783766,63389355200,0.8164224162753442,1.8452249602591977,-1.0288025439838535,2.962034753307064,29.288462703225516,NVDA
2024-09-04,106.1588134765625,113.21540862229497,104.06982436712501,105.3592035946603,372470300,24.27951696718847,39.108518749064,43.78532942464848,118.42839584350585,119.40222869873047,110.44011512756347,88.51073459625245,116.50232839885192,118.31734911054993,118.01519877924842,116.29081688526654,111.26152304148091,123.72669092385541,117.75290494509409,111.77911896633276,63016884900,-0.35163322932224617,1.405853322342909,-1.7574865516651552,7.700803641986495,16.74872909221719,NVDA
2024-09-05,107.15833282470703,109.5971593888533,104.70951657024186,104.93940145906154,306850700,27.507918355628576,40.18655478685402,44.40500005059038,118.84319610595703,119.02481063842774,110.63033584594727,88.7992991065979,114.42588493793083,117.3028930845642,117.39480643898891,115.96465674024655,111.17034103666371,123.76318103665037,117.897438069023,112.03169510139563,63323735600,-1.1830355879376242,0.8880755402868024,-2.071111128224427,11.385409847760346,7.349416081017973,NVDA
2024-09-06,102.78044891357422,108.09788494505915,100.90134998938433,107.98793734308131,413638100,22.472080734589994,37.089259431765356,42.27129220076046,118.73624839782715,118.55363784790039,110.79861541748046,89.06688356399536,111.8380102658516,115.98267088720148,116.55970029467949,115.49379217500827,110.98389898948395,123.71241256967117,117.98517400607588,112.2579354424806,62910097500,-2.1701702197871953,0.27642638827200283,-2.446596608059198,6.202594022413853,8.42960250405357,NVDA
2024-09-09,106.41868591308594,106.49864918568733,103.64002700878578,104.8294482794324,273912000,34.44098520872035,41.14872751959697,44.584763782729816,118.82220649719238,118.20340637207032,110.98914527893066,89.34710809707641,110.633715965237,115.11321770773642,115.98021375858843,115.16968123708247,110.88244981000842,123.6070668427117,118.12352040390012,112.63997396508854,63184009500,-2.628605282160848,-0.3045799458145673,-2.3240253363462804,18.211811192832428,11.933271687668883,NVDA
2024-09-10,108.04788970947266,109.34726610485653,104.89940661736314,107.7580285866342,268283700,39.463051823521134,42.924800799624315,45.60527711721318,118.7762279510498,117.89475479125977,111.22974822998047,89.6378020477295,110.05908790840047,114.47091516243971,115.52693809863896,114.91533153966783,110.81945958555207,123.78967658589643,118.24520686844828,112.70073715100013,63452293200,-2.827857460865374,-0.8092354488247288,-2.0186220120406455,23.589542827221383,16.001316014155893,NVDA
2024-09-11,116.8536605834961,117.13352442144715,107.36822866067497,109.33728046789619,441422400,59.55704172168388,51.45277844790963,50.73212517898747,118.81470947265625,117.74702606201171,111.55205245971679,89.97866054534911,111.56899294731062,114.68752838253573,115.60275081205937,114.98455757694742,110.95355294106194,124.26643102093651,118.48588434596522,112.7053376709939,63893715600,-2.2492857652175786,-1.097245512103299,-1.1520402531142797,52.65593261801473,31.48576221268952,NVDA
2024-09-12,119.09276580810547,120.74211318355616,115.33425434141012,116.79367460276575,366052700,63.27648754904825,53.36104582792514,51.9363909280932,118.86819343566894,117.67666366577149,111.98140983581543,90.33541126251221,113.2409424719317,115.08800451213298,115.80218024040487,115.13127929948878,111.13442433810735,124.48333859154624,118.66659676386267,112.84985493617909,64259768300,-1.5917378858640916,-1.1961439868554575,-0.39559389900863406,60.046847754483764,45.43077439990663,NVDA
2024-09-13,119.05278778076172,119.91244749081417,117.55338237388469,119.03279906427295,238358300,63.15205016296902,53.320746054433975,51.91270533959104,118.68079299926758,117.49335601806641,112.37720626831054,90.68963375091553,114.5324636516717,115.44843935473558,115.98792924271096,115.27133317381995,111.31038797016633,124.47431368305955,118.76084567324477,113.04737766343003,64021410000,-1.0616147132143965,-1.1692381321272454,0.10762341891284888,59.91488691397765,57.53922242882538,NVDA
2024-09-16,116.73371124267578,118.1331578565614,114.31467227697621,116.74370941440674,248772300,55.54789315959292,50.91842187618085,50.51557604410727,118.2914810180664,117.31264297485352,112.72077827453613,91.03436437606811,115.02162978300595,115.56528225363924,116.03054535699465,115.32356096199338,111.43090626511099,124.15590968220613,118.5352383677371,112.91456705326807,63772637700,-0.8191754304077961,-1.0992255917833555,0.2800501613755595,56.07078051701141,58.677505061824284,NVDA
2024-09-17,115.54417419433594,118.75290839853001,114.78448096424103,118.12315326201993,231925900,51.715019940255544,49.68195733489431,49.7968998011435,117.57182159423829,117.06076248168945,113.07989936828614,91.37155344009399,115.1377507633015,115.56336333915712,116.00275271912844,115.33144000600561,111.52231221909376,123.82179992223705,118.19397293711667,112.56614595199628,63540711800,-0.7147866351373153,-1.0223378004541475,0.30755116531683213,53.50577760935604,56.49714834678171,NVDA
2024-09-18,113.32505798339844,117.65333558843457,113.17511592459984,115.84405559100924,310318900,44.79551924782449,47.370928393400284,48.45249108999753,116.8786407470703,116.70092971801758,113.38729606628418,91.70449209213257,114.73493014554526,115.35988103408815,115.84974159137244,115.25978350519821,111.56237323607832,123.10152083715617,117.57362774507548,112.04573465299481,63230392900,-0.8018783407393641,-0.9782459085111909,0.17636756777182672,52.93738956879271,54.17131589838672,NVDA
2024-09-19,117.82327270507812,119.6125639674696,117.2035157611041,117.30347459042382,293506400,58.35074325322921,52.22242375915522,51.24207554308354,116.34790115356445,116.36049545288085,113.6886735534668,92.05994682312011,115.42122849210813,115.58382573145087,115.9625147978699,115.35133669090821,111.70150433538942,122.57877214238943,117.12607116458176,111.67337018677406,63523899300,-0.5021424247011197,-0.8830252117491767,0.380882787048057,81.3946484832913,62.61260522048002,NVDA
2024-09-20,115.95401763916016,118.57298181753792,115.3442588328446,117.01359501507952,382462400,51.98537961365746,50.153409694163024,50.065012565331045,115.96158409118652,116.13280364990234,113.97113868713379,92.41232593536377,115.53962608034192,115.61747954124263,115.96202924594363,115.37286101048863,111.79600463102877,122.05760752190753,116.57919144450514,111.10077536710278,63141436900,-0.41069853648568255,-0.7885598766964779,0.3778613402107953,75.8673822295178,70.0664734272006,NVDA
2024-09-23,116.21391296386719,116.94361929782039,114.81446644323901,116.50379891378353,206228500,52.84365781783729,50.44736934159281,50.23118742573639,115.30689811706543,115.8735272216797,114.26974517822265,92.7607077217102,115.6894676100142,115.67170076148122,115.97642260125355,115.40289858025216,111.89418037175851,121.32764727826725,116.11195318178996,110.89625908531261,63347665400,-0.31364174874498474,-0.6935762511061794,0.37993450236119464,77.17728811450601,78.14643960910506,NVDA
2024-09-24,120.82209014892578,121.75172180406905,115.33426088161053,116.47380837806097,354966800,65.83703593347053,55.46261656388266,53.12291159320132,115.02805061340332,115.72240676879883,114.64802459716798,93.13744216918946,116.83005039643899,116.13991797852164,116.25331788969196,115.59644113627621,112.09257836680666,121.01053570733856,115.69771935293645,110.38490299853434,63702632200,0.13357803702513138,-0.5281453934799172,0.6617234305050486,95.5414144965581,82.86202828019397,NVDA
2024-09-25,123.4610366821289,124.89047006468225,121.5617884105282,121.97162190060216,284692900,71.27593011152734,58.079238052393386,54.69876636557015,114.78919372558593,115.66564559936523,115.02494903564452,93.52190969467163,118.30360290437008,116.80547422430412,116.66518753497407,115.8773195486281,112.34521077381382,120.6507502341084,115.50736192017659,110.36397360624477,63987325100,0.69295590559598,-0.28392513366473776,0.9768810392607177,94.04132632599034,88.92000964568483,NVDA
2024-09-26,123.9908218383789,127.61937987933592,121.75171208350119,126.7497296956914,302582900,72.33690774988476,58.605034452573456,55.016151455111995,114.71126136779785,115.78679946899415,115.37746803283692,93.90447891235351,119.56742933414982,117.45868764376546,117.08379520945434,116.16708748754776,112.60400213080415,120.55259787858648,115.38300804828471,110.21341821798292,64289908000,1.165580049782875,0.00597590302478479,1.1596041467580902,84.86799013907765,91.4835769872087,NVDA
2024-09-27,121.35187530517578,123.98082995705606,119.21272426875333,123.92085618310571,271009200,59.254352833413094,54.910503133680415,53.079552450664835,114.90218887329101,115.79320404052734,115.6701064300537,94.27824569702149,119.9639728832667,117.81261379480276,117.32768550063842,116.35225848103448,112.79839931245685,120.32068419401178,115.19486363674902,110.0690430794862,64018898800,1.3120724045480472,0.2671952033294373,1.0448772012186098,72.41411993802703,83.77447880103168,NVDA
2024-09-30,121.39186096191406,121.45183473616015,118.1031642748816,118.26309688166123,226553700,59.387902538948104,54.95683839521878,53.10570104469678,115.00615844726562,115.86357788085938,115.97899574279785,94.64706552505493,120.28128134518835,118.1379999009038,117.5599240984256,116.53224428392305,112.98936512688924,120.15063529636161,115.23279617690217,110.31495705744274,64245452500,1.4150829638953297,0.4967727554426158,0.9183102084527139,69.24856838912274,75.51022615540914,NVDA
2024-10-01,116.95361328125,122.39145893750027,115.74409392230913,121.72171877480598,302094500,41.34017364420248,48.944639390751384,49.87999314189173,115.45644149780273,115.73304077148437,116.24492164611816,94.9915404701233,119.54179955320204,118.03032839002617,117.52527776601555,116.54729317668472,113.07745953031947,120.20270706705774,115.18393701528736,110.16516696351697,63943358000,1.1256146929732012,0.6225411429487329,0.5030735500244683,26.159154723915464,55.940614350355084,NVDA
2024-10-02,118.80288696289062,119.33267565347262,115.09435850244638,116.39384623986545,221845900,49.077720746908895,51.333632388987645,51.17195020353119,116.08864517211914,115.65848007202149,116.54598098754883,95.34395261764526,119.37759675535506,118.1005609875593,117.59828400583697,116.62785009762064,113.20469125104327,120.32742979637985,115.53139223327062,110.73535467016139,64165203900,1.0335162024047122,0.7047361548399288,0.3287800475647834,38.96197865067064,44.789900587902956,NVDA
2024-10-03,122.80130004882812,124.31070361178112,120.29229289145833,120.87206480654892,277118000,62.06170676166149,56.11508588490838,53.86040280127546,116.8707935333252,115.8306071472168,116.87572090148926,95.71365846633911,120.13841970946018,118.52790090222011,117.8955992082936,116.8483304530209,113.41794922432737,120.78106042307103,116.22917398066882,111.67728753826657,64442321900,1.2685430305821797,0.8174975299883789,0.4510455005938008,66.64364590950298,43.92159309469636,NVDA
2024-10-04,124.87047576904297,124.99043094258552,121.78170440742984,124.89047211115172,243678100,67.24771053183984,58.39327082609924,55.19507205739957,117.97529487609863,116.08349899291993,117.22094543457031,96.08777881622315,121.1899877227008,119.10449861738581,118.29416358319357,117.13483564287884,113.67244981420994,121.49758190695816,117.0256438590062,112.55370581105424,64686000000,1.6032869787089368,0.9746554197324906,0.6286315589764462,80.96888758813063,62.19150404943475,NVDA
2024-10-07,127.66937255859375,130.58821322989388,124.9004663256647,124.94045138468705,346250200,73.19525250774804,61.31844569939911,56.95586585410521,119.03782920837402,116.37677627563477,117.58459442138673,96.47825719833374,122.6298510195659,119.88312352113199,118.82988981035929,117.51106910415437,113.98349254186292,122.55872482936763,118.15863383148454,113.75854283360141,65032250200,2.070553497020768,1.193835035190146,0.8767184618306219,83.23767093168011,76.95006814310459,NVDA
2024-10-08,132.83731079101562,133.42707320550807,129.36868536610157,130.20834865989482,285722500,80.88588076554686,66.0628217168877,59.99098770843035,120.27730026245118,116.80279800415039,117.96720123291016,96.9020357131958,124.8981754132214,121.06077690930323,119.63031386639679,118.05843487868513,114.40246628073298,123.8710264840118,119.41380378791416,114.9565810918165,65317972700,2.8253066282329513,1.520129353798707,1.3051772744342443,96.83138196586204,87.01264682855759,NVDA
2024-10-09,132.597412109375,134.46668122269037,131.32792651292905,134.0568400839603,246191600,79.61346679785446,65.66022264740454,59.786399660363536,121.06448783874512,117.38114608764648,118.35011756896972,97.32022239685058,126.60911690125553,122.10956192749157,120.37129090885269,118.57768406549549,114.80679841025837,125.01658431068013,120.62169993733163,116.22681556398315,65071781100,3.3653029857386088,1.8891640801866876,1.4761389055519212,90.48825216753735,90.1857683550265,NVDA
2024-10-10,134.75656127929688,134.94648840712318,130.94807393580103,131.8577168886846,242311300,82.5741137144147,67.57548638886603,61.03668764640766,121.8476776123047,117.73700531005859,118.77341484069824,97.75000436782837,128.41966009637582,123.25928914129204,121.19330635859235,119.15550110884554,115.25012647401478,125.68317266128733,121.56290168267454,117.44263070406177,65314092400,3.9222658436557367,2.2957844328804975,1.6264814107752392,99.0565918904369,95.45874200794543,NVDA
2024-10-11,134.74656677246094,135.72617401836632,133.60701929174726,133.9568713960576,170209500,82.50755622527359,67.55670347502097,61.02750544962634,122.63236656188965,118.24878936767578,119.1736149597168,98.1774927520752,129.82563935772805,124.30358710776194,121.96777838224199,119.7123248825461,115.68338070286913,126.3029268581591,122.33926083742857,118.37559481669803,65143882900,4.313137286280195,2.6992550035604372,1.613882282719758,95.25195809767929,94.93226738521786,NVDA
2024-10-14,138.01527404785156,139.54466630986312,136.24597143489578,136.4159022137037,232347700,86.7112645219396,70.44962180539044,62.934065163372225,123.69644470214844,118.86472900390625,119.60044563293457,98.62063507080079,131.6455581777555,125.55010410231554,122.88477813456254,120.36600163844987,116.1796449994243,127.25699326167121,123.24858296674839,119.24017267182559,65376230600,4.830974611885708,3.1255989252254914,1.7053756866602163,93.74489567142533,96.01781521984718,NVDA
2024-10-15,131.54783630371094,138.5150744275185,128.68896947491228,137.8153397242487,377831000,55.20956965953822,59.201395356635594,57.15076616156442,124.49662780761719,119.48765396118164,119.96695953369141,99.03091548919677,131.6238422057456,126.09535248426057,123.37981002994245,120.76535287649492,116.52116036174178,128.32990114975044,124.03541374182664,119.74092633390282,64998399600,4.665712814900061,3.433621703160406,1.2320911117396554,67.29354055932814,85.43013144281092,NVDA
2024-10-16,135.6661834716797,136.56582048896271,131.52782573724866,133.92686795182897,264879700,64.94193293718087,63.2276576186258,59.621017183097784,125.61368408203126,120.1169822692871,120.28621673583984,99.46178764343261,132.52214026484205,126.96542802857141,124.08188851232744,121.29752539775151,116.9466053197404,129.24874191313233,124.90332272818829,120.55790354324424,65263279300,4.811592801431331,3.7092159228145913,1.1023768786167398,84.13728420626698,81.72524014567348,NVDA
2024-10-17,136.87571716308594,140.83415423256426,136.81574338597488,139.28476556198524,306435900,67.43567440356964,64.34069394164415,60.32333447963668,126.56630630493164,120.87725006103516,120.59088439941407,99.90547338485717,133.48960179778516,127.86636340443637,124.81296443522793,121.8538893893706,117.38947447181475,130.34386379937766,126.02034027239768,121.69681674541769,65569715200,4.967540289892142,3.960880796230102,1.00665949366204,84.62133456309213,78.68405310956241,NVDA
2024-10-18,137.94529724121094,138.8449343829922,137.22558142668973,138.61502982502418,176090200,69.72116384131209,65.3397721227271,60.95122780022591,127.66587028503417,121.53776794433594,120.83196975708007,100.35750017166137,134.47975634076866,128.78263011687042,125.56338345271267,122.42858252693632,117.84627053335689,131.24874276552134,126.96282377425864,122.67690478299595,65745805400,5.11843385215613,4.1923914074153075,0.9260424447408226,88.77669029838842,85.84510302258252,NVDA
2024-10-21,143.6530303955078,143.6530303955078,137.94528751258602,138.07524085271365,264554500,79.10993156235219,70.14657001850192,64.1191126206121,129.0378261566162,122.31683807373047,121.1208977508545,100.83592189788818,136.51826168626624,130.13448468765563,126.59707756372953,123.18659852224245,118.41975408584912,132.5633006974062,128.15933313956117,123.75536558171615,66010359900,5.633643318065765,4.480641789545399,1.1530015285203659,100.0,91.13267495382684,NVDA
2024-10-22,143.5330810546875,144.3627538949317,141.72380093133486,142.85335791004843,226311600,78.49612281463672,69.92709312137673,64.00503105506175,130.1733757019043,123.00815048217774,121.45185188293458,101.30825225830078,138.0771104348043,131.35253890284034,127.56484919178428,123.91325861268692,118.97782801848997,133.8835711339629,129.45532738045048,125.0270836269381,65784048300,5.96352778618521,4.777218988873361,1.186308797311849,96.55314935545073,95.10994655127972,NVDA
2024-10-23,139.50466918945312,142.37352650102258,137.40551088320953,141.97369118156848,285930000,59.79773884588725,62.81839764595548,60.24174958875924,130.9755573272705,123.47656326293945,121.75118698120117,101.74467018127442,138.39434571361517,132.09364165616876,128.24712462022248,124.47009470471428,119.43398004451137,134.78876633753663,130.42954378900734,126.07032124047802,65498118300,5.8326690550214835,4.988309002102986,0.8443600529184971,78.48601010255337,91.6797198193347,NVDA
2024-10-24,140.35433959960938,141.293969386979,138.40511570705533,140.76418072009866,172354900,62.08375384472215,63.65758613124212,60.75061996946079,131.79373321533203,123.92318832397461,122.0053790283203,102.18090417861939,138.82989991050277,132.84461419648153,128.93896547618743,125.03738916524625,119.89887692351355,135.56369722029237,131.22541886101214,126.88714050173192,65670473200,5.731455220817111,5.136938245845811,0.5945169749712997,79.40419757412262,84.81445234404224,NVDA
2024-10-25,141.48388671875,144.0728716327459,140.74418981710016,140.8741279131319,205122100,65.23715359431294,64.79514153637427,61.43660429195316,132.80033378601075,124.29685012817383,122.25650459289551,102.61673961639404,139.41967475677993,133.63000260759685,129.65581811861958,125.62476407787139,120.37854380785214,136.2830952588132,132.0657209938277,127.84834672884219,65875595300,5.676947226647513,5.244940042006152,0.43200718464136134,81.63259683153066,79.84093483606888,NVDA
2024-10-28,140.4643096923828,143.08326638426843,139.99449475491215,142.9433224828564,173586700,59.84595384724927,62.88183580258588,60.43976533331825,133.75395622253419,124.6157373046875,122.43743812561036,103.04511863708495,139.65181585358056,134.2513032516683,130.2734462085489,126.15474784981822,120.82489416084171,137.13958159411067,133.0021756176464,128.86476964118216,65702008600,5.488213198039205,5.293594673212763,0.19461852482644204,75.12761373973231,78.7214693817952,NVDA
2024-10-29,141.19400024414062,142.20359433012132,138.8449258203989,140.23437413304583,157593600,62.5069321008111,63.70779510606563,60.91426932633254,134.96597557067872,124.84087005615234,122.64008056640625,103.4777057647705,139.99452349592724,134.88245752371125,130.89747786772557,126.69186400675831,121.2775409626928,138.11300468247632,133.97512260846713,129.83724053445792,65859602200,5.336009849861938,5.302077708542598,0.0339321413193403,79.78309790490822,78.84776949205705,NVDA
2024-10-30,139.28475952148438,140.27437255912164,136.75576367804047,139.48467718743143,179418100,51.741032723923865,59.94890144829859,58.97915477803857,135.9900691986084,125.08279174804687,122.8247299194336,103.89239179611207,139.83679816827328,135.28266679623607,131.37675110508323,127.14161027514137,121.67770137511039,138.9358532731947,134.94695958652406,130.95806589985344,65680184100,5.003648880111001,5.242391942856278,-0.2387430627452769,67.60198917268869,74.17090027244306,NVDA
2024-10-31,132.70736694335938,137.55545044959692,132.05763071180766,137.54545990469654,270039600,30.2220894650424,49.182799900348115,52.92383383859842,136.48537254333496,125.16817779541016,122.93459045410157,104.27583484649658,138.2524801182924,135.04854862779274,131.45278629584186,127.34038729900631,121.9228050544048,139.77504430091284,135.72617430058685,131.6773043002608,65410144500,4.1615381838448116,5.026221191053985,-0.8646830072091731,25.637697704420216,57.674261594005706,NVDA
2024-11-01,135.34632873535156,137.25557537634637,134.5166711244238,134.64660922766117,207127800,41.863270182421225,52.84208197074617,54.867460665349356,137.0091651916504,125.4014971923828,123.07953643798828,104.6672059249878,137.6066686998611,135.07561954666173,131.67527443524241,127.62631377887578,122.22110558064806,140.3445007974026,136.3565596765242,132.3686185556458,65617272300,3.6648553803325683,4.753948028909702,-1.0890926485771333,42.47448530640842,45.23805739450577,NVDA
2024-11-04,135.99606323242188,138.90491316378314,135.5162578090522,137.15560698724303,187528200,44.59424692962101,53.7255960910465,55.342050632882284,137.4254997253418,125.53526580810546,123.1881004333496,105.04991296768189,137.2487563737635,135.1592962453672,131.9221766522241,127.92523340221672,122.52721575068747,140.9685390441474,136.97202988424164,132.97552072433587,65804800500,3.285782370163787,4.460314897160519,-1.1745325269967317,34.81310873172678,34.3084305808518,NVDA
2024-11-05,139.8545379638672,140.31434706066804,137.27555894461494,137.39550649112996,160537400,58.48997672992029,58.676865383013364,58.07887307632998,137.77636108398437,125.80437576293946,123.29117050170899,105.45109786987305,137.82781894934212,135.58613640159444,132.37545444146085,128.35127999370425,122.9122673554248,141.3866265916152,137.51625832638445,133.64589006115372,65965337900,3.259141587267493,4.220080235181914,-0.9609386479144213,63.36309792292578,46.883563987020324,NVDA
2024-11-06,145.5522918701172,146.4319479858603,141.90374455387283,142.90334822985668,242043900,71.26184956071152,64.6858037694606,61.70225589697914,138.4241050720215,126.15065811157227,123.42852890014649,105.87967720031739,139.54436848729213,136.49215053509653,133.1284165802412,128.9656018464333,123.41537901130685,142.01621963645596,138.12347920014994,134.23073876384393,66207381800,3.6556496434767496,4.107194116840882,-0.45154447336413206,93.88036246193768,64.01885637219675,NVDA
2024-11-07,148.8209991455078,148.8709671267726,146.1120664908763,146.33198051831096,207323300,76.28502043340767,67.59684782937029,63.589736888745094,139.12732696533203,126.61608871459961,123.60757019042968,106.31715963363648,141.60584196689564,137.61295495422482,134.02513558397072,129.6747231785431,123.97994834762244,142.71895694909986,138.84430480202553,134.9696526549512,66414705100,4.185395855996916,4.1228344646720885,0.0625613913248273,99.70280746169863,85.64875594885403,NVDA
2024-11-08,147.5714569091797,149.71060760531262,146.20198985995728,148.71100419118065,175665800,70.62239619394464,65.37818203899747,62.36143377888423,139.76857147216796,127.21685134887696,123.72813827514648,106.74712013244628,142.93153417629208,138.51827331376617,134.79921108826838,130.31389224035155,124.50420409343482,143.37552108520032,139.52419259174343,135.67286409828657,66239039300,4.453063783067762,4.188880328351224,0.26418345471653826,87.88220984461842,93.8217932560849,NVDA
2024-11-11,145.20240783691406,148.7909962143961,143.51309063046196,148.62105018654825,182325600,60.41876640688232,61.27202569903622,60.06186905578901,140.1279281616211,127.7346501159668,123.87299255371094,107.16816360473632,143.4361727675414,139.1259219067796,135.39367947390528,130.8456249402288,124.96416417662324,144.05652088156768,140.05477568061957,136.05303047967152,66056713700,4.423043984745192,4.235713059630017,0.1873309251151749,74.46209896724415,87.34903875785373,NVDA
2024-11-12,148.231201171875,149.5906625866308,145.95210633724608,146.72180532829077,198634700,67.60047416504446,64.35442261961364,61.93783015421939,140.96209640502929,128.54031509399414,124.09021453857422,107.5971854019165,144.5017346351711,139.9536745672428,136.1272521423607,131.4665383770733,125.48120944318438,144.54838822166917,140.5304591457488,136.5125300698285,66255348400,4.590732283609071,4.306716904425828,0.28401537918324316,91.61950733656751,84.65460538281002,NVDA
2024-11-13,146.21200561523438,149.2707898303925,145.8421419549503,149.01089841600094,191903300,59.031786429145676,60.87584114263998,59.9743980602742,141.48938751220703,129.34137893676757,124.37180381774903,108.01456718444824,144.88179485296294,140.52261375342385,136.70352376938206,131.99316220700763,125.94189380256327,144.91951022108094,141.2062219583589,137.49293369563688,66063445100,4.508720538501365,4.347117631240936,0.1616029072604288,80.18123509035193,82.08761379805453,NVDA
2024-11-14,146.7018280029297,148.94094569769402,145.49231611296014,147.5814841067195,194463300,60.48965020160233,61.42062459375017,60.29361479774534,141.9806930541992,130.13224884033204,124.57852973937989,108.44062929153442,145.28624666406665,141.08436050337892,137.2748554398705,132.51847169971913,126.40322567368251,145.43708426258496,141.79948005543338,138.16187584828182,66257908400,4.432159042196048,4.364125913431958,0.06803312876408985,82.95596476144516,84.91890239612154,NVDA
2024-11-15,141.92369079589844,145.18240774117885,140.0244503789864,144.81254410002094,250132900,42.701977312605806,53.58258861335715,55.75854132616117,142.1796127319336,130.91511367797852,124.73437576293945,108.8353052520752,144.53901202669593,141.16066325724432,137.54050317450066,132.85437238172554,126.74812489862065,145.69142670196985,141.99955837502768,138.30769004808548,66007775500,3.9405040864991463,4.279401548045396,-0.33889746154624945,55.88893104890874,73.00871030023528,NVDA
2024-11-18,140.09442138671875,141.49387540802257,137.09561095173166,139.44468522690033,221205300,37.6197481268454,50.90433598687702,54.1289932956272,142.00168228149414,131.58862838745117,124.89601737976074,109.20517944335937,143.55132521781212,141.06373217810565,137.68644135805596,133.1129455604753,127.04470926502282,145.8978525622166,142.07365511622734,138.2494576702381,65786570200,3.36447368017528,4.096415974471373,-0.7319422942960934,45.52654616495906,61.45714732510431,NVDA
2024-11-19,146.95172119140625,147.07168399645053,140.9341184421503,141.26398946372595,227834900,59.37148434788603,59.14770050906297,58.84290161563296,142.17261428833007,132.36670501708986,125.1307299041748,109.59348979949951,144.3069687674997,141.5990039065875,138.2158859199617,133.60718754729427,127.48708730783133,146.07238658349502,142.22772139124964,138.3830561990043,66014405100,3.4218472929145207,3.961502238160003,-0.5396549452454824,84.37155143548938,61.929009549785725,NVDA
2024-11-20,145.83216857910156,147.5015047606034,142.67341754276418,147.3515703217148,309871700,55.57485861672978,57.45164565795411,57.828565692613495,142.4889892578125,132.94627517700195,125.34665061950683,109.98174404144287,144.64590205896678,141.98383705863424,138.65110207191253,134.04379401271595,127.89475578052621,146.2780192464195,142.32910956587688,138.38019988533426,65704533400,3.338493678063003,3.8369005261406035,-0.4984068480776007,74.47377096061038,68.1239561870196,NVDA
2024-11-21,146.6118621826172,152.8293979645091,140.64422730754492,149.290807835149,400946600,57.828573050451816,58.34743910931708,58.351291430839375,142.8018653869629,133.4966571044922,125.58666038513184,110.36452251434326,145.08278208644464,142.40456661535995,139.10600264966706,134.49265359021243,128.31069147835046,146.95188029401376,142.65929656398777,138.36671283396177,66105480000,3.297340407698357,3.7289885024521543,-0.4316480947537973,64.0877638252572,74.31102874045231,NVDA
2024-11-22,141.8937225341797,147.1016638018941,141.04406865837018,145.87214043901812,236406200,42.260554920295185,51.30794799856918,54.10830704865717,142.82235717773438,133.95347579956055,125.72341590881348,110.72599891662598,144.3741021859413,142.35812624434357,139.26530092878204,134.75697748106842,128.61253661292443,147.26128116213442,142.81780498146077,138.37432880078714,65869073800,2.851145475683211,3.553419897098366,-0.7022744214151553,30.495592564914432,56.352375783594,NVDA
2024-11-25,135.96607971191406,141.99368792347047,135.7661620516237,141.93371415065735,344941900,30.060145342331694,44.10795167645726,49.391088979300655,142.59744567871093,134.33812316894532,125.82538307189941,111.04538463592529,142.50565274726858,141.7770311050318,139.07677400210386,134.8001597035986,128.77594868179088,147.19971788732514,142.61820151349906,138.036685139673,65524131900,1.9962104693289575,3.241978011544485,-1.2457675422155274,1.1716280622915047,31.91832815082104,NVDA
2024-11-26,136.86572265625,139.2447840977321,135.61621816013385,137.64541224160723,190287700,33.55379073906725,45.3611562294687,50.08160840062592,142.38103179931642,134.7645541381836,125.91265830993652,111.36869392395019,141.25233494926445,141.33054851877893,138.9504282109122,134.87392980905045,128.95572143677884,147.03787720490098,142.43065634020627,137.8234354755115,65714419600,1.3754071468693496,2.868663838609458,-1.4932566917401084,7.258998687729658,12.97540643831186,NVDA
2024-11-27,135.2863311767578,137.1655905980091,131.74774157257602,134.95646019838466,226370900,30.35899999592702,43.51643989919384,48.858090953185865,142.18111038208008,135.2037796020508,125.95235466003417,111.68470588684082,139.92655633315186,140.7810742149588,138.74105123753196,134.88865842932572,129.0964016532228,146.8495388636282,142.14426178389962,137.43898470417105,65488048700,0.7473572788076694,2.4444025266491005,-1.697045247841431,16.78515927968468,8.405262009901943,NVDA
2024-11-29,138.19520568847656,139.29477581313424,135.99608069190262,136.7257870913165,141863200,42.46612192017195,47.73241277387257,51.155750562852354,142.45550231933595,135.61121826171876,125.98585685729981,112.00640758514405,139.54181174544624,140.54599525800586,138.7098600633002,135.00674940286683,129.29859729845066,146.79416465974435,142.09935966381812,137.40455466789194,65629911900,0.47882549389578344,2.0512871200984373,-1.5724616262026538,30.583290022541462,18.209149329985262,NVDA
2024-12-02,138.57504272460938,140.39431322408433,137.76536630294407,138.77496038075373,171682800,43.99186222347552,48.275326113678815,51.45349537129284,142.61693801879883,136.06363876342775,126.09822120666504,112.3362147140503,139.32697418526027,140.36681775496982,138.702156215375,135.13418845007192,129.50474053014307,146.88634967080668,142.32815766614945,137.76996566149225,65801594700,0.2932810328854316,1.6996859026558362,-1.4064048697704046,32.385031921143685,26.58449374112327,NVDA
2024-12-03,140.20440673828125,140.48429454860658,137.8953246767264,138.2051993772479,164414000,50.719111993134185,50.64367859502812,52.74531418214925,142.8273551940918,136.543448638916,126.20848793029785,112.67439357757569,139.52195919704272,140.35205311708904,138.78799910239823,135.31526767465084,129.7425108903239,147.0612012198125,142.51014894753823,137.959096675264,65966008700,0.2745469630091577,1.4146581147265007,-1.140111151717343,40.11385542239074,34.36072578869196,NVDA
2024-12-04,145.0824737548828,145.73221002899123,140.23438993110327,141.94371889092554,231224300,65.57434623776618,56.99267822232746,56.378433749026634,143.08875198364257,137.02865631103515,126.37553153991699,113.05275810241699,140.75762909878497,140.7820913568885,139.1476833682545,135.66409646323058,130.08339895398075,147.48912715218063,142.83763846356555,138.18614977495048,66197233000,0.6458740837978496,1.2609013085407705,-0.6150272247429209,63.252772620890184,45.250553321474875,NVDA
2024-12-05,145.0124969482422,146.49200804389403,143.9028598130552,145.06248362625453,172621200,65.23583366815205,56.879643875996926,56.31350173748852,143.06176223754883,137.4596855163574,126.56266555786132,113.44066665649414,141.70315528755324,141.1666736833752,139.48281557282522,135.99796790912384,130.41515668718657,147.75284145663136,143.12276419112175,138.49268692561213,66024611800,0.9238573068626863,1.1934925082051537,-0.26963520134246743,62.92084041717871,55.42915615348654,NVDA
2024-12-06,142.3933563232422,145.65228325014007,141.26372149336697,144.5526526293818,188505600,52.95715994093665,52.66911399007722,53.88507934107084,142.74038009643556,137.82773620605468,126.80726783752442,113.76018333435059,141.85653329548413,141.27819028699946,139.64913218713474,136.2263746381995,130.68133890132114,147.6735152920481,143.05008763012015,138.42665996819218,65836106200,0.9221878470774527,1.1392315759796137,-0.21704372890216095,50.49705086142911,58.89022129983266,NVDA
2024-12-09,138.76454162597656,139.90416770148084,137.08509909525122,138.92449289189105,189308600,40.334981275812396,47.43037129324064,50.71713503077474,142.3000343322754,138.1759895324707,126.98459678649903,114.06016178131104,141.16942403559355,141.049676772361,139.59858415506855,136.31702345919155,130.8609656285357,147.23113877729497,142.60484597392255,137.97855317055013,65646797600,0.6208925070413045,1.0355637621919518,-0.4146712551506473,33.28391243529389,48.90060123796724,NVDA
2024-12-10,135.0257568359375,141.77354545828368,133.74616214517607,138.96445323342698,210020900,31.15430578185449,42.71611527281633,47.69670865754018,141.79120178222655,138.44866744995116,127.15612266540528,114.3400721359253,139.80416465789222,140.5020476872316,139.33727973683247,136.27090679407533,130.95351654425573,146.92348332917126,142.0820112130487,137.2405390969262,65436776700,0.07950856784128746,0.844352723321819,-0.7648441554805315,15.549135240700622,33.11003284580787,NVDA
2024-12-11,139.26437377929688,140.1240927409604,135.16572567436427,137.31501545162718,184905200,47.43189394151349,48.91518919499886,51.14512952945695,141.34286041259764,138.8948826599121,127.31396171569824,114.64312938690186,139.68421112931549,140.38953187741933,139.33311368211616,136.37781632926183,131.13820226058996,146.5439449475972,141.71768895134792,136.89143295509862,65621681900,-0.007435429700905161,0.6739950927172742,-0.6814305224181794,35.65484640759587,28.162631361196787,NVDA
2024-12-12,137.2949981689453,138.39464386571996,135.7555094472505,137.0350888468848,159211400,41.90743237224501,46.40257667884051,49.55799225977936,140.8970100402832,139.2647248840332,127.46160247802734,114.94152660369873,139.15327491589989,140.10821063119442,139.2166499385064,136.41057282353626,131.2750199474423,145.98319758082604,141.20453310033466,136.42586861984321,65462470500,-0.23257040034232546,0.49268199410535435,-0.7252523944476799,36.12924771611058,29.111076454802355,NVDA
2024-12-13,134.20602416992188,139.55427778956917,132.4965775973186,138.89449032268433,231514900,34.372241061078654,42.697834328811616,47.15828080747714,140.2722198486328,139.49281936645508,127.66171325683594,115.21723838806152,138.05388586123811,139.5716482256242,138.93032846601585,136.33183894305003,131.34015337460852,145.5993737571222,140.6478972615447,135.69642076596716,65230955600,-0.6527217031846817,0.2636012546473472,-0.9163229578320289,16.672803642880087,29.485632588862174,NVDA
2024-12-16,131.95675659179688,134.35596424649526,130.37727237183418,134.13603509853905,237951100,29.70517951552715,40.182125507923246,45.481738924988996,139.77387313842775,139.63454498291014,127.85902198791504,115.46587852478028,136.69896824580673,138.8793853498217,138.5318386446319,136.17558600193385,131.35385566832383,144.91913709468292,139.94241953768028,134.96570198067764,64993004500,-1.1538904030605295,-0.01989707689422815,-1.1339933261663013,9.801490090223727,20.867847149738125,NVDA
2024-12-17,130.3472900390625,131.54689392732612,126.81844751374322,129.04771280436398,259410300,26.603502476604774,38.4369890146714,44.30348123216975,139.28651657104493,139.68810333251952,128.03243980407714,115.69169033050537,135.28748419986357,138.10374032157085,138.06415015288508,135.96743257468847,131.33148754322914,144.2888759790994,139.33261132441152,134.37634666972363,64733594200,-1.6617846889014913,-0.34827459929568083,-1.3135100896058105,17.936979531036755,14.803757754713518,NVDA
2024-12-18,128.86778259277344,136.6552244722092,128.23798405143236,133.8161583001621,277444500,23.855770956290982,36.8525206393624,43.22726065232274,138.38231964111327,139.60871276855468,128.20575538635254,115.90645168304444,133.86088384273245,137.2641078007711,137.53864343516443,135.71387364676295,131.27673854433013,144.08465393566132,138.93700947314076,133.7893650106202,64456149700,-2.1587932311999225,-0.7103783256765293,-1.4484149055233932,10.416696438295936,12.718388686518802,NVDA
2024-12-19,130.63719177246094,133.98610066679845,129.5075722477592,131.71683987642237,209719200,33.68539745966089,40.03612931070424,44.900759164230244,137.62257080078126,139.56950836181642,128.47532722473144,116.11638778686523,133.14450782711657,136.6616608891065,137.14427476872424,135.5325635798236,131.26252639384413,143.3576099618713,138.2889672676965,133.22032457352168,64665868900,-2.382436305775485,-1.0447899216963206,-1.3376463840791646,19.410539606520537,15.921405191951072,NVDA
2024-12-20,134.65586853027344,135.2356803497186,128.1779956829599,129.76747112979962,306528600,50.94466360344974,46.6186562301523,48.50497436163913,137.02477111816407,139.56749450683594,128.65224990844726,116.32658351898193,133.48036576115143,136.4793161292126,137.00208012652706,135.50125304233967,131.33793399687588,142.86159799404973,137.68678399278355,132.5119699915173,64972397500,-2.209926764654199,-1.2778172902878964,-0.9321094743663025,39.83732890911606,23.221521651310837,NVDA
2024-12-23,139.62425231933594,139.74420813475027,135.07573952144836,136.23536324975828,176053500,64.60969802799846,53.42580286963789,52.5193581980994,136.9112976074219,139.66504821777343,128.95691879272462,116.58731159210205,134.84567388519244,136.7652194192238,137.1519185375447,135.6485030165181,131.52207440404166,142.0966552383335,137.27977942962264,132.46290362091176,65148451000,-1.6532470582133953,-1.3529032438729962,-0.30034381434039914,65.09144486564655,41.44643779376105,NVDA
2024-12-24,140.17408752441406,141.8535301026856,138.60459428405517,139.95415834100334,105157000,65.87219818699432,54.123027064584676,52.9437756726924,137.12169799804687,139.70822448730468,129.28647674560546,116.85955387115479,136.02976580501945,137.07511651969563,137.32461390822294,135.81013103465725,131.71434136227217,141.81358823741334,137.13045811084027,132.4473279842672,65253608000,-1.1544000689077905,-1.313202608879955,0.15880253997216465,67.88623742104329,57.605003731935305,NVDA
2024-12-26,139.88417053222656,140.8038826879709,137.68489400548984,139.65425012018665,116205600,64.41815329037837,53.666823397192005,52.68417658922106,137.2726203918457,139.874951171875,129.68130256652833,117.09966892242431,136.88630018884325,137.33048506628936,137.47087428673743,135.95563244528475,131.89589312160447,141.739324840121,137.2042202939939,132.6691157478668,65137402400,-0.7735372582142759,-1.2052695387468193,0.4317322805325434,69.37366982145602,67.45045070271529,NVDA
2024-12-27,136.96511840820312,138.97446981750295,134.66588395063462,138.50462254046806,170582600,50.855047475353466,49.1726182738257,50.098431497022716,137.35655975341797,139.90092987060547,130.0089560699463,117.3303108215332,136.90381534870102,137.29726991555424,137.44197395082116,135.99168551538898,132.00854257241778,141.75390907901044,137.18642263148953,132.61893618396863,64966819800,-0.6991840886960006,-1.1040524487366556,0.4048683600406551,67.48663224452336,68.24884649567423,NVDA
2024-12-30,137.4449462890625,140.22403398735426,133.97608228188028,134.78581438230358,167734700,52.814714748243546,49.915093859974036,50.515801123399065,137.31904678344728,139.912314453125,130.39478225708007,117.57806358337402,137.02406666878136,137.31069504041864,137.44214379872065,136.04358768587733,132.12935154389876,141.9116187179164,137.30460357134592,132.69758842477546,65134554500,-0.5946854031222983,-1.0021790396137842,0.40749363649148584,70.6780206391057,69.17944090169503,NVDA
2024-12-31,134.2460174560547,138.02479365615312,133.7861766339878,137.98479821279548,155659200,40.04119028695157,45.176980744572866,47.73319702046605,137.10259552001952,139.83832885742189,130.6880484008789,117.81035640716553,136.40672239928654,137.03208798729463,137.2595080077112,135.97938874909795,132.1763885641689,141.83845508705107,137.18668175472186,132.53490842239265,64978895300,-0.7612213779911201,-0.9539875072892514,0.1927661292981313,49.401590569074145,62.522081150901066,NVDA
2025-01-02,138.2646942138672,138.8345148325783,134.58590691715995,135.95545329338754,198247200,56.061226087655214,51.41617384115856,51.25933481896948,137.00560989379883,139.73056213378905,131.02370010375978,118.05965431213379,136.8196050247489,137.1441430988012,137.31694721949154,136.06100680141114,132.31168424527328,141.8354293203019,137.10652927395944,132.37762922761698,65177142500,-0.5624451909774848,-0.8756790440268981,0.3132338530494133,76.13025490489933,65.40328870435972,NVDA
2025-01-03,144.4226837158203,144.85253555834646,139.68423069189672,139.96413776465596,229322500,70.53661487891112,59.097793000828226,56.013297558505045,136.9726203918457,139.74835418701173,131.37825233459472,118.33502979278565,138.5091780672092,137.80582860943932,137.72298930499602,136.3596381197829,132.580817566841,142.12294406611394,137.27121854383958,132.41949302156522,65406465000,0.09093639947076326,-0.6823559553273658,0.7732923547981291,97.61644813165486,74.38276453520945,NVDA
2025-01-06,149.3810577392578,152.11017470884985,147.77159962141576,148.54133648113356,265377400,77.65080880633354,64.02945295082733,59.350801612731004,137.1910484313965,139.94588195800782,131.71122261047364,118.63032993316651,140.92515132766445,138.85812216669555,138.3891646440967,136.82468882047843,132.95415623733916,142.35684919822796,137.56032581930856,132.76380244038916,65671842400,0.9973485488486915,-0.3464150544921544,1.3437636033408458,89.2094480201413,87.65205035223183,NVDA
2025-01-07,140.09410095214844,153.07985197865167,139.96413864833562,152.97987862898157,351782200,50.33441073789558,51.50370479305298,51.67351587300218,137.0760856628418,139.9406771850586,131.9319327545166,118.87388328552247,140.7404734664387,138.970483874464,138.48658957598536,136.94145353946664,133.112821675446,142.8220939930276,137.5243056093712,132.22651722571476,65320060200,0.9552948646449124,-0.08607307066474101,1.0413679353096534,50.55195527011771,79.12595047397129,NVDA
2025-01-08,140.06410217285156,143.90284057175748,137.51493447299714,142.5332942493383,227349900,50.26586790673768,51.46867950209663,51.65095298082861,137.14106369018555,139.91228149414061,132.10456581115722,119.10302471160888,140.59016873453044,139.06990371977196,138.57673315294915,137.05297670494465,133.26729457538835,142.7930550910723,137.40005983398797,132.0070645769036,65092710300,0.909067205286135,0.1129549845254342,0.7961122207607009,47.731809021595126,62.49773743728471,NVDA
2025-01-10,135.86549377441406,139.87417502688794,134.17604480086774,137.40498271998055,207602500,40.90955322296553,46.68355069402349,48.54914248058921,137.18305053710938,139.82030517578124,132.21802124023438,119.30761013031005,139.54024096561568,138.7785937247394,138.42180518846143,137.01056660028286,133.3250323353667,142.83748509168873,137.30739166223336,131.777298232778,64885107800,0.5275574893286716,0.1958754854860817,0.33168200384258995,30.871184863371653,43.051649718361496,NVDA
2025-01-13,133.1863555908203,133.4462801889749,129.4675728747113,129.94742663109315,204808900,35.806146219102004,43.880101696388465,46.67908830903533,136.87914962768554,139.66015228271485,132.2505111694336,119.51099792480468,138.12826643788338,138.2702084398377,138.1226366400248,136.8739876356592,133.32195062993233,142.41540122214232,137.07810188787002,131.74080255359772,64680298900,0.008921389652783773,0.1584846663194221,-0.14956327666663832,20.112395832622717,32.90512990586317,NVDA
2025-01-14,131.71682739257812,136.33532416409136,130.00739616366573,136.00543044799826,195590500,33.08917253726561,42.37687259432547,45.67031269713685,136.6002410888672,139.50879364013673,132.2957926940918,119.71858657836914,136.70350220559334,137.67444652645045,137.75659039731354,136.68980334126346,133.28628122465778,142.21879865590745,136.81628213430992,131.4137656127124,64484708400,-0.514746423795259,0.023838448296485862,-0.5385848720917449,9.52578320782037,20.169787967938245,NVDA
2025-01-15,136.1953887939453,136.4053114797544,131.24699764678536,133.60622538989423,185217300,47.62379442155443,48.20091984012859,49.170217444163036,136.69970932006837,139.57855407714842,132.3733659362793,119.9480383682251,136.590588114116,137.53998673258636,137.66737887712108,136.67214567885924,133.35092805953084,142.21816507943234,136.69568763333484,131.17321018723734,64669925700,-0.5618972607318824,-0.0933086935091878,-0.4685885672226946,28.492869704014684,19.37701624815259,NVDA
2025-01-16,133.5262451171875,138.70454064615834,133.44626949753135,138.59457607585483,209235600,41.2200943319109,45.26459051407552,47.2727746659612,136.7781837463379,139.54215240478516,132.47182479858398,120.16410945892333,135.90962300368744,137.17510113118647,137.43074266226773,136.55979208737097,133.35482399414542,142.123274421864,136.68648407308194,131.24969372429985,64460690100,-0.8053585543611064,-0.2357186656795715,-0.5696398886815348,17.188820378626225,18.402491096820427,NVDA
2025-01-17,137.66490173339844,138.45463626831489,135.41563868932835,136.6452315490251,201188800,52.98334617297829,50.318381727231376,50.37692556027951,137.1440643310547,139.5755291748047,132.55539749145507,120.40542617797851,136.29968494362322,137.21962845866028,137.44412318061805,136.5992602890148,133.45060349946215,142.31416490748134,136.92212190611232,131.53007890474333,64661878900,-0.6567774611322932,-0.31993042477011585,-0.33684703636217733,34.71638134803847,26.799357143559792,NVDA
2025-01-21,140.78387451171875,141.78354697270905,137.0450940162502,139.1144233323199,197749000,60.188461085225974,53.78175460670068,52.576597726549785,137.73986892700196,139.59411590576173,132.6992458343506,120.66477642059326,137.2961715143111,137.54365082712013,137.6349661138238,136.74871079696854,133.61356507751228,142.80511575905552,137.41259625564481,132.02007675223408,64859627900,-0.28407618399432977,-0.3127595766149587,0.02868339262062891,47.925494981630166,33.27689890276495,NVDA
2025-01-22,147.0218505859375,147.7416007949869,143.62295473278476,144.61263605764083,237651400,70.89357741928728,59.815402284951396,56.599218710619155,138.5591018676758,139.62350708007813,132.8870825958252,120.9706029510498,139.4574335302281,138.40530535064897,138.17135951223028,137.1156086465746,133.9115269776995,143.3087607101916,138.1209361762368,132.933111642282,65097279300,0.5087799015527708,-0.14845168098141281,0.6572315825341836,74.34385149333922,52.32857594100262,NVDA
2025-01-23,147.17178344726562,147.18177468068177,143.67292977388993,145.0024960002277,155915500,71.11757864544914,59.95073377515292,56.69152845388468,139.18489761352538,139.59052276611328,133.10330574035643,121.26666999816895,141.17173351179198,139.20225790488684,138.68566945137516,137.47475774659927,134.20619934368986,143.9593412288912,138.81769210028153,133.67604297167185,65253194800,1.1361258389785291,0.10846382301057558,1.0276620159679535,74.97882984789841,65.7493921076226,NVDA
2025-01-24,142.5732879638672,148.92121448023644,141.8335400716498,148.32140487495408,234657600,55.42012392540727,53.94962762347392,53.0720971758324,139.33234939575195,139.49055938720704,133.353705368042,121.54411720275878,141.4831900566976,139.50871518297595,138.90781908066043,137.6568481115017,134.39213464636046,144.52042800949891,139.37735079794504,134.23427358639117,65018537200,1.247857337271995,0.3363425258628595,0.9115148114091355,55.503812365867006,68.27549790236822,NVDA
2025-01-27,118.38121032714844,128.3579371600633,116.66177248371496,124.75912547322825,818830900,23.154926296209553,34.42585825434021,39.27939126725825,138.24270553588866,138.95413543701173,133.34439277648926,121.7094940185547,136.34941678346445,137.58803292335526,137.7348700090312,136.96843247634624,134.03633632815573,144.04486940925335,138.5671400042211,133.08941059918885,64199706300,-0.6086766830884187,0.14733868407260386,-0.7560153671610226,4.721385276981834,45.06800916358242,NVDA
2025-01-28,128.94775390625,128.95774513931468,116.21192149182427,121.77009783396647,579666400,41.12147901535287,43.9644323467318,45.72080985598879,137.69588470458984,138.5684664916992,133.55439079284668,121.91928325653076,134.70460281075012,136.80255301270932,137.23274908887225,136.68197967027137,133.92325671878004,143.75877214120277,137.8288099824153,131.8988478236278,64779372700,-1.2133744855155442,-0.12480394984502576,-1.0885705356705184,34.54447333021888,31.589890324355906,NVDA
2025-01-29,123.65948486328125,126.84844257022412,120.0106863497111,126.458570906435,467120600,36.058376374282304,40.76820468363732,43.31653107397725,137.03060302734374,138.11741607666016,133.72939750671387,122.08475631713867,132.25013215575703,135.60772863548857,136.45713399026704,136.21689057002172,133.69517289976895,143.17626371535556,137.06921738809038,130.96217106082517,64312252100,-2.095169160525586,-0.5188769919811378,-1.5762921685444482,22.76895246282274,20.678270356674485,NVDA
2025-01-30,124.60918426513672,124.95906813052294,118.06132604433881,123.05968876955973,392925500,37.71114559794466,41.58947225006858,43.870695126754455,136.38881492614746,137.6755632019043,133.90390602111816,122.26712093353271,130.55214373561918,134.60786096545658,135.78010829168815,135.80232963056153,133.49326204122156,142.61739982522232,136.38706034465636,130.1567208640904,64705177600,-2.6863978663196235,-0.952381166848835,-1.7340166994707884,25.67240684868157,27.66194421390773,NVDA
2025-01-31,120.03067016601562,127.80812056780856,119.15096116009843,123.73945402173636,388161100,32.8055129088379,38.796627314791486,41.8104887760999,135.6780475616455,137.23770278930664,134.07640823364258,122.43751182556153,128.2140384979295,133.28266180187103,134.88014039879258,135.2390560782563,133.19409333288365,142.02330954652922,135.6782458896663,129.33318223280338,64317016500,-3.4842346110588664,-1.4587518556908414,-2.0254827553680252,11.67481264588694,20.038723985797084,NVDA
2025-02-03,116.62178802490234,118.53115837860842,112.97298217131676,114.71241004430098,371235700,29.389734841694178,36.814400874721315,40.33606502019269,134.59590225219728,136.7682501220703,134.17843925476075,122.5837922668457,125.6379828372568,131.76803691305568,133.83680597742742,134.57415364777938,132.82581988159518,141.16660507643414,134.75870526789853,128.35080545936293,63945780800,-4.341547620489706,-2.0353110086506145,-2.3062366118390916,10.150167669524665,15.83246238803106,NVDA
2025-02-04,118.61112976074219,121.16028976109213,116.66176403787988,116.92168099297385,256550000,34.18843573531667,38.780174353352095,41.592693270041345,133.30532455444336,136.20143829345704,134.28407165527344,122.75690994262695,124.07645993136467,130.57195444466353,132.96676733647396,134.00404565181375,132.50993787890954,140.3014911243626,133.8816904678368,127.46188981131098,64202330800,-4.80506134843273,-2.5892610766070376,-2.2158002718256924,15.684074646492311,12.503018320634638,NVDA
2025-02-05,124.78911590576172,124.95905839472358,120.72044926950534,121.72012173666313,262230800,47.487896579437816,44.54971654300883,45.331030731986914,132.07572746276855,135.78057723999024,134.3634262084961,122.95773933410645,124.23482792567512,130.0462418502179,132.4994729690047,133.67494101802617,132.33836405728402,139.32879408277896,132.95326465202612,126.57773522127324,64464561600,-4.62062379210812,-2.9955336197072544,-1.6250901724008653,32.86986028382005,19.568034199945675,NVDA
2025-02-06,128.63784790039062,128.72783001681898,125.16899078801299,127.37826606210074,251483600,54.37982495128349,47.84719780868755,47.518749015206616,131.50291481018067,135.4210969543457,134.45887702941894,123.22014343261719,125.21327680894522,129.91820603659724,132.2788086793696,133.49504483525348,132.2561303649086,138.23248660753794,131.89408745576733,125.55568830399679,64716045200,-4.116443396075894,-3.2197155749809827,-0.8967278210949114,43.57617808424758,30.710037671519984,NVDA
2025-02-07,129.79745483398438,130.32727996151158,124.95904429961287,129.17766285547097,228186300,56.4465299149917,48.83446321053211,48.17204928291447,130.9895824432373,135.1791716003418,134.56632369995117,123.47176498413086,126.23198303673169,129.9072286545415,132.13701703106187,133.36298804949388,132.20149313088808,137.10079223469222,131.13132059094156,125.16184894719083,64944231500,-3.5820149726177988,-3.2921754545083464,-0.2898395181094524,46.80194708348157,41.082661817183066,NVDA
2025-02-10,133.5262451171875,134.95576927734325,129.91742726932324,130.04737430419848,216989100,62.927141712246204,51.982213305079284,50.25380991981841,130.87262001037598,135.13037490844727,134.73424903869628,123.72751365661621,127.85293016572187,130.2362301511457,132.2164014931262,133.36881865905437,132.23093206391695,136.67013941205772,130.76493272500895,124.85972603796017,65161220600,-2.825029205463551,-3.1987462046993875,0.3737169992358367,57.174613675707626,49.18424628114559,NVDA
2025-02-11,132.7565155029297,134.43595803743202,130.9770996135579,132.5365863252507,178902400,60.690157135360764,51.28086623911632,49.82193031238706,130.85112800598145,135.04819076538087,134.90637245178223,123.99313591003418,128.9426157962125,130.46534700130786,132.24726515082926,133.34695068919277,132.24261169589502,136.3770607476976,130.5784860512272,124.7799113547568,64982318200,-2.261158055634354,-3.0112285748863807,0.7500705192520267,55.03339680684139,53.00331918867687,NVDA
2025-02-12,131.0970458984375,132.19669170682792,129.03772306980744,129.97741762356085,160278600,55.578689245630834,49.723274175962636,48.87521661231054,130.8201389312744,134.96440505981445,135.0840923309326,124.2356941986084,129.4213780411514,130.5227741737742,132.18153833640687,133.2665969466658,132.21715467817373,136.27820417609186,130.51866465472827,124.75912513336468,64822039600,-1.9259898234412276,-2.7941808245973503,0.8681910011561227,50.41712085137409,54.2083771113077,NVDA
2025-02-13,135.24566650390625,136.455276767875,131.12702127315083,131.51689288233604,197430000,64.53852148064743,53.523835579987825,51.29412295468505,130.77265281677245,134.90541427612305,135.2583162689209,124.47349491119385,130.71566436620802,130.952128021968,132.3566313745497,133.33727800228155,132.28445494096778,136.3062898793854,130.59435381067425,124.88241774196311,65019469600,-1.310500934267452,-2.4974448465313706,1.1869439122639185,94.8488412876566,66.76645298195736,NVDA
2025-02-14,138.80453491210938,139.20439781688884,135.4556258828613,136.4353006772254,195479600,70.63556870463248,56.557636669938724,53.276719148799145,131.03656730651855,134.91000411987304,135.4868214416504,124.72898006439209,132.5131911541861,131.66598319379904,132.72508300526738,133.53253717763255,132.42934560699314,136.39181741898142,130.747002393077,125.10218736717263,65214949200,-0.5294474764624795,-2.1038453725175925,1.574397896055113,98.4756335297254,81.24719855625203,NVDA
2025-02-18,139.35433959960938,143.3930250185803,137.8848198127303,141.22373753647113,219176600,71.54262716405353,57.02436091188038,53.5818892794696,131.1210391998291,134.8930027770996,135.71822570800782,124.99398544311524,134.03344636428017,132.36492468523633,133.1038976678012,133.74045869270316,132.58323436238462,136.64110204345303,130.98438539577612,125.3276687480992,65434125800,0.13238164619340864,-1.6565999687753923,1.788981614968801,86.72360377909784,93.34935953215995,NVDA
2025-02-19,139.18438720703125,141.3136943495984,137.17505112782226,139.46429426521587,167536000,70.7321687250391,56.82114373451459,53.469030589957136,131.04106483459472,134.77504104614258,135.90184867858886,125.27493663787841,135.1780998848915,132.98487582358132,133.45135421290004,133.93488471107202,132.7299266478212,136.79089399459238,131.0818132686874,125.3727325427824,65266589800,0.6358426580264904,-1.1981114434150157,1.8339541014415062,86.16491819988468,90.45471850290265,NVDA
2025-02-20,140.06410217285156,140.61392504988532,136.74518244514988,139.98412654948388,143903600,72.65623538772023,57.66220494739422,53.99342342708603,130.69317741394042,134.67607315063478,136.06787933349608,125.54641418457031,136.26387817110486,133.62844185533316,133.82922552489725,134.153785334707,132.8929083261552,136.7147283297041,131.0470623824526,125.3793964352011,65410493400,1.0932227909750907,-0.7398445965369945,1.8330673875120853,89.05681079266401,87.31511092388217,NVDA
2025-02-21,134.38595581054688,141.41366694156105,133.98609294492073,139.99411868487,228217600,48.14270323429123,50.78598671733349,50.177550818370605,130.0538860321045,134.51592514038086,136.17183067321778,125.77464935302734,135.84656209098088,133.6973067603526,133.86103868407722,134.1620771374156,132.92608715914167,136.4183171136189,130.5930831694894,124.76784922535992,65182275800,0.9861531250275846,-0.39464505222407875,1.3807981772516633,70.39100420319213,81.87091106524694,NVDA
2025-02-24,130.23733520507812,138.544611438826,130.03740375103862,136.51527743543022,251381100,37.152622950950644,46.429519816659706,47.60756198186888,129.43708839416504,134.3453810119629,136.2606852722168,125.96539585113526,134.60006722744694,133.3827638916913,133.6539699138487,134.02190778268925,132.86633711571804,136.03399887292198,129.97074765350695,123.90749643409195,64930894700,0.5600843284783252,-0.203699176083598,0.7637835045619232,50.785375134377745,70.0777300434113,NVDA
2025-02-25,126.5885238647461,130.1573543264651,124.39924631174091,129.93742515974864,271428700,29.939225141018383,42.940599879398356,45.46632623395546,129.84745407104492,134.17663635253905,136.31265190124512,126.14582382202148,132.8197242579579,132.76510570742354,133.25023013961425,133.75642978561984,132.72683015458534,135.14238590158246,129.14244736758948,123.1425088335965,64659466000,-0.07118625241699306,-0.17719659135027702,0.10601033893328396,25.881817135312364,49.01939882429408,NVDA
2025-02-26,131.23699951171875,133.68619399137987,128.44792005609298,129.9474287481865,322553800,45.97487546364743,48.27339190448827,48.548458291818896,129.96191635131837,134.0160888671875,136.4554857635498,126.35020370483399,132.46800764768253,132.62618696235947,133.13518838944879,133.66645013298051,132.69372280696606,135.31058465340917,129.6181647261334,123.9257447988576,64982019800,-0.19414165589648746,-0.1805856042595191,-0.013556051636968353,35.999962437783196,37.555718235824436,NVDA
2025-02-27,120.11064910888672,134.96577503505506,119.97069557287365,134.9557838016939,443175800,27.73901917580794,38.90161514746542,42.533107862739314,129.78447456359862,133.67240188598632,136.46856338500976,126.5072721862793,129.72192797239455,131.48841079386193,132.3909290019881,133.18231438212004,132.41409894700874,135.43244920298852,129.63292185596552,123.83339450894259,64538844000,-1.1758339083539795,-0.37963526507841117,-0.7961986432755683,0.5975218491289764,20.826433807408176,NVDA
2025-02-28,124.87908172607422,125.04902421361967,116.36187573271177,117.98134023479652,389091100,39.982096288019406,43.9260038159794,45.55561053656403,129.7979694366455,133.48586303710937,136.48934120178222,126.68253105163575,128.6457399176567,130.88756269679033,131.9616805862216,132.88577035868983,132.24665411987687,135.45339435648648,129.56580071134948,123.67820706621248,64927935100,-1.55117841123473,-0.613943894309675,-0.937234516925055,31.508856331961876,22.70211353962468,NVDA
2025-03-03,114.02263641357422,123.65947815441595,112.2432206852501,123.46954557652553,411381400,27.33085386238585,36.55541902576908,40.48707454738134,129.49756774902343,133.12718063354492,136.38086280822753,126.80090412139893,125.39616136119393,129.3543875801343,130.9365923477846,132.21208700350712,131.8416759486257,135.38754202255296,129.28478097822634,123.18201993389972,64516553700,-2.6936157143608597,-1.029878258319912,-1.6637374560409477,5.7124459251262625,12.606274702072369,NVDA
2025-03-04,115.9520034790039,119.27091565466138,110.07393231302608,110.61375634258967,398163300,31.924592920324244,38.52947326568663,41.69238332706986,129.4640785217285,132.83927490234376,136.26368911743165,126.92414176940918,123.29745960959615,128.13598902548608,130.08033012671143,131.63136973477486,131.48857211596743,135.06891617103778,128.9404492250957,122.81198227915358,64914717000,-3.4040815766691424,-1.504718921989758,-1.8993626546793843,17.64175038595204,18.287684214346726,NVDA
2025-03-05,117.26158142089844,118.2412561507128,114.47249437052442,117.54148848655969,284337900,35.25808583927419,39.896464535894665,42.51849132129302,129.39660110473633,132.60715087890625,136.10793182373047,127.03756652832031,121.9561533454411,127.1474065159781,129.34783020066496,131.11816300927927,131.1724167671881,135.01306156922823,128.96980483410056,122.92654809897292,65199054900,-3.8174536662846776,-1.9672658708487423,-1.8501877954359354,21.572163358080264,14.975453223052853,NVDA
2025-03-06,110.53378295898438,115.31221606989396,110.18389912538346,113.49281250827367,321181900,27.082470691132528,35.52560728973499,39.51182391486518,128.68383445739747,132.20508270263673,135.88729553222657,127.11870655059815,119.41784881511738,125.63707710170594,128.27274178685462,130.3830065789116,130.71378046033914,134.71918995428285,128.64594316099814,122.57269636771346,64877873000,-4.634507418172802,-2.500714180313554,-2.133793237859248,1.3801415603421934,13.53135176812483,NVDA
2025-03-07,112.65309143066406,113.44283358559466,107.52476685365718,111.21356065439609,341755500,32.958797631060264,37.835955073356274,40.88841980596145,127.88459663391113,131.76502716064454,135.66626083374024,127.21983783721925,117.91456939634998,124.45671476797486,127.38019033792945,129.74979532361704,130.31243181523524,134.21427632126833,128.06105535623504,121.90783439120183,65219628500,-5.052772702758304,-3.011125884802504,-2.0416468179558,14.297668298880643,12.416657739101032,NVDA
2025-03-10,106.94496154785156,111.81336147496829,105.42545516002185,109.86400325750407,366487400,26.148056932845705,34.273622478126654,38.42597927277142,126.74197196960449,131.11144134521484,135.38824478149414,127.28092987060546,115.47687876335033,122.8647372025091,126.21246297849643,128.93533697448257,129.79315469818226,133.42278919009436,127.13485074476871,120.84691229944305,64853141100,-5.778241361358681,-3.5645489801137398,-2.2136923812449414,4.222233649878559,6.633347836367129,NVDA
2025-03-11,108.72438049316406,112.20323643435479,104.73568182740638,106.95495594173273,354865700,31.447292297743232,36.28745686017059,39.61123240020886,125.50187873840332,130.48244720458985,135.09533584594726,127.34789073944091,113.97632359219782,121.57925022893228,125.21314397933457,128.21351710014977,129.3249597158485,132.5795745312843,126.19166851714674,119.80376250300921,65208006800,-6.13883163258636,-4.079405510608264,-2.0594261219780963,10.874912166912827,9.798271371890674,NVDA
2025-03-12,115.71273803710938,116.7325020716217,112.85341103244578,114.09312447156262,323857500,48.77113313959089,43.596666466998826,44.03443234176379,124.64968986511231,129.9990185546875,134.93698486328125,127.45197219848633,114.36219346884484,121.04593093876656,124.67026363977884,127.76706070504119,129.0224659007654,131.68150241336033,125.34879882631061,119.01609523926088,65531864300,-5.793911367135635,-4.422306681913739,-1.3716046852218966,29.928187645909585,15.008444487566988,NVDA
2025-03-13,115.55277252197266,117.73225924433854,113.76319330991835,117.0024278677365,299033100,48.43492309466433,43.47372221263279,43.95738305172605,123.87247619628906,129.5707716369629,134.73585075378418,127.51103374481201,114.62676659176213,120.54655290087621,124.14926414733277,127.33083612707445,128.72313938123668,130.89434803961345,124.53734885682347,118.18034967403344,65232831200,-5.470407993791866,-4.631926944289365,-0.8384810495025015,31.99477421761556,24.26595801014599,NVDA
2025-03-14,121.6413345336914,121.85128414551467,118.12216714928688,118.5820578648422,277593500,60.782837648500866,49.330691900505364,47.60539560965424,123.19225959777832,129.25469940185548,134.58350692749025,127.58719566345215,116.18555946774642,120.6460785038594,124.00595388369612,127.12763964159649,128.5657659401801,130.43393169407443,124.04978258941743,117.6656334847604,65510424700,-4.66891284857013,-4.639324125145518,-0.029588723424612162,55.92325696834978,39.282072943958305,NVDA
2025-03-17,119.50183868408203,122.86104771124882,118.00219206936818,122.711081524258,255501500,55.20816676438499,47.46938663428795,46.49357997818857,122.22712478637695,128.95981582641602,134.39907234191895,127.6155210494995,116.9225104047099,120.54205670206146,123.74857587228959,126.85528960739956,128.36434533448903,129.7375652553639,123.37576852465182,117.01397179393973,65254923200,-4.158425861273287,-4.543144472371072,0.38471861109778516,48.84588596948019,45.58797238514851,NVDA
2025-03-18,115.4028091430664,118.99195980676369,114.51301940530757,117.97220343827061,299686900,45.5942714663704,44.040838423139185,44.41584897648394,121.0295482635498,128.502578125,134.11657012939452,127.61873394012451,116.58479901323356,120.07485237851645,123.27167491633398,126.44627244795909,128.07631119690186,128.74762454338875,122.35105788565622,115.95449122792373,64955236300,-4.038070311976156,-4.442129640292089,0.40405932831593283,35.286451954971405,46.68519829760046,NVDA
2025-03-19,117.4923095703125,120.4216195833343,115.65274672556286,117.24236846895431,273426200,50.83176328631367,46.17499755117513,45.708829864200965,119.94494438171387,127.96397064208985,133.8561624145508,127.65400714874268,116.78646802591777,119.84007575958881,122.94142546798989,126.12648805947171,127.84111116075542,127.64788635932612,121.28652600388304,114.92516564844001,65228662500,-3.7310729636356825,-4.2999183049608085,0.568845341325126,62.79925528929236,48.97719773791465,NVDA
2025-03-20,118.50206756591797,120.17167220516042,116.44255543913019,116.52253841801043,248829700,53.43148691398527,47.22252101754524,46.339462064702204,118.8668426513672,127.34639083862305,133.64613639831543,127.6986616897583,117.16771236814003,119.71843865107327,122.68774787358578,125.85418732755907,127.63357685864791,126.63541942533435,120.29356032968872,113.95170123404309,65477492200,-3.3674781302307792,-4.113430270014803,0.7459521397840234,72.7464273057256,56.94404484999645,NVDA
2025-03-21,117.6722640991211,117.9621966837067,115.39280254041711,116.91244866461768,266498500,50.78356645474845,46.42295358162426,45.88158545725656,118.03115806579589,126.8979541015625,133.41931564331054,127.71234733581542,117.2798349750247,119.53242278271398,122.40114880075923,125.5619757836863,127.41221435288065,125.51964177884263,119.23965641945631,112.95967106007001,65210993700,-3.1104297124616522,-3.912830158504173,0.8024004460425207,71.37280623530376,68.97282961010724,NVDA
2025-03-24,121.38140106201172,122.19120779583362,119.31188140429414,119.8517551027078,228452500,61.11891114678188,50.460691949178724,48.270173588726,117.58836135864257,126.5243000793457,133.21829078674315,127.73739768981933,118.19129410546627,119.7005117171956,122.34287750140223,125.41266954362649,127.27819627975023,124.5585946637602,118.49519252366441,112.43179038356864,65439446200,-2.577706439819792,-3.645805414767297,1.068098974947505,91.83659707219425,78.6519435377412,NVDA
2025-03-25,120.66156768798828,121.26142480153007,118.89198043130345,120.5216012824151,167447200,58.26924132445031,49.6782192078386,47.84175571901802,117.2920135498047,126.2202215576172,133.02026336669923,127.72885074615479,118.74024379047115,119.7878804418131,122.24680265492144,125.24298733449656,127.13116008882218,123.66307613317602,117.89194843677359,112.12082074037119,65271999000,-2.1883776897823566,-3.3543198697703094,1.1659421799879528,87.86518276455195,83.69152869068331,NVDA
2025-03-26,113.73320007324219,118.81199741904777,112.68344440410922,118.70203035263671,293463300,37.873650433649686,42.799080281584665,43.919381446181575,116.41682357788086,125.83115844726562,132.74565536499023,127.69286796569824,117.62756740886472,119.2374549537612,121.76031107882548,124.83192350373747,126.83342764403152,123.11061347276475,117.3218455382569,111.53307760374905,64978535700,-2.4110995592794495,-3.165675807672138,0.7545762483926883,49.64047789985028,76.44741924553216,NVDA
2025-03-27,111.40374755859375,114.42303269482778,110.63393232562053,111.32376457585453,236902100,33.18693809098427,40.75563350237434,42.689148072357455,115.98147850036621,125.42489685058594,132.46684524536133,127.64578758239746,116.24449633102674,118.5252997360187,121.16850744909794,124.35234579141091,126.49054586435511,122.13826550961572,116.41850584015927,110.69874617070283,64741633600,-2.7439451042502014,-3.0813296669877506,0.33738456273754913,36.78858553212164,58.09808206550795,NVDA
2025-03-28,109.64415740966797,112.84340799305504,109.04430030890691,111.46372827094805,229872500,29.83985324768406,39.231894720831484,41.76528095056626,115.2197322845459,124.89387222290038,132.2362131500244,127.58540180206299,114.77775434850257,117.71792316089591,120.50997316113052,123.82705334920581,126.11618167647318,120.9144056788334,115.72778752261667,110.54116936639987,64511761100,-3.113817664420793,-3.0878272664743593,-0.025990397946433763,27.080697922005367,37.83658711799242,NVDA
2025-03-31,108.35446166992188,110.9338556226425,103.6255803841977,105.10522740758995,299212700,27.408532230009683,38.10731147399609,41.08397006692561,114.93632354736329,124.39043655395508,131.9662944793701,127.5229154586792,113.35035597548463,116.86669938898918,119.81537250449003,123.27446078923138,125.7214767874387,120.16023577846784,115.03927825284453,109.91832072722124,64212548400,-3.4710004681305406,-3.1644619068055957,-0.30653856132494495,24.584176746638633,29.48448673358854,NVDA
2025-04-01,110.12405395507812,110.17403760023085,106.4449205320371,108.49443304563391,222614000,35.99521226523082,40.62235735655169,42.431098395656946,114.64492607116699,123.83961959838867,131.7075743865967,127.44783740997315,112.63339997094985,116.25373162226998,119.26158287309505,122.80480340229734,125.37486739116402,119.42620809007401,114.6713048692589,109.91640164844384,64435162400,-3.5701249272851783,-3.2455945109015123,-0.324530416383666,33.78380914999411,28.4828946062127,NVDA
2025-04-02,110.39398193359375,111.95361956622256,106.76483994973236,107.26472214391917,220601200,37.351666535431264,41.01608826115604,42.640250664875644,114.30154609680176,123.23182174682617,131.41296882629393,127.35206966400146,112.13575151820406,115.72102710511759,118.75486281940925,122.36155977841507,125.04195882544023,118.97844584923944,114.41440947247887,109.8503730957183,64655763600,-3.5855686399915925,-3.3135893367195286,-0.2719793032720639,35.1870918149077,31.18502590384681,NVDA
2025-04-03,101.7760238647461,105.60511590388697,101.57606639857329,103.48562015563714,338769400,20.61404729447878,33.4009680309195,38.028692782262276,113.86365814208985,122.32690521240234,130.97520614624023,127.20186752319336,109.83358981743562,114.45329953781109,117.78464345057135,121.6263620672126,124.52493804853592,118.33975914131001,113.76332811097207,109.1868970806341,64316994200,-4.244279672362055,-3.499727403848034,-0.7445522685140205,0.9394298413300793,23.30344360207729,NVDA
2025-04-04,94.28778076171875,100.10640942744341,92.08830207120735,98.88670323249266,532273800,14.049535109514224,28.457036589233283,34.62679739333073,112.94539260864258,121.26922515869141,130.42987396240235,127.01872207641601,106.37896558283187,112.62007055816633,116.44196558263691,120.64998416344496,123.85300121993997,117.69090144831455,112.97686135075153,108.26282125318855,63784720400,-5.309348681185966,-3.861651659315621,-1.4476970218703453,7.3065328331811905,14.477684829806316,NVDA
2025-04-07,97.61698913574219,101.72602116602216,86.59958951154498,87.43938789235719,611041300,26.53149253775608,33.191704307165935,37.23645321561773,112.4789939880371,120.37009918212891,129.93032928466798,126.82923377990723,104.43185970570082,111.25615406521868,115.36625264281435,119.82737719816986,123.26997872918001,117.37259990404489,112.22006623874192,107.06753257343892,64395761700,-5.817721183263387,-4.252865564105175,-1.5648556191582124,30.955039852910165,13.067000842473803,NVDA
2025-04-08,96.27731323242188,105.82505852328022,94.43774279946976,103.78553826456235,476243400,24.79288504394694,32.26633380123492,36.62144227843585,111.856640625,119.92802124023437,129.44107833862304,126.65703544616699,102.61973826719439,109.89444126223715,114.27545610507762,118.98630348510743,122.67014171814094,117.17187870720238,111.78127792719161,106.39067714718082,63919518300,-6.256588643751158,-4.653610180034372,-1.602978463716786,27.191019086504912,21.817530590865413,NVDA
2025-04-09,114.30307006835938,115.07288532975399,97.50702445286697,98.86670469924479,612918300,63.45747576079045,51.75611040211685,48.5703234500621,111.7861572265625,119.63512756347656,129.10179702758788,126.59600578308105,105.21603422300883,110.29522569915736,114.27703404583659,118.819045148795,122.48420679259023,117.67211045174001,111.80063794458931,105.92916543743857,64532436600,-5.091178403445966,-4.741123824716691,-0.35005457872927437,77.83709168695951,45.32771687545819,NVDA
2025-04-10,107.5446548461914,110.83388059600858,99.12664053501021,109.34423379452805,437812400,51.53671818307298,46.36888689553149,45.22799774177901,111.38575134277343,119.31283096313477,128.71512351989747,126.54346366882324,105.73350547260497,110.04517380343317,113.89232666299972,118.41638835227344,122.15221674933692,117.60371318033525,111.35947167214538,105.11523016395552,64094624200,-4.659221413482996,-4.724743342469952,0.06552192898695619,58.848308518447716,54.625473097304045,NVDA
2025-04-11,110.90386199951172,111.52371865557488,107.45467796999777,108.47443427245335,313417300,56.41969326869969,49.19929897044485,47.118926252345496,110.84887771606445,119.03872451782226,128.35714385986327,126.46783679962158,106.88247358969537,110.12323636671304,113.72155725365755,118.14808383967481,121.90225331045191,117.33599822481662,111.08699601419069,104.83799380356479,64408041500,-3.999726091013713,-4.579739892178704,0.5800138011649913,70.1182504752973,68.9345502269015,NVDA
2025-04-14,110.68391418457031,114.2630725146749,109.04430120283689,114.08311462021162,264705000,55.976552256565796,49.01689001375329,47.00783630141165,110.40798149108886,118.85178939819336,128.04474609375,126.38956092834472,107.72723816633425,110.17420707742734,113.54797764970971,117.88150635199251,121.65295688543232,116.96846592355344,110.64852779313655,104.32858966271968,64143336500,-3.45499224706856,-4.354790363156676,0.8997981160881157,74.7672286473676,67.91126254703754,NVDA
2025-04-15,112.1735610961914,113.5932323217664,110.47396469045397,110.94385517244878,228966900,58.61814643524072,50.359264906831854,47.87793761709036,110.24651908874512,118.76282485961914,127.76553749084472,126.33077743530274,108.71530992852473,110.35596653367861,113.46943956093723,117.67765116428534,121.44230364567142,116.50270267929962,110.2656020731955,104.02850146709137,64372303400,-2.8700011086110635,-4.057832512247553,1.1878314036364896,89.81739152336405,78.23429021534298,NVDA
2025-04-16,104.46538543701172,106.76484672728219,100.4263361362673,104.52537649088836,397016900,42.706221965267254,43.9157770517318,43.97214448806704,109.59517288208008,118.47990997314453,127.34067413330078,126.2357020187378,107.77088226374406,109.82045916125433,112.9549221824272,117.20578453116843,121.06503879659009,115.99996443349167,109.67431286598,103.3486612984683,63975286500,-2.9938653563226723,-3.845039081062577,0.8511737247399047,62.74579535693003,75.77680517588722,NVDA
2025-04-17,101.4660873413086,104.44538862475022,100.02643178468185,104.42538906519317,292517500,37.90220651512287,41.681008443913946,42.55978134887596,108.74337387084961,118.01344940185547,126.89701332092285,126.12183197021484,106.36981672542507,109.06097081398653,112.29841733436326,116.64365248867344,120.62950654202828,115.2272895734666,108.91830067346461,102.60931177346261,63682769000,-3.2960521180750675,-3.7352416884650754,0.43918957039000794,52.21207240875963,68.2584197630179,NVDA
2025-04-21,96.88717651367188,99.41657935183265,95.01761424618036,98.74673137333838,288501100,31.425932496538195,38.46303279620445,40.484371656326076,107.70411949157715,117.37843597412109,126.3997664642334,125.99321342468262,104.26256334503547,107.95426224123065,111.41777500175233,115.93806406099482,120.1018992080648,114.2465692547419,107.90568281475788,101.56479637477386,63394267900,-3.860515520307075,-3.7602964548334756,-0.10021906547359949,36.13065051481629,50.36283942683531,NVDA
2025-04-22,98.86670684814453,99.78648832080442,97.25708545719098,98.75673214732677,241004800,37.00956174783886,40.59818533196347,41.76780333944173,106.5783847808838,116.7598210144043,125.96949630737305,125.84645610809326,103.06348412350415,107.12812084185917,110.70057110726046,115.32837273196446,119.630006044511,113.36979216686674,107.030810073534,100.69182798020124,63635272700,-4.100853195997502,-3.8284078030662814,-0.2724453929312203,43.082885152882746,43.80853602548621,NVDA
2025-04-23,102.68579864501953,104.77531016741209,101.99595878138034,104.4953697335839,247526000,47.000525991705324,44.59251473263022,44.19506947145312,105.67959632873536,116.14301208496094,125.6366934967041,125.73103828430176,102.97955401717424,106.72427336941921,110.24258410941812,114.87685222885929,119.25346810230008,112.51697712425006,106.1827557454653,99.84853436668052,63882798700,-3.937761679525636,-3.8502785783581523,-0.08748310116748348,56.495774975186514,45.23643688096183,NVDA
2025-04-24,106.40492248535156,106.51489717654988,103.08570507328525,103.45562063709751,220815000,55.28794334208427,48.2424338165732,46.46683166841343,105.31318244934081,115.61598022460937,125.33208549499511,125.62237190246582,103.74074701010254,106.6952414708676,110.02328915947146,114.5742833094483,118.96794486636789,111.85618021970214,105.47149466315365,99.08680910660513,64103613700,-3.4684264052317246,-3.773908143732867,0.30548173850114235,69.55757106678476,56.378743731617995,NVDA
2025-04-25,110.98385620117188,111.8936379045766,105.70510100806126,106.82483233532861,251064700,63.67890202101499,52.39992057433648,49.13222851956954,105.29218788146973,115.21371643066406,125.08906074523925,125.52070770263671,105.35032683034018,107.0851155372589,110.07817870471149,114.446053769867,118.79052067380798,111.5948136302123,105.20727169835064,98.81972976648896,64354678400,-2.6959162910017653,-3.5583097731866467,0.8623934821848813,85.63907334546383,70.5641397958117,NVDA
2025-04-28,108.70438385009766,110.343996814893,105.9950156815573,109.66415673478784,207708500,57.25961788767498,50.236547267631835,47.89123337653531,105.24519920349121,114.68289077758789,124.79415252685547,125.39000469207764,106.09567283473072,107.23232174751698,109.9996761415907,114.24099412987525,118.56638429994774,111.44024737719471,105.026044456565,98.61184153593533,64146969900,-2.2417888814656663,-3.295005594842451,1.0532167133767847,69.13759393563727,74.77807944929528,NVDA
2025-04-29,108.99431610107422,110.17403844763395,107.41469407982767,107.64463563001284,170444300,57.907269683415805,50.51638683656101,48.065665129911274,105.27719192504883,114.08668640136719,124.49834526062011,125.29828323364258,106.73981578280706,107.39250305238582,109.94222699641833,114.05361277170378,118.35367167330611,111.31218218620867,104.9474918044524,98.58280142269615,64317414200,-1.8373151031875068,-3.0034674965114623,1.1661523933239555,69.69091465605543,74.8225273123855,NVDA
2025-04-30,108.89433288574219,108.89433288574219,104.05547701680861,104.44538450923935,235044600,57.54641424177219,50.411108232482384,48.00772737972445,105.21570587158203,113.47748626708984,124.18524452209472,125.19686622619629,107.21859736123707,107.5290330372364,109.88234733295111,113.86935277577659,118.14346414469357,111.17761055133562,104.93051156812751,98.68341258491938,64082369600,-1.5074574980309734,-2.7042654968153648,1.1968079987843914,72.10386183569595,70.31079014246286,NVDA
2025-05-01,111.58370208740234,114.91291927434723,111.27377757314032,113.05335693358144,236121500,64.65567489808134,53.2343178366667,49.71230538396571,105.27519187927246,112.92547256469726,123.85025680541992,125.11289417266846,108.18862063371824,107.89763931452421,109.97956760463404,113.78772239404894,117.99769165453154,111.34836389651949,105.10554945459646,98.86273501267343,64318491100,-1.0173064750775325,-2.3668736924677987,1.3495672173902662,83.26631744408274,75.02036464527804,NVDA
2025-05-02,114.47303009033203,115.37281962529518,113.34329900218786,114.15310576985596,190194800,70.93137539209124,56.1244168697228,51.49832565995222,105.91004219055176,112.41365112304688,123.54486213684082,125.05376384735108,109.5851560685213,108.49540211232492,110.23633688953107,113.81219766891618,117.91936584199377,111.42136278998166,105.32898925250545,99.2366157150292,64508685900,-0.3912040782269912,-1.9717397696196373,1.580535691392646,95.5795605192647,83.64991326634778,NVDA
2025-05-05,113.7931900024414,114.64298826396649,112.63346720059009,112.88340831442672,133163200,67.5450609507014,55.259082943844554,51.05230488169927,106.88531265258788,112.00179580688477,123.25886047363281,125.03306415557861,110.52027472050354,108.9770191932446,110.43958563884024,113.81151882368495,117.82767304555927,111.8349160276639,105.83871051123229,99.8425049948007,64375522700,0.049557896091727116,-1.5674802364773643,1.6170381325690915,92.23967730399552,90.36185175578096,NVDA
2025-05-06,113.51325988769531,114.7129742117387,110.7938992837595,111.4537475013017,158525600,65.98844703785166,54.883847397382134,50.86267395057673,107.68012619018555,111.66731430053711,123.00634765625,124.99547222137451,111.18538253543505,109.38940471092192,110.61522416734624,113.80086671882817,117.73179719760674,112.4736548187441,106.6726413227057,100.87162782666726,64216997100,0.3719888594546461,-1.1795864172909623,1.5515752767456084,90.86445111721721,92.89456298015914,NVDA
2025-05-07,117.03242492675781,117.65228163619798,112.25355204144066,113.02337494499027,206758800,74.76256968917093,58.68233541711209,53.14985191827888,108.71788177490234,111.47619232177735,122.8264143371582,124.99126850128174,112.48472528906233,110.08422473054337,110.98192135359834,113.91627951196853,117.71625559158788,112.97861597131437,107.64082638288168,102.30303679444896,64423755900,0.9010976360379459,-0.7634496066251807,1.6645472426631267,97.26147197677162,93.45520013266143,NVDA
2025-05-08,117.34235382080078,118.65204278244111,115.82270761670769,118.22214377270919,198428100,75.43236825081958,59.0096515635109,53.34977813153897,108.86984596252441,111.19829940795898,122.60719413757325,124.96057792663574,113.56419829611532,110.74405464783949,111.34537463743848,114.03863930871253,117.70794666334817,113.44850562195799,108.51823891724321,103.5879722125285,64622184000,1.3300963028455186,-0.34474042473104083,1.6748367275765594,94.45855456318328,94.19482588572403,NVDA
2025-05-09,116.62252044677734,118.20215005190205,115.18285724943865,117.32235248570746,132972200,70.2370016369003,57.86311458735011,52.802649360589136,109.32373924255371,111.1285368347168,122.40046936035156,124.93103591918945,114.24382544070687,111.27846062956111,111.64692582654357,114.13092077792913,117.6838260807577,113.12286821995585,108.88529523307079,104.64772224618575,64489211800,1.593625971472406,0.04293285450964851,1.5506931169627574,90.51401549995826,94.07801401330437,NVDA
2025-05-12,122.97103118896484,122.97103118896484,120.25167057965504,121.94127499373305,225023300,82.78520315771671,64.42762626993971,56.880022834592076,109.92709770202637,111.09037582397461,122.288119430542,124.97491634368896,116.1832044958753,112.34142158950691,112.29401756153906,114.4466390068947,117.80131952760674,113.46770819813537,109.65812947085453,105.84855074357371,64714235100,2.288368010696786,0.492019885747076,1.7963481249497097,100.00000000000001,94.99085668771384,NVDA
2025-05-13,129.89938354492188,131.18908818741485,124.44067836400953,124.95056035306071,330430100,88.90894629984953,69.9328508196683,60.74884344947965,110.88787117004395,111.40791076660156,122.26754570007324,125.06328384399414,119.23124428455232,113.93759994909009,113.30003847487522,114.99852274039567,118.07016539465818,114.47858119630594,110.54141346246186,106.60424572861778,65044665200,3.359292383091997,1.0654743852160604,2.2938179978759368,95.4108562757181,95.30829059189212,NVDA
2025-05-14,135.30810546875,135.40808800730593,131.6489642323906,133.16861033831793,281180800,91.6811459411492,73.39449954042755,63.426968625585964,112.04459838867187,111.79503280639648,122.31715385437012,125.17479682922364,122.80388010326291,115.88037317815007,114.55764230309663,115.72386498069403,118.453230729638,115.49437369147415,111.6267129831978,107.75905227492146,65325846000,4.591518157289997,1.7706831396308478,2.820835017659149,99.68110299143432,98.36398642238413,NVDA
2025-05-15,134.79823303222656,136.2678878895653,132.6287461607251,134.258351724734,226632600,89.1601586597178,72.54657110987449,63.003312166642544,113.56124076843261,112.14576583862305,122.37645835876465,125.2911068725586,125.46929186525483,117.60017861942974,115.71424748761834,116.40509241110591,118.81645300302885,116.58982974332632,112.69741312564392,108.80499650796149,65099213400,5.463938633223435,2.509334238349365,2.95460439487407,95.43761296494057,96.84319074403099,NVDA
2025-05-16,135.36810302734375,136.31789147723805,133.42857277146337,136.18791721457987,226542500,89.54570867280171,72.92309594696586,63.289826088670445,115.25634155273437,112.64245223999023,122.42376747131348,125.44954734802246,127.66902767905238,119.21544447469465,116.8373249470312,117.08234279025727,119.18426744801363,117.90904281189403,114.18087342684207,110.45270404179014,65325755900,6.130651556904596,3.233597702060411,2.8970538548441844,97.05605279152546,97.39158958263344,NVDA
2025-05-19,135.53805541992188,135.83797251007488,132.35879696756518,132.35879696756518,193154600,89.67710763453762,73.04184315447742,63.37825180847188,117.18888549804687,113.1001515197754,122.43258934020996,125.54241962432862,129.41770051035672,120.69931819698803,117.90593811691068,117.74147538417387,119.54768495850047,119.4166233397376,115.7332054450456,112.0497875503536,65518910500,6.596697467949852,3.9062176552382994,2.6904798127115526,97.58283417295794,96.6921666431413,NVDA
2025-05-20,134.3483428955078,134.54829272140586,132.58874781513978,134.2583525069389,161514200,81.11297004701832,70.70424777823007,62.280350964681894,118.96296730041504,113.64821914672852,122.37983024597168,125.66837451934815,130.51339881816807,121.94013862412619,118.84550410425908,118.33457779529293,119.87658846821174,121.04909560516948,117.48184057711494,113.91458554906036,65357396300,6.7917512713175086,4.4833243784541414,2.308426892863367,92.28354025968765,95.64080907472368,NVDA
2025-05-21,131.76895141601562,137.36762292180558,130.55922977564506,133.02864907239967,270608700,64.97035898071411,65.78831127015235,59.92731760422417,120.41712493896485,114.10911056518555,122.2957788848877,125.79112781524658,130.79241050657865,122.83366705975251,119.58398680778801,118.81437685317589,120.14086320038514,122.90024630889914,119.12922983881852,115.3582133687379,65086787600,6.661408904978657,4.918941283759045,1.7424676212196122,78.9315506473687,89.59930836000474,NVDA
2025-05-22,132.7987060546875,134.21836966107523,131.51900885300861,132.19884131725317,187344000,68.01942923937938,66.78130055833319,60.5494061846619,121.73681411743163,114.4508299255371,122.2249242401123,125.95311340332032,131.23825396171395,123.73957969565569,120.33911362189654,119.31381718180131,120.42214859714741,124.31038988415412,120.5431824892147,116.7759750942753,65274131600,6.565520994778382,5.248257225962913,1.3172637688154687,82.80663662590109,84.67390917765248,NVDA
2025-05-23,131.25906372070312,132.64873565144939,129.12957588399638,129.96937433382988,198821300,58.831658136678286,63.799634427473876,59.114933565866465,122.75057449340821,114.76495574951171,122.16786369323731,126.0884098815918,131.24287835260043,124.42316915247818,120.96311077039977,119.74043312961923,120.66296893322642,125.5374018446863,121.76591027526172,117.99441870583716,65075310300,6.292753916044035,5.4571565639791375,0.8355973520648972,77.01278419123499,79.58365715483491,NVDA
2025-05-27,135.4680633544922,135.6280293045703,133.27857708527512,134.1183754403962,192953600,71.47260466596857,68.00522445913101,61.707669978276165,124.08875846862793,115.04149032592774,122.1480948638916,126.27143856048583,132.1818083530208,125.42725044357036,121.79196520377647,120.30213420907897,120.99197103147678,126.55763709228738,122.96895907892089,119.38028106555443,65268263900,6.343095874534001,5.63434442609011,0.7087514484438904,92.43627376715523,84.0852315280971,NVDA
2025-05-28,134.7782440185547,137.2176717346689,134.75824445795843,135.9979578766118,304021100,67.40228462628376,66.63881024213441,61.0443837141415,125.37795486450196,115.34701843261719,122.1534171295166,126.42073276519776,132.7587940564728,126.27734076856892,122.53403827890665,120.81913813084597,121.29833265341185,127.76465458902956,124.26595533074048,120.76725607245142,64964242800,6.255223263936728,5.758520193659434,0.49670307027729343,88.3281214618544,85.92572647341485,NVDA
2025-05-29,139.15721130371094,143.45620133736625,137.87751407348716,142.21648797143945,369241900,77.2650790397065,70.6678782084561,63.638253009439026,126.89109878540039,115.82210647583008,122.16234230041503,126.5930212020874,134.18066455585904,127.44823808994546,123.48393388032403,121.47406931559115,121.69519662341848,129.38951025211287,125.75655657020127,122.12360288828965,65333484700,6.464411933493338,5.899698541626215,0.564713391867123,84.79490073658836,88.51976532186599,NVDA
2025-05-30,135.09817504882812,139.58710766728817,132.88868890141003,138.6873257641086,333170900,57.80948842997817,63.06485403769435,59.780837779058125,128.06682243347169,116.17422378540039,122.06909721374512,126.72367477416992,134.38455577651882,128.14368690438934,124.14760480423854,121.9606445203496,121.99304058842759,130.8388518000504,127.1173475039986,123.39584320794681,65000313800,6.230839914283607,5.965926816157693,0.26491309812591357,63.981058803524256,79.03469366732233,NVDA
2025-06-02,137.34764099121094,138.08745689917103,135.36809645457458,135.45808684638126,197663100,63.86113328338502,65.29338056516723,61.145366270814044,129.21055297851564,116.55113525390625,121.94876304626465,126.82999282836914,135.0430191575615,128.9804100031913,124.90189258635124,122.51018010859465,122.33425393071165,131.95430341338746,128.2765982247933,124.59889303619914,65197976900,6.156279747465675,6.003997402419289,0.15228234504638571,67.87592771066976,72.21729575026079,NVDA
2025-06-03,141.1867218017578,141.9665367692297,137.91748812723765,138.74729436292043,225578800,72.06672021528497,68.75795543624065,63.363157264977765,130.58022956848146,117.02142440795899,121.95968925476075,126.94581100463867,136.40828641182736,130.0900747121519,125.83245425580304,123.17719945477906,122.75319766117934,133.28668725524565,129.51281406575222,125.73894087625877,65423555700,6.33395808886317,6.069989539708066,0.2639685491551038,84.15900839318293,72.0053316357923,NVDA
2025-06-04,141.88656616210938,142.3564566649135,139.5071219355859,142.15650682982962,167120800,73.38850240764609,69.35844753764079,63.75741150511885,131.99889488220214,117.43152770996093,121.97791389465333,127.04123985290528,137.62568191189004,131.1624830257844,126.74983207902055,123.845391122898,123.17838362786668,134.6390672599038,130.8252029434603,127.01133862701681,65590676500,6.456810948175701,6.147353821401594,0.30945712677410686,89.04392956760329,80.35962189048531,NVDA
2025-06-05,139.95703125,143.96608121416313,138.79730082341692,142.13651043477643,231397900,63.45433089244992,65.61389826448519,61.83927697062426,133.14512519836427,117.81743698120117,122.01882926940918,127.11842525482177,138.14375954258117,131.961987409804,127.50452917450508,124.42080684172306,123.55124246391408,136.0271529153433,132.1537788149585,128.28040471457373,65359278600,6.325558284298722,6.18299471398102,0.1425635703177024,72.97847522076772,82.06047106051797,NVDA
2025-06-06,141.6865997314453,143.23623746842864,141.47664251332282,142.47640682683559,153986200,68.09918217069892,67.31719127056809,62.8856359083451,134.3623374938965,118.37650497436523,122.10383171081543,127.17717144012451,138.93105736232874,132.84604307540775,128.31493320633024,125.03744230207029,123.95425040319255,137.1151500135948,133.41506803890772,129.71498606422062,65513264800,6.288610141213553,6.204117799427527,0.08449234178602616,84.63599458234283,82.2194664569046,NVDA
2025-06-09,142.59640502929688,144.96584183837217,141.9065651342004,143.15627066728982,185114500,70.4684496212325,68.20926823806784,63.43697910322784,135.66103172302246,119.0003581237793,122.21262748718262,127.2542100906372,139.74557906609945,133.7324396166704,129.13101731049977,125.66454811375696,124.36852050599485,138.3586664008525,134.64763482909694,130.93660325734132,65698379300,6.260574153824848,6.2154090703069915,0.04516508351785653,85.0379071941477,80.88412566575273,NVDA
2025-06-10,143.92608642578125,144.25599524562207,141.4966510569608,142.65638139553192,155881900,73.87176864363109,69.51875025316072,64.24846134174172,136.7087844848633,119.68599670410157,122.28993446350097,127.33165019989013,140.6745807015843,134.65913478113504,129.976449831373,126.31674591061497,124.80313308199011,139.61091019670712,135.9122571303707,132.21360406403423,65854261200,6.273334512669209,6.226994158779435,0.04634035388977331,93.43433978952834,87.70274718867294,NVDA
2025-06-11,142.80625915527344,144.96590375929992,141.84641202362192,144.5859620448177,167694000,66.16568180889227,67.01517694770885,63.017048694518465,137.35412826538087,120.37503265380859,122.38273460388183,127.4272797012329,141.1482870246263,135.39978245151124,130.70958179273873,126.9056570979242,125.2032025502853,140.63670758336926,136.91900065387242,133.2012937243756,65686567200,6.122510002860963,6.2060973275957405,-0.08358732473477737,86.36271854793807,88.27832184387137,NVDA
2025-06-12,144.9759063720703,144.9759063720703,141.82643588786814,141.94641106631286,162365000,72.76993126688866,69.32048819000872,64.39916411572622,137.83751831054687,121.07206970214844,122.45584465026856,127.50562107086182,141.99886910183608,136.27033917156206,131.5248003401291,127.55102314342943,125.64259596854718,141.19944219476693,137.65311332904167,134.10678446331644,65848932200,6.107647728962377,6.186407407869068,-0.07875967890669155,100.0,93.26568611248881,NVDA
2025-06-13,141.94639587402344,143.556128789635,140.8265869783813,142.4563055840922,180820600,54.83534991636043,62.72806165431338,61.06764424948813,138.1949264526367,121.70311798095703,122.46746986389161,127.5833578491211,141.98720838454437,136.78634432633126,132.12032008492307,128.0651435980935,126.00490263311332,141.53079470337974,138.03349355020984,134.53619239703988,65668111600,5.784730321032839,6.106071990501823,-0.3213416694689837,74.93624562145497,87.099654723131,NVDA
2025-06-16,144.66595458984375,146.1556971839991,143.1761967394354,143.32618096280035,183133700,64.31051497315106,65.86624567019462,62.87030772751842,138.65981903076172,122.56091659545899,122.44391090393066,127.66549674987793,142.58248531905534,137.50267253210512,132.83721348520424,128.65802970494173,126.41959267659621,141.9803829189025,138.51449325546,135.0486035920175,65851245300,5.68275435401921,6.021408463205301,-0.3386541091860913,88.77107361039022,87.90243974394839,NVDA
2025-06-17,144.09603881835938,145.1958620737219,143.75609899624828,144.46598768948277,139108000,61.0876998783286,64.63801106126729,62.238938307148665,139.08771820068358,123.5570817565918,122.4131534576416,127.75822959899902,142.9188305411229,138.10206946721914,133.4805749328131,129.20938717327806,126.8124025908576,142.3547442796546,138.9578810747026,135.56101786975063,65712137300,5.492634553602159,5.915653681284673,-0.4230191276825144,84.47533670162306,82.72755197782276,NVDA
2025-06-18,145.455810546875,145.62578045463974,143.0962022725339,143.9860537050978,161494100,65.97026993963289,66.2548607977866,63.16171755217666,139.64309158325196,124.51385818481445,122.44197868347167,127.89784202575683,143.48260387573447,138.77059138355148,134.1648741107595,129.78961657947795,127.22670054543576,142.79274707799226,139.4411027949643,136.08945851193633,65873631400,5.389557986848132,5.810434542397365,-0.4208765555492331,94.72460842552873,89.32367291251398,NVDA
2025-06-20,143.8260955810547,146.17569581398777,142.6262828381709,145.42582047781178,242956200,55.885074720301255,62.562714591443,61.285168976542316,140.2459487915039,125.4648338317871,122.69642753601075,128.02041015625,143.55893536580564,139.2301826742336,134.71694390906208,130.29091940096282,127.59557599067173,143.36278350671944,139.93543122037954,136.50807893403964,65630675200,5.11737477645579,5.671822589209051,-0.5544478127532608,78.25973969985635,85.81989494233603,NVDA
2025-06-23,144.1460418701172,144.7559411184857,142.00639807778802,142.47632119978937,154308900,57.41863992675154,62.998656622721754,61.51981522077185,140.81331558227538,126.06169326782226,122.84841041564941,128.20140060424805,143.68940347787486,139.67707896476844,135.25574950683665,130.7857452034326,127.96336412132608,143.66494265968035,140.43086894979106,137.19679523990175,65784984100,4.871330942068425,5.511724259780927,-0.6403933177125012,75.42258537373598,82.80231116637368,NVDA
2025-06-24,147.87539672851562,147.93539956519925,145.47580197371775,145.53578955415,187566100,71.3496910644887,67.71747445721579,64.16641508203841,141.644132232666,126.86830810546876,123.09056953430176,128.4099835205078,144.61962420023949,140.42238057965454,135.97687220521829,131.396089900757,128.40585373481917,144.33210494617092,141.10944853230947,137.88679211844806,65972550200,4.920546206485369,5.3934886491218155,-0.47294244263644636,99.34337723437731,84.3419007693232,NVDA
2025-06-25,154.28436279296875,154.4243389252029,149.23519867353343,149.24520677628502,269146500,82.89210177851618,73.88194174319143,68.10736532978437,142.58494720458984,127.73591812133789,123.38732131958008,128.64561367034912,146.76734388751265,141.68256078086492,137.02301452451832,132.213528218336,128.98093171388916,145.4418901301107,142.13971083604847,138.83753154198624,66241696700,5.41428712583982,5.397648344465416,0.016638781374403777,99.10426959144513,91.2900773998528,NVDA
2025-06-26,154.99423217773438,156.69394650127538,153.97439748110884,155.95406403411533,198145700,83.76162560169168,74.4635934285288,68.50841744290567,143.59574661254882,128.62212448120118,123.73695693969727,128.90668258666992,148.59554128533972,142.89271272603486,138.04994124755925,133.02712478831452,129.55900505753016,146.43233769865665,143.11253474741008,139.7927317961635,66439842400,5.796047658866996,5.477328207345733,0.3187194515212637,89.28798253364975,95.91187645315739,NVDA
2025-06-27,157.7238006591797,158.68364793378802,155.23420870961348,156.01407794562124,263234500,86.84641636788344,76.61970996576078,70.02375153552966,144.52407608032226,129.53312927246094,124.14797706604004,129.1632081604004,150.62404336841527,144.24099344722984,139.17416178536612,133.9091489265597,130.18488940423347,147.5094413960184,144.14249501870214,140.77554864138583,66703076900,6.246839321053528,5.631230430087292,0.6156088909662358,94.62483060899382,94.33902757802956,NVDA
2025-06-30,157.96376037597656,158.6336472456001,155.93409881773164,158.37368067249696,194580300,87.1048419033883,76.80512015741138,70.15573644418139,145.6673553466797,130.60309677124025,124.54150337219238,129.41278751373292,152.2550915923178,145.48851771347952,140.247853133401,134.76824219261033,130.80219764804997,148.19838049469638,144.96853596671394,141.73869143873148,66897657200,6.547976705348134,5.814579685139461,0.733397020208673,95.96861118630221,93.29380810964858,NVDA
2025-07-01,153.2745361328125,157.17388214393176,151.46483925954294,156.26402965591922,213143600,59.63152232954064,65.82034423803077,64.36584663435406,146.46370010375978,131.6392657470703,124.82635757446289,129.5948918914795,152.48163482353885,146.19633756978251,140.99223501908168,135.42918126190327,131.30158294771135,149.01379570539945,145.83106431463077,142.64833292386209,66684513600,6.335220565892342,5.918707861290038,0.4165127046023045,69.70883498419282,86.76742559316294,NVDA
2025-07-02,157.22386169433594,157.57380961936815,152.94457434216997,152.9545671877056,171224100,69.38920398290404,69.74502587175493,66.77983921245934,147.26555709838868,132.8459994506836,125.11221771240234,129.78554737091065,153.53546301704932,147.19883976292374,141.9197565433819,136.20756270591872,131.87763358652523,150.00853659125218,146.73485877988344,143.46118096851467,66855737700,6.411380950817573,6.017242479195545,0.3941384716220284,91.82515956518536,85.83420191189344,NVDA
2025-07-03,159.3135223388672,160.95324924613055,157.74379112425564,158.34368228178877,143716100,73.46211282273765,71.60302834289747,67.97975859882419,148.13690490722655,134.05493576049804,125.40737838745117,129.98685104370117,154.8194761996755,148.30017454255497,142.91368601740965,137.0327755499526,132.48732000324392,150.87236269364388,147.63866538323308,144.4049680728223,66999453800,6.564683173319139,6.1267306180202645,0.43795255529887456,91.85296158175791,84.46231871037868,NVDA
2025-07-07,158.21371459960938,159.28352889047815,157.31385497697042,158.17371270193448,140139000,67.76738408208615,69.19452675998586,66.65502246580581,149.04973907470702,135.16549407958985,125.65425308227539,130.19425106048584,155.5737513996608,149.20140545683262,143.78797336496393,137.7892376588689,133.05901766094095,151.6409654120088,148.44915671187513,145.25734801174147,66859314800,6.522246597237739,6.2058338138637605,0.3164127833739787,85.54095019705149,89.73969044799826,NVDA
2025-07-08,159.97341918945312,160.19338386133896,158.36368604860908,159.3035323273478,138133000,71.94328921523721,70.88217582648211,67.70765666539748,149.9640800476074,136.23686401367186,125.92642211914062,130.41639728546141,156.55145535294798,150.18067943252538,144.7128559835062,138.58152985638978,133.65711547268566,152.36783569895755,149.33503093111037,146.3022261632632,66997447800,6.555046265910931,6.275676304273196,0.27936996163773564,94.8285335226859,90.74081510049842,NVDA
2025-07-09,162.85293579101562,164.39267314506114,161.13322041798892,161.1932080055649,183656400,77.63335180441553,73.44578721904583,69.36224139541328,150.97690658569337,137.27424560546876,126.2439810180664,130.6640366744995,157.95178433918522,151.33270273784268,145.74943197250673,139.44836578262644,134.30591147975966,153.42305669827132,150.31883013175909,147.21460356524688,67181104200,6.735747658119578,6.367690575042473,0.3680570830771055,93.12195821136638,91.16381397703458,NVDA
2025-07-10,164.07273864746094,164.4726660794993,161.5831469026993,164.29270331195812,167704100,79.72370727752045,74.47115390104794,70.04203484648873,151.98423919677734,138.381612701416,126.53225173950196,130.89528400421142,159.31199640769094,152.49088782053525,146.7964780682184,140.32780767065626,134.9673965279308,154.37782601645665,151.28168314172405,148.1855402669914,67348808300,6.897868376653406,6.473726135364659,0.424142241288747,98.2198759847078,95.39012257292002,NVDA
2025-07-11,164.89259338378906,167.862101078866,163.44283738179527,163.6927958392512,193633300,81.14497186080706,75.1652778413328,70.50193748082987,153.08855590820312,139.4995782470703,126.79313232421875,131.13997688293458,160.5521290690461,153.61831559901287,147.8305418005367,141.2051214461253,135.63240090250542,155.51272375679497,152.33753709594762,149.16235043510028,67542441600,7.011679364423685,6.581316781176464,0.4303625832472209,88.51507655795265,93.28563691800893,NVDA
2025-07-14,164.04273986816406,165.4625020418882,161.99307751467913,165.3425116109199,136975800,74.63723015949344,72.95101572336532,69.34821542243174,154.04189758300782,140.60254638671876,127.0400163269043,131.37912101745604,161.32782035773897,154.56599053257207,148.75695311868685,142.02075067548384,136.26374176840895,156.51160538951132,153.31975526240058,150.1279051352898,67405465800,6.953147756850001,6.655682976311172,0.29746478053882885,82.93884490347227,89.89126581537757,NVDA
2025-07-15,170.671630859375,172.37134531045626,169.17188012202328,171.1615549258278,230627400,85.5125021235585,78.31663574476599,72.9569707579453,155.4781593322754,141.78430496215822,127.35488876342774,131.62836872100831,163.40422269143588,156.0301396531905,150.00922041815474,143.04399639633712,137.02836152598599,157.79075763986907,154.59652681255687,151.40229598524462,67636093200,7.3568519296241845,6.795916766973775,0.5609351626504093,92.65342462703491,88.0357820294866,NVDA
2025-07-16,171.34152221679688,171.72146396229547,168.87193138356372,171.03157616389174,158831500,86.22859043330409,78.77484928247706,73.28921463389153,156.81193771362305,142.9216748046875,127.66766296386719,131.86777114868164,165.16806703040498,157.42208352260926,151.22820909236285,144.0546223184964,137.79087620800402,159.1552938021397,155.9553491287571,152.7554044553745,67794924700,7.642744231054991,6.965282259790018,0.6774619712649725,95.07415016573562,90.22213989874759,NVDA
2025-07-17,172.97125244140625,174.13106334471073,170.80161486292053,171.99141956059896,160841100,87.96520865911371,79.88833659043263,74.09857476823471,158.25569839477538,144.1052360534668,128.0535159301758,132.1126733016968,166.9021082328497,158.835644333409,152.47066871230817,145.0873591086003,138.57266234652408,160.50380056797206,157.28719170234058,154.0705828367091,67955765800,7.9096440950388,7.154154626839775,0.7554894681990252,94.88308728023462,94.20355402433505,NVDA
2025-07-18,172.38136291503906,174.22105359276725,171.23154479926822,173.61115431570738,146456400,83.3973323998725,78.28742934664484,73.25858537884632,159.6019760131836,145.28259811401367,128.4749562072754,132.3678207397461,168.11972038444736,160.06707329537537,153.60842266674993,146.0621449588303,139.3239668036022,161.92340689442952,158.63300061374926,155.34259433306892,67809309400,7.981558566483557,7.319635414768531,0.6619231517150252,91.91565586969263,93.95763110522095,NVDA
2025-07-21,171.35153198242188,173.35119970444802,170.97159023323564,172.72129949000853,123126100,75.21487717796437,75.44497788484227,71.77357688420304,160.97824783325194,146.36898025512696,128.92258628845215,132.61761909484864,168.83790073955282,161.09293317601598,154.62231462764547,146.96533735252999,140.0356904742426,163.2098612200387,159.9265963065438,156.64333139304887,67686183300,7.864792125651917,7.4286667569452085,0.43612536870670837,87.39016266798014,91.39630193930246,NVDA
2025-07-22,167.00225830078125,171.36153479867312,164.55266825003173,171.31154005146294,193114300,50.235782271939975,64.75218953385662,65.87749575056796,162.12105865478514,147.36217834472657,129.28023887634276,132.86786231994628,168.42998019760358,161.63014455099466,155.32973998039608,147.6809416721104,140.63494753705456,164.4807619793204,161.0422849909291,157.60380800253776,67493069000,7.336730579164026,7.410279521388973,-0.07354894222494668,66.0714763614692,81.79243163304731,NVDA
2025-07-23,170.75161743164062,171.23153339032083,167.94208685699226,169.5018251648929,154082200,62.960749832079856,68.85076559934656,68.22965262823158,163.2648696899414,148.44476028442384,129.78664855957032,133.12760597229004,168.94589958294515,162.45936935832611,156.21099012046722,148.50489437780791,141.30420686804536,165.7607074886927,162.2965208101761,158.8323341316595,67647151200,7.138491855697481,7.3559219882506754,-0.21743013255319443,79.47953271285853,77.64705724743594,NVDA
2025-07-24,173.7111358642578,173.80111724784433,171.27153886755505,172.41134882841166,128984600,70.18268104312943,71.65271927609804,69.93962444510811,164.23620834350587,149.4595623779297,130.27496910095215,133.3821551513672,170.0048409787924,163.48225722250172,157.21099844868382,149.40511728803827,142.02436084573898,166.99415409311567,163.52663499608443,160.05911589905318,67776135800,7.137913222470104,7.312320235094561,-0.17440701262445746,96.98402000179375,80.84500969204048,NVDA
2025-07-25,173.47117614746094,174.69097468726906,172.9312725713388,173.58115848322245,122316800,68.87603535644757,71.09431284672809,69.62198397445653,165.1600555419922,150.33099822998048,130.86945449829102,133.6251586532593,170.77513768294097,164.39034076113435,158.14015146004252,150.2646193901605,142.72317896355503,167.83322089640373,164.5290083772648,161.22479585812593,67653819000,7.036974051251519,7.257250998325953,-0.22027694707443413,92.52908081186321,89.66421117550514,NVDA
2025-07-28,176.7206268310547,176.97058528484683,173.94109004538618,173.99108478739527,140023500,76.10514918818262,74.04421855685626,71.45719476299124,166.10989685058593,151.15924865722656,131.47714073181152,133.87041492462157,172.0963574936329,165.51127585839984,159.20189290981463,151.20947679876386,143.478677805055,168.8316266846426,165.5126548217278,162.19368295881299,67793842500,7.136912657663231,7.233183330193409,-0.09627067253017785,98.4217168961282,95.97827256992838,NVDA
2025-07-29,175.4808349609375,179.35020236643535,174.99092613442062,177.93044011853775,154077500,68.78981194439058,71.06433001758407,69.77577856439954,166.985750579834,151.97290069580077,132.0593332672119,134.0836325454712,172.84846359747834,166.417599413176,160.1321181698788,152.0763110188415,144.1898368529635,169.79844917960665,166.4361517448899,163.07385431017318,67639765000,7.034979021678311,7.1935424684903895,-0.1585634468120789,78.22167317822847,89.72415696207328,NVDA
2025-07-30,179.24021911621094,179.86011122312902,176.01074478620916,176.48066791766442,174312200,76.87722234639502,74.42535052069431,71.87381565097407,168.2840347290039,152.85034301757813,132.74639762878417,134.31684658050537,174.26885371275225,167.5832921134519,161.22400965252635,153.04645059374755,144.96873423659125,170.84652890521608,167.42947823197312,164.0124275587301,67814077200,7.174839677989098,7.189801910390132,-0.014962232401034115,96.53052590019506,91.05797199151725,NVDA
2025-07-31,177.84043884277344,183.26954448460754,175.9007587673991,182.86960179799485,221685400,68.8999171979203,71.11315903533117,69.98278920112034,169.3148635864258,153.69639068603516,133.39827110290528,134.53226596832275,175.0625392972014,168.51575999793567,162.17351989196902,153.9319501740699,145.69921656117307,172.11758784262798,168.62150179639363,165.12541575015922,67592391800,7.09098917689866,7.170039363691838,-0.07905018679317788,74.48304904424474,83.07841604088941,NVDA
2025-08-01,173.69113159179688,176.51065501732398,170.86160006411595,174.06106522140865,204529000,50.32461291049742,62.26703288038253,64.70686954972294,170.03374404907225,154.48324645996092,134.06573280334473,134.72698879241943,174.75778202933373,168.98624832465032,162.8316691319592,154.63763522470302,146.32125911740914,173.01251800207868,169.4678691141295,165.9232202261804,67387862800,6.6134864773692925,7.058728786427329,-0.4452423090580364,48.82472495535127,73.27943329993035,NVDA
2025-08-04,179.9700927734375,180.17005649193501,174.49100755408614,175.1309006070304,148174600,66.65108612529747,68.62701488655091,68.46767043762617,171.12156295776367,155.44726928710938,134.77818992614746,134.93676288604738,175.91607330580123,169.9847796381764,163.81100762575792,155.54236585144352,147.069010976432,174.02885715379497,170.36660870318042,166.70436025256583,67536037400,6.664893100747889,6.979961649291441,-0.31506854854355204,82.37178218299623,68.55985206086406,NVDA
2025-08-05,178.23037719726562,180.23004490386853,175.87076869322405,179.59015184800575,156407600,60.08524109559129,65.34081040569254,66.41759925134505,172.0344108581543,156.35590270996093,135.40336631774903,135.17017559051513,176.43036305945998,170.73437941627543,164.63497160127267,156.3526519709372,147.76148578133942,175.08741110964752,171.31137207345503,167.5353330372625,67379629800,6.490435017822847,6.882056322997723,-0.39162130517487626,73.0768787259862,68.09112862144455,NVDA
2025-08-06,179.3901824951172,179.87009845787975,176.22071111043454,176.30069964693718,137192300,63.00106133289783,66.49275019141926,67.10409402201225,172.86127319335938,157.3185250854492,136.04174041748047,135.38879558563232,177.08810071182825,171.52127060526107,165.47812650949234,157.17542091822932,148.46434570831224,176.07803922977732,172.21534831097932,168.3526573921813,67516822100,6.3723063439315695,6.780106327184493,-0.4077999832529233,79.27345385591653,78.24070492163298,NVDA
2025-08-07,180.73997497558594,183.84945895635624,178.7703010091291,181.53984513179375,151878400,66.42629116215525,67.83271200316955,67.90242823832037,173.69463500976562,158.2239633178711,136.6327268218994,135.60811687469482,177.89962832599662,172.35933463892695,166.35023213612627,158.0170121345635,149.18158191425164,177.03740464640381,173.08806109807463,169.13871754974545,67668700500,6.314812266317034,6.687047515011002,-0.3722352486939675,83.88600452742033,78.74544570310768,NVDA
2025-08-08,182.66964721679688,183.2695536485861,180.37002623661053,181.51984435483087,123396700,71.02761216874947,69.69832477158064,69.02590281365099,174.583487701416,159.18179138183595,137.26440490722655,135.83173862457275,178.95963252395225,173.29663578236966,167.28277014073603,158.89746338750038,149.9257611431971,177.92963798256037,173.97981785160374,170.02999772064712,67792097200,6.351737344221988,6.619985480853199,-0.26824813663121105,93.88596913593157,85.68180917308946,NVDA
2025-08-11,182.0297393798828,183.80944232526838,180.2200426409657,182.01974653412333,138323200,67.35425325769984,68.28401459136471,68.19833446291419,175.48283767700195,160.03924194335937,137.9306742095947,136.02362216949462,179.6418784919368,174.09055429123447,168.1254540972587,159.72361610151404,150.6391828817901,178.6815760851534,174.77127328813813,170.86097049112288,67653774000,6.257235998391167,6.547435584360793,-0.29019958596962603,88.56052674755632,88.77750013696941,NVDA
2025-08-12,183.1295623779297,184.44933506001817,179.4301803710301,182.9295986692803,145485700,70.50079223396932,69.43210964479984,68.86898394892297,176.1057342529297,160.99986968994142,138.5870467376709,136.22160457611085,180.4169193554908,174.91228229911584,168.98283171329703,160.55954275424315,151.36119131503764,179.63649590848013,175.6523964370944,171.66829696570875,67799259700,6.199624117616992,6.477873291012033,-0.2782491733950412,90.28702957125306,90.91117515158031,NVDA
2025-08-13,181.55982971191406,183.93943921657484,179.3202115957667,182.58965738273272,179871700,60.51162133519428,65.7725255030928,66.76800273160953,176.61664962768555,161.88411346435547,139.21762435913087,136.43188037872315,180.67089943469597,175.5166047911884,169.701517313218,161.3095530027314,152.03227216830155,180.22163736132975,176.16993015506904,172.11822294880835,67619388000,5.958614777640349,6.374021588337696,-0.41540681069734653,78.73445906197374,85.86067179359436,NVDA
2025-08-14,181.98974609375,182.98957985829236,179.43017409752198,179.72011917648817,129554000,62.26864415336148,66.29647530294193,67.05576994378775,177.06757431030275,162.7001739501953,139.86079917907716,136.64005741119385,180.9639764700413,176.10507218233036,170.4037018149627,162.04813132741063,152.69799381108928,180.77091040947298,176.68539971835332,172.59988902723362,67748942000,5.736180678173895,6.246453406304936,-0.5102727281310413,81.89846234850819,83.63998366057832,NVDA
2025-08-15,180.42001342773438,181.86976944489334,178.01041021115256,181.84978375259033,156602200,52.10967950426764,62.5324980777665,64.91019046594303,177.4695068359375,163.47084289550781,140.4511853027344,136.83473804473877,180.84309579397308,176.49733956827617,170.97606247854966,162.70426997385078,153.31403869145916,181.15164048392688,177.04089594747623,172.93015141102555,67592339800,5.371318527990383,6.071426430642026,-0.7001079026516432,70.34589183922887,76.99293774990359,NVDA
2025-08-18,181.979736328125,182.90958965389834,180.55997422620712,180.56998232776263,132008000,59.90859650436833,64.67836964223605,66.03898782936295,178.00091705322265,164.31129699707031,141.06436698913575,137.0423151779175,181.09568257934018,176.99573927371696,171.60484384138252,163.39267948650343,153.95105419449615,181.55950808398615,177.47923466019296,173.39896123639983,67724347800,5.148668601490414,5.886874864811704,-0.73820626332129,81.82479469434789,78.02304962736163,NVDA
2025-08-19,175.61080932617188,182.46966985536903,175.46084035755914,182.39967416584764,185229200,33.320129297103946,51.66597749389153,58.065035272377564,178.43134460449218,164.98978118896486,141.68314308166504,137.21439922332763,179.8768218564139,176.86983655121287,171.83375615479906,163.8290412664916,154.43238208631118,182.06355026968114,177.76283779700242,173.46212532432367,67539118600,4.407490936965814,5.590998079242526,-1.1835071422767118,34.952177559307636,62.37428803096145,NVDA
2025-08-20,175.370849609375,175.9707560164781,168.77195541250927,175.1408920976954,215142700,32.66468476766714,51.24763817323469,57.79017972360368,178.6623062133789,165.6452700805664,142.32281410217286,137.39482967376708,178.87549469040528,176.73356501104578,172.03587578077483,164.24124870730887,154.89768136460148,182.35508839436145,178.03580763333377,173.7165268723061,67323975900,3.757426282941765,5.224283719982374,-1.4668574370406091,42.09181856429864,52.95626360598471,NVDA
2025-08-21,174.95091247558594,176.87059152353538,173.78110877087863,174.8209444570093,140040900,31.368834470666428,50.47735353632782,57.29398749522027,178.72429504394532,166.2657666015625,142.97588165283204,137.6060474014282,178.0033653093343,176.57150568964033,172.2024493061926,164.62373669903303,155.34330872262333,182.59441353323496,178.2846548570012,173.9748961807674,67183935000,3.1717974375443987,4.813786463494779,-1.6419890259503802,39.41320043275528,38.81906551878718,NVDA
2025-08-22,177.96043395996094,178.56032512128596,171.17155351749952,172.58132291943235,172789400,48.82739105628382,55.62505189913084,59.875218743879515,178.94875793457032,166.96885009765626,143.67194137573242,137.81911792755128,177.99382500947354,176.6977718960331,172.53147700069363,165.10004731549472,155.84591150567528,182.9672087759267,178.42605994619308,173.88491111645942,67356724400,2.9169013672539563,4.434409444246614,-1.5175080769926579,58.60978527053591,46.70493475586326,NVDA
2025-08-25,179.78012084960938,181.87977802218637,176.54066896263805,178.3203719824875,163012800,56.800785895239166,58.438169051538814,61.351846455111385,179.10173263549805,167.66493438720704,144.36850204467774,138.03803821563721,178.39077964061485,176.9779854372673,172.94568522063167,165.62433565599883,156.37778282442937,183.40919870067623,178.69760192124647,173.98600514181675,67519737200,2.8291156353772067,4.113350682472733,-1.2842350470955264,70.21687096063452,56.07995222130857,NVDA
2025-08-26,181.7397918701172,182.35968393651802,178.7802771456414,180.03006938032237,168688200,64.04141158037882,61.2846259241582,62.88946025087323,179.41468048095703,168.46080230712892,145.08196014404297,138.24746448516845,179.13500458050427,177.41087693116276,173.44820560060228,166.19988766364594,156.94138302544465,183.67740799345776,178.93962494967488,174.201841905892,67688425400,2.8844240392706695,3.8675653538323207,-0.9831413145616512,82.71686180457125,70.5145060119139,NVDA
2025-08-27,181.56983947753906,182.45969102424806,179.07025476697962,181.94976597929116,235518900,62.94347731045433,60.89511362299721,62.66342202360264,179.53116149902343,169.19888000488282,145.8798983001709,138.42755222320557,179.67607900206755,177.78896443537877,173.91229896499868,166.74881451414214,157.48868205771342,183.84198421381862,179.15038402597605,174.45878383813346,67452906500,2.881328449303254,3.670317972926507,-0.7889895236232531,81.63280058771394,78.18884445097324,NVDA
2025-08-28,180.1400604248047,184.43934897141472,176.3806906932069,180.7899615720414,281787800,53.65674984232096,57.57950041487386,60.74321265100738,179.646142578125,169.91976043701172,146.73842109680174,138.58414752960206,179.77918598489802,178.00270043441748,174.26817104841618,167.22707329666582,157.99204602142655,184.13526834854468,179.24322569206933,174.35118303559398,67171118700,2.7320110290331456,3.482656584147835,-0.7506455551146893,72.51278764625556,78.95415001284691,NVDA
2025-08-29,174.1510467529297,178.12038822306508,173.12121914292007,178.08040158317536,243257900,30.808584450374354,46.22581093168172,53.55638453585241,179.66913833618165,170.4936651611328,147.50376167297364,138.7170454788208,178.52848837779393,177.65255009973677,174.26147823153124,167.47435806296096,158.35113492657106,183.83801536621047,179.05881159721432,174.2796078282182,66927860800,2.106134340990593,3.2073521355163868,-1.1012177945257937,34.311163353597436,62.81891719585564,NVDA
2025-09-02,170.75161743164062,172.351357635579,167.19221149694363,169.9717482776903,231164900,23.88187031711388,41.25342809824329,50.04290158687807,179.2082145690918,171.03217559814453,148.24850471496583,138.84479152679444,176.8002948342043,177.0251925844553,174.0609147572518,167.5914030404138,158.62670120446148,183.6437625637852,178.8878877859592,174.13201300813319,66696695900,1.3205940345184217,2.8300005153167938,-1.509406480798372,20.637661988637635,42.48720432949687,NVDA
2025-09-03,170.59165954589844,172.38137081666613,168.851958278929,171.03158891427162,164424900,23.58248808023832,41.02978085993159,49.88192060934812,178.82627868652344,171.56108795166017,148.8113906097412,138.95659381866454,175.42059810346967,176.4403259445865,173.86267160231733,167.69855505846684,158.89258916760454,183.17939625619314,178.5258851164677,173.8723739767422,66532271000,0.6773325495648521,2.399466922166406,-1.7221343726015537,19.710215993735847,24.8863471119903,NVDA
2025-09-04,171.63148498535156,171.83144870716828,169.381858788342,170.54166973363456,141670100,30.389670826419703,43.18602598659893,50.95416588274041,178.43834381103517,172.03620971679686,149.45225891113282,139.08369121551513,174.57857296611007,176.00315858465603,173.735175224205,167.83901684156987,159.17567574133224,182.74740487224153,178.1848311749836,173.6222574777257,66673941100,0.2485829021123891,1.9692901181556024,-1.7207072160432133,25.73919002488888,22.02902266908745,NVDA
2025-09-05,166.9922637939453,169.0019244592772,164.04275681292185,168.00209055003162,224441400,20.576460997826928,36.73264992596119,46.330789811121114,177.75095825195314,172.2903677368164,150.01314292907716,139.1851433944702,172.89272648340682,175.18398633095504,173.34986599961871,167.80877566129757,159.349377698057,182.24717144207395,177.62222725439173,172.99728306670954,66449499700,-0.46024524038693926,1.483383046447094,-1.9436282868340333,14.460783243122927,19.970063087249216,NVDA
2025-09-08,168.2820281982422,170.93159698121408,167.32219627229085,167.5221599855096,163769100,28.300553169811934,39.44200073188566,47.70980870814444,177.03157730102538,172.55612365722655,150.58912406921388,139.31693508148194,171.86812686448133,174.5565355916175,173.0602752681115,167.82567753761703,159.54788104250557,181.59267643883211,177.03772069106913,172.48276494330617,66613268800,-0.9074627757300675,1.0052138820116616,-1.9126766577417291,20.784214109782848,20.32806245926488,NVDA
2025-09-09,170.7316131591797,170.95157781434446,166.71229229208453,169.0618925540675,157548400,41.309187377375714,44.3190695508762,50.248102779165784,176.46667098999023,172.81627990722657,151.17470458984374,139.47012104034422,171.6155682633032,174.20881537048678,172.9272088618868,167.92946095267283,159.7964084228761,181.05466898636337,176.43591523334877,171.81716148033416,66770817200,-1.0520969415710795,0.5937517172951134,-1.645848658866193,32.79398977182905,22.6796623749116,NVDA
2025-09-10,177.300537109375,179.26020289704138,175.44084555219968,176.61064931709572,226852000,62.94413428206306,54.825734355726084,56.20781394111681,176.1752197265625,173.20301544189454,151.9030561065674,139.62186511993409,172.87889467354137,174.48988098311295,173.17711333317183,168.2641422439836,160.18538906035386,180.84248222753982,176.21277810973763,171.58307399193544,66997669200,-0.6294078738631868,0.34911979906345336,-0.9785276729266401,64.99997741501532,39.52606043220907,NVDA
2025-09-11,177.1505584716797,180.26021784214308,176.4606317396978,179.66027757334626,151159300,62.314782866187876,54.57254093145022,56.04755857132423,175.9547561645508,173.68053588867187,152.6599008178711,139.77845706939698,173.8281532953499,174.73176075480083,173.40416734108655,168.5815142521156,160.56239282504998,180.57587309237974,176.0042436691748,171.43261424596992,66846509900,-0.3030325939211309,0.2186893204665365,-0.5217219143876675,64.264665179864,54.01954412223611,NVDA
2025-09-12,177.80047607421875,178.5803891806412,176.43061617633268,177.75047851465564,124911000,64.17732498807548,55.530925115681136,56.608037434905846,175.74529266357422,174.09206817626952,153.46903381347656,139.93440013885498,174.71089169065408,175.01073487474793,173.6553849829798,168.91076288861927,160.94546134169818,180.2676768551962,175.81364050896747,171.35960416273872,66971420900,0.007973175967293855,0.17654609156668796,-0.1685729155993941,67.45106807250822,65.57190355579583,NVDA
2025-09-15,177.73049926757812,178.83038469078608,174.49084923140515,175.650725630949,147061600,63.77010482050346,55.39541381716089,56.52689792805448,175.6108169555664,174.46040771484374,154.2576717376709,140.11358402252196,175.3819155966372,175.25798618318703,173.88824865638543,169.2257534735821,161.3184621844955,180.0927978430698,175.60161246357387,171.110427084078,66824359300,0.24596560739041706,0.1904299947314338,0.05553561265898327,67.10798719852268,66.27457348363163,NVDA
2025-09-16,174.86080932617188,177.4805168617991,174.36086420825131,176.98057174387853,140737800,48.59580795839244,50.00614873730007,53.25428363144519,175.25487060546874,174.793349609375,154.97942184448243,140.30805767059326,175.26611420320046,175.22187919618563,173.9438235518018,169.42700546831745,161.6194032320883,179.84173240770252,175.38577115107296,170.92980989444342,66683621500,0.20070275226908052,0.19248454623896316,0.008218206030117359,53.03852932483886,62.532528198623254,NVDA
2025-09-17,170.27130126953125,173.18098551277336,168.39151800406466,172.62104942275718,211843800,33.360857229449394,42.82960058175609,48.55422759030221,174.9878952026367,174.99930725097656,155.6180856323242,140.47508556365966,174.1561557734962,174.77182665739886,173.73396513567207,169.45715888978938,161.81166763292038,179.42449527788017,174.85235058882122,170.28020589976225,66471777700,-0.20316141227044682,0.11335535453708118,-0.316516766807528,30.53718193809115,50.22789948715089,NVDA
2025-09-18,176.2206573486328,177.08056354559588,172.94101865721873,173.96089569350613,191763300,55.205738895606885,52.37173382997068,54.05016103230588,175.0303855895996,175.2666616821289,156.27045364379882,140.67975719451906,174.61493390130437,174.90353853842012,173.87606183355553,169.69871240617664,162.13186740438064,179.1720042649286,174.7364921763188,170.30098008770898,66663541000,-0.042671467496774085,0.08214999013031013,-0.12482145762708421,75.09128903573972,52.889000099556576,NVDA
2025-09-19,176.6505889892578,178.06043774665943,175.16074718989944,175.7506939671915,237182100,56.443907803804414,52.9824624312412,54.418052108146654,175.1153694152832,175.51821868896485,156.94991569519044,140.87203411102294,175.06730169862735,175.0623613066781,174.03460624245278,169.94699371271525,162.45450566182234,179.12217700692585,174.8913844443736,170.6605918818214,66900723100,0.117851343387116,0.08929026078167131,0.028561082605444696,77.7423306497774,61.123600541202755,NVDA
2025-09-22,183.58984375,184.52974299714734,174.69082690233378,175.28075846993005,269637000,71.63149163234384,61.55196709738624,59.84321490521697,175.39683990478517,175.89216369628906,157.69587097167968,141.0971081161499,176.9611999322657,175.83758698334373,174.5806198143126,170.43423835690402,162.9241798415596,179.71671829114732,175.1645241408733,170.61232999059933,67170360100,0.7958328274905284,0.23059877412344276,0.5652340533670857,95.4122132035651,82.7486109630274,NVDA
2025-09-23,178.410400390625,182.3999677661597,176.19065819152993,181.95002022927713,192559600,54.58411503563085,53.68663660870621,54.75764029231487,175.32835388183594,176.1795169067383,158.39103164672852,141.28813808441163,177.28324447856778,176.07147911127836,174.7994644186733,170.71910128667977,163.26831807598327,179.8083107937203,175.31228150197757,170.81625221023486,66977800500,0.9047706131200925,0.36543314192277276,0.5393374711973198,70.13058655140748,81.09504346824998,NVDA
2025-09-24,176.9505615234375,179.76025041106172,175.38072666046574,179.75025700209653,143564100,50.517799588423514,51.682065714115474,53.41994998541438,175.08889236450196,176.30509552001953,159.04470024108886,141.4474785232544,177.20931493298326,176.15139569420194,174.92238425323126,170.94165343799256,163.57236793037114,179.66564753711194,175.2153127838908,170.7649780306696,66834236400,0.8633555712807777,0.4650176277943738,0.3983379434864039,63.004897813883254,76.18256585628528,NVDA
2025-09-25,177.67050170898438,180.2402117285651,173.11100459099512,174.4608472798892,191586700,52.607191817149676,52.62159821224824,53.999340738927856,174.89392547607423,176.43167510986328,159.6766749572754,141.61076854705811,177.31180088320573,176.28949624100034,175.07941953641716,171.18196944767084,163.8856597921181,179.64646287229206,175.0270900073236,170.40771714235512,67025823100,0.8785002049114894,0.5477141432177969,0.3307860616936925,61.50267845997792,64.87938760842287,NVDA
2025-09-26,178.17044067382812,179.750269051669,174.91078879333958,178.15043859744398,148573700,54.21808499737484,53.300675647244844,54.411018329514285,174.7954444885254,176.5356588745117,160.32044746398927,141.78965396881102,177.5026097255663,176.4604911894392,175.2560493156978,171.4315577057479,164.2030993672672,179.552523908058,174.86410132875326,170.17567874944856,67174396800,0.9202354312488694,0.6222184008240115,0.29801703042485794,64.30857349580194,62.9387165898877,NVDA
2025-09-29,181.83004760742188,183.97980553666213,180.30021674934378,180.41019002973698,193063500,64.74448864206451,58.04156983666458,57.33319144426166,175.17939453125,176.72463256835937,161.00361534118653,142.00498149871825,178.46426258820085,176.94863268198307,175.63170636093915,171.8029323450934,164.59480932815953,179.42574234188865,174.94584688119772,170.46595142050683,67367460300,1.2343814131816657,0.7446510032955423,0.4897304098861234,83.27142302897231,69.69422499491738,NVDA
2025-09-30,186.55950927734375,187.32942897828707,181.4600633204032,182.06000352373024,236981000,74.01128132387389,63.235962929266336,60.73373301269781,175.96978912353515,177.0287921142578,161.69888618469238,142.26265026092528,180.26320629689928,177.82234873610676,176.25615224187655,172.32995294981663,165.08291377147472,179.94267785284637,175.42134445988216,170.90001106691798,67604441300,1.843719151462551,0.9644646329289441,0.8792545185336069,95.93450564853057,81.17150072443495,NVDA
2025-10-01,187.21945190429688,188.11934700723293,183.87980694521147,185.21967144700423,173844900,75.10689444956809,63.9074115183379,61.18502422270182,176.8011787414551,177.43313598632812,162.39765716552733,142.50242565155028,181.80903865409874,178.67663084230585,176.88262650830058,172.8617207696195,165.574836841093,180.67544929828662,176.19790667087548,171.72036404346431,67778286200,2.3527544647847662,1.2421225993001086,1.1106318654846576,95.43844838278183,91.54812568676157,NVDA
2025-10-02,188.8692626953125,191.0290292282152,188.03935198339767,189.57919146332628,136805800,77.90163619693402,65.5989204072369,62.31694612791957,177.66306762695314,177.79548889160156,163.1201245880127,142.76029697418213,183.37797732992402,179.6032337380337,177.56757714755838,173.4334186955371,166.09249074896456,181.54042468537668,177.08858373858075,172.6367427917848,67915092000,2.8563681270437655,1.56497170484884,1.2913964221949255,90.45934638522199,93.9441001388448,NVDA
2025-10-03,187.5994110107422,190.33911589327732,185.35966652947783,189.16924608680657,137596900,70.58250129074646,63.14587937317526,60.88813818968081,178.69342498779298,178.07325439453126,163.76640838623047,143.02726390838623,184.31607370343917,180.33015894464356,178.14082479688318,173.93934699250872,166.5704223103374,182.46174181692518,177.88943137274958,173.31712092857393,67777495100,3.1170873220439717,1.8753948282878665,1.2416924937561051,84.84984420984334,90.24921299261571,NVDA
2025-10-06,185.51962280273438,187.20943969833962,183.3098739831843,185.4796339074747,157678100,59.58065005721909,59.23869083206442,58.588032087977545,179.55530471801757,178.3142233276367,164.32261077880858,143.29507823944093,184.5835290588381,180.80192838628818,178.56247039721754,174.35292827144536,166.99151565461287,183.30020508080636,178.7783518714498,174.2564986620932,67619817000,3.1199231041313453,2.1243004834565626,0.9956226206747827,75.66249058508171,83.65722706004901,NVDA
2025-10-07,185.01968383789062,189.03924688644503,183.97980469837793,186.20955566811082,140088000,57.01703691936781,58.30477860358283,58.037067525607384,180.26970825195312,178.48020446777343,164.8197265625,143.56844020843505,184.680452343072,181.18536070007022,178.93145402239884,174.73388382738983,167.39214161424124,184.18676124601902,179.59585844241752,175.004955638816,67479729000,3.046709020489942,2.3087821908632384,0.7379268296267036,66.77718996935816,75.76317492142773,NVDA
2025-10-08,189.0892333984375,189.57918508139647,186.51950830089396,186.5495190429729,130168900,69.73666964011609,63.36747109890743,61.14648861752114,180.85914306640626,178.75237243652344,165.3626365661621,143.86954746246337,185.66018146648656,181.90389458174,179.51189855817248,175.24657488349868,167.8742992094456,185.03205675855625,180.49732579980034,175.96259484104445,67609897900,3.2792636604101233,2.5028784847726158,0.7763851756375075,89.17405311661271,77.20457789035085,NVDA
2025-10-09,192.54885864257812,195.27855455286462,191.039014711271,192.20888438710807,182997200,76.75422952477848,67.03228184942051,63.5471612170434,181.62905807495116,179.0185452270508,165.93444412231446,144.17910579681396,187.19099861672913,182.87161858727075,180.25686770585278,175.8645135891801,168.4226227524041,185.79595183535554,181.2412121862781,176.68647253720067,67792895100,3.700075564035018,2.742317900625096,0.9577576634099216,87.68607304378763,81.21243870991951,NVDA
2025-10-10,183.139892578125,195.59851591827854,182.03001384654092,193.4887469873255,268774400,43.690557430446205,51.84205151559178,54.05144048064033,181.8960289001465,179.12453430175782,166.4104624938965,144.42152591705323,186.29075283037267,182.89600713189384,180.42161198426834,176.12434855307097,168.74967319297568,186.68807504483647,181.66814892103085,176.6482227972252,67524120700,3.2370326051632787,2.841260841532733,0.3957717636305458,44.597589484978414,73.81923854845958,NVDA
2025-10-13,188.29933166503906,190.08912842775598,185.93959015922437,187.9493639887039,153482800,56.12681627805898,57.52598448673625,57.676991749680276,182.42447052001953,179.41669830322266,166.9499723815918,144.66490131378174,186.73710368252077,183.38721845308885,180.87176739459807,176.5591693784984,169.18411004791042,187.28356495933642,182.16841191818682,177.05325887703725,67677603500,3.2489395861410912,2.9227965904544044,0.3261429956866868,67.54116475137205,66.60827576004603,NVDA
2025-10-14,180.01022338867188,184.77970370013514,179.6802578066599,184.74970821605342,205641400,39.36542569972902,47.77083723551694,50.927583501525895,182.68194122314452,179.41750091552734,167.43238510131835,144.864081993103,185.24224139499879,183.0802189017782,180.82253630854512,176.68242130743317,169.42469034437178,187.5327424673996,182.38140321510267,177.23006396280573,67471962100,2.5600040581811356,2.8502380839997508,-0.2902340258186151,30.68022377961469,47.60632600532171,NVDA
2025-10-15,179.8102569580078,184.84969686580231,177.2705272995106,184.77971248532194,214450500,39.028024413254975,47.56130180528416,50.777721770121545,183.15888900756835,179.44909851074217,167.90250061035155,145.06371242523193,184.03513374233412,182.78294963416272,180.7646917742287,176.79412972352512,169.6554807135637,187.98681931605566,182.6231221155328,177.25942491500996,67257511600,1.975114182168852,2.675213303633571,-0.700099121464719,23.682969787251057,40.63478610607926,NVDA
2025-10-16,181.7900390625,183.2598789113643,179.75026972003684,182.20999112544493,179723300,44.66296349085231,49.90413556417608,52.23262629694067,183.4373580932617,179.49709564208985,168.40781036376953,145.28783702850342,183.53622381348208,182.69268503673882,180.82328304784423,176.97255505705994,169.92513756576227,188.44899087090306,183.1462393045412,177.8434877381794,67437234900,1.6522900405554992,2.470628651017957,-0.8183386104624577,24.659071199779106,26.340754922214945,NVDA
2025-10-17,183.19989013671875,184.07979842608083,179.7302697995737,180.1602152773484,173135200,48.713383828741314,51.56372564630322,53.26114421231553,183.76482315063475,179.5462939453125,168.88512863159178,145.5166117477417,183.46148299642357,182.73879459128244,180.95908916720848,177.1949598813335,170.22013206733908,188.78863642686048,183.47588563487338,178.16313484288634,67610370100,1.4930023795077432,2.2751033967159144,-0.7821010172081713,32.351410515043945,26.897817167358028,NVDA
2025-10-20,182.6199493408203,185.1796658652692,181.7100455780644,183.10990104163824,128544700,47.01471139590286,50.81794491566566,52.77248775669585,183.7163284301758,179.54529998779296,169.36354568481445,145.75848140716553,183.27447551740062,182.72799047760407,181.05399546284343,177.38870950488658,170.49568356230532,189.1274884276489,183.78759812468826,178.44770782172765,67481825400,1.3049269989056995,2.0810681171538716,-0.7761411182481721,29.187174613540947,28.732552109454662,NVDA
2025-10-21,181.14010620117188,182.76991679751694,179.7802549646251,182.76991679751694,124240200,42.478967150202365,48.87538782164994,51.51171635930572,183.85281372070312,179.52750732421876,169.78337463378907,145.97285846710204,182.80017122490534,182.58363736156477,181.0589160764622,177.52268795832532,170.73222628761346,188.81529956301506,183.80156422490785,178.7878288868006,67357585200,1.0246533647993203,1.8697851666829615,-0.8451318018836411,21.112949064682454,27.55051139775578,NVDA
2025-10-22,180.2602081298828,183.4198648953589,176.74059027394597,181.12011433169937,162249600,39.74322113541303,47.70764806495594,50.75791931833958,184.0182960510254,179.47012023925782,170.23499496459962,146.15204608917236,182.23573498156702,182.37241652232095,181.01327562237194,177.62045653588095,170.94395921744166,188.89195880255826,183.855844176509,178.81972955045973,67195335600,0.7231974991738355,1.6404676331811363,-0.9172701340073008,18.663865381156626,22.987996353126672,NVDA
2025-10-23,182.13999938964844,183.0098989665471,179.7702492811968,180.4001849787377,111363700,48.28210611683611,50.43233288967067,52.31639456482695,184.24177093505858,179.4817236328125,170.68291854858398,146.31584079742433,182.21446040558513,182.351287692078,181.0776598376449,177.78186878065836,171.19276011015737,189.0413078001248,184.05947289146815,179.07763798281152,67306699300,0.6287274200562649,1.4381195905561621,-0.8093921704998972,28.632041601697427,22.802952015845495,NVDA
2025-10-24,186.23953247070312,187.44940625639555,183.47984116964938,183.81980015643103,131296700,62.2731898008747,55.83674684921122,55.52564146696149,184.64522552490234,179.56671936035156,171.13344665527345,146.54656795501708,183.10892086450025,182.70476449013483,181.37262398810537,178.08392819815995,171.5271328292806,189.30588138291418,184.47450561953488,179.64312985615558,67437996000,0.8745756959308437,1.3254108116310985,-0.4508351157002548,50.37108733967197,32.555664774175334,NVDA
2025-10-27,191.46897888183594,191.97891738858848,188.4093020699799,189.9691435897376,153452700,73.32111573793632,61.58984971225351,59.18867749525728,185.12717208862304,179.78769866943358,171.6292707824707,146.803592338562,184.96671153501927,183.50151125301673,181.9495585534614,178.56196572257696,171.9702849637818,189.86486717660316,185.0939611722582,180.32305516791322,67591448700,1.4743890081630582,1.3552064509374906,0.11918255722556759,78.10184898208217,52.368325974483845,NVDA
2025-10-28,201.0079345703125,203.12769700573313,191.8889404255143,193.0288146936141,297986200,83.74228622393493,69.41624366538407,64.72860854981286,185.84959335327147,180.16826263427734,172.23977981567384,147.1293045425415,188.53142776508443,185.0930042818618,183.03860861156716,179.36360746713896,172.61556606614917,191.01712123194972,185.88625485651423,180.75538848107877,67889434900,2.688468393087703,1.6218588393675333,1.0666095537201699,91.96667350851672,73.47986994342362,NVDA
2025-10-29,207.01727294921875,212.1667169482571,204.7575264516481,207.95717223581016,308829600,87.44863886151549,73.13060460849012,67.62320808884644,186.83948440551757,180.79639190673828,172.89308654785157,147.4984591293335,192.63939336155875,187.0861196152579,184.4088180022901,180.35123837721324,173.38004844132848,192.1792163000333,186.97502493227756,181.77083356452187,68198264500,4.088409794487404,2.115169030391508,1.9732407640958964,85.46427599500342,85.17759949520077,NVDA
2025-10-30,202.8677215576172,206.13736677538768,201.38788833732997,205.12746791137428,178864400,73.55394535821215,67.07300947020754,63.84100163355146,187.5394073486328,181.3463293457031,173.49579971313477,147.8542136001587,194.91235518290506,188.52081070092692,185.46361249116592,181.15539849079912,174.0353300661349,193.01579068006032,187.78731653249335,182.55884238492638,68019400100,4.807620071530522,2.6536592386193107,2.153960832911211,73.75102427615106,83.72732459322373,NVDA
2025-10-31,202.4677734375,207.94716749796044,202.04782138155986,206.42733011185774,179802200,72.22662127397555,66.50124384249276,63.48322161129391,188.2828254699707,181.8966665649414,174.08121658325194,148.18557552337646,196.5913370172595,189.78871640425174,186.43527883095643,181.91655473889557,174.6671621410541,193.86109425188326,188.49406444376467,183.12703463564617,67839597900,5.28441152035515,3.1798096949664787,2.104601825388671,72.62206054891637,77.27912027335695,NVDA
2025-11-03,206.85728454589844,211.31678618801203,205.53742218982754,208.05714970598171,180267300,77.55985284300988,69.56747834695034,65.68950371519566,189.3497085571289,182.47460357666014,174.7217268371582,148.55223072052001,198.87265869029036,191.34040441712872,187.60225058609598,182.80729508914567,175.38249819449507,194.85812668669905,189.45300570551453,184.04788472433006,68019865200,5.947905290670008,3.7334288141071847,2.214476476562823,85.01266466082862,77.12858316196535,NVDA
2025-11-04,198.66818237304688,203.9476013046771,197.90825607143535,202.9777066091775,188919300,54.241615292234634,58.761283817985486,58.76465814248201,190.03213348388672,182.8523648071289,175.25864959716796,148.85724712371825,198.82721950868068,192.0065660494849,188.2345895453503,183.373755349285,175.89995784290733,195.6661336997016,190.15911845575107,184.65210321180055,67830945900,5.746692483929451,4.136081548071638,1.610610935857813,61.896668243444935,73.1771311510633,NVDA
2025-11-05,195.18858337402344,202.89772869539195,194.6286320152979,198.7481902403631,171350300,47.031794801531916,54.861740976330395,56.13588708382184,190.33710098266602,183.12134063720703,175.79107147216797,149.1292706680298,198.01863370097908,192.29584035171567,188.63196062127446,183.79571349302566,176.328593965821,196.36939040030606,190.709534466259,185.04967853221197,67659595600,5.245982900561813,4.358061818569673,0.8879210819921406,52.074541678458,66.32795819424385,NVDA
2025-11-06,188.05935668945312,197.59830279082226,186.35954634625867,196.39843756369172,223029800,35.44745334742875,47.85455544572783,51.227301043279205,190.11262588500978,183.2511309814453,176.22500549316408,149.33445819854737,195.8054610317511,191.91070547332816,188.59924039659893,183.94798646432662,176.5892775819017,196.8672716390043,190.81793572095435,184.7685998029044,67436565800,4.22519254672622,4.331487964200982,-0.10629541747476257,31.950335749560903,48.640515223821275,NVDA
2025-11-07,188.1293487548828,188.29934352754728,178.8903723972709,184.87970536775757,264942300,35.634229918801196,47.92487812277908,51.27103457492064,190.36209869384766,183.41091674804687,176.6653385925293,149.53924602508545,194.09965830355813,191.56694577165132,188.57238944564372,184.0973208318465,176.84572360796795,196.73966736343343,190.4441680506843,184.14866873793517,67701508100,3.382861094704367,4.141762590301659,-0.7589014955972919,32.14790763223709,38.724261686751994,NVDA
2025-11-10,199.0281524658203,199.91805415635875,193.76872011438098,195.08858253564551,198897100,58.22181680164247,57.529514929178625,57.478090970349164,190.8985397338867,183.90845886230468,177.20106201171876,149.82152034759523,195.1948792285053,192.24523728930302,189.16986161822524,184.63056481877413,177.33866647147576,196.89346101905778,190.95125542201154,185.00904982496527,67900405200,3.553783915847987,4.0241668554109244,-0.47038293956293753,62.91278297730452,42.3370087863675,NVDA
2025-11-11,193.1387939453125,195.3985402959953,191.2789975702345,195.13857433756354,176483300,47.42911261028313,51.95332166853004,53.61960912137221,191.55496826171876,184.35620239257813,177.69418899536132,150.19530826568604,194.7379713877958,192.3264697125766,189.39665775120164,184.93443014472194,177.6897804153388,197.1378783989183,191.19710116105156,185.25632392318485,67723921900,3.177392467349108,3.854811977798561,-0.6774195104494529,42.81846981783137,45.959720142457655,NVDA
2025-11-12,193.7787322998047,195.86849924763862,191.1090271797132,195.69851973704638,154935300,48.66981813653143,52.492170719794416,53.97062319009063,192.2533920288086,184.81994384765625,178.1905158996582,150.5194631576538,194.52480714602,192.4584935841428,189.64706201112182,185.25029807883206,178.04731267943802,197.69765859503008,191.7730705869514,185.84848257887276,67878857200,2.897338495039122,3.663317281246673,-0.7659787862075511,44.74157274012403,50.1576085117533,NVDA
2025-11-13,186.8394775390625,191.4189763426968,183.82981362374773,191.02901978717685,207423100,37.23497093468058,46.41351447626899,49.70601702653595,192.50586395263673,185.12410369873047,178.58015670776368,150.8353631210327,192.81695612225167,191.94767394368094,189.48662861271845,185.30705448812603,178.24269412076302,198.01809932265164,192.0930354501607,186.16797157766982,67671434100,2.091346102827771,3.348923045562893,-1.2575769427351222,23.88815613329142,37.149399563748936,NVDA
2025-11-14,190.14910888671875,190.98901295495202,180.56016596493993,182.8399142970662,186591900,44.67447856412816,49.42185779505859,51.61247337273962,192.85332489013672,185.58724060058594,178.93880416870118,151.16306274414063,192.22410118102215,191.78416802941166,189.5244846283756,185.47998500236147,178.50728111556202,198.61581064818753,192.36125926147355,186.1067078747596,67858026000,1.700053753725058,3.0191491871953264,-1.3190954334702685,33.83405431506201,34.15459439615915,NVDA
2025-11-17,186.5795135498047,188.9792438771453,184.29976516169708,185.9495778546046,173628900,38.732600610467635,46.396469614561106,49.49687541824057,193.05130310058593,185.95319030761718,179.25465698242186,151.49580696105957,190.96974837408493,191.31101762217466,189.35620056674298,185.5192538790559,178.6866640585452,198.83546802109382,192.56520472538267,186.29494142967152,67684397100,1.0893577980220925,2.63319090936068,-1.5438331113385875,23.106928529221225,26.943046325858216,NVDA
2025-11-18,181.340087890625,184.7797126313021,179.6302689297591,183.3598703733926,213598900,31.381067863245107,42.30307720884736,46.56777788124951,193.0613021850586,186.1653598022461,179.49081985473632,151.8193984603882,188.82982382220493,190.40456946476107,188.89813698525055,185.36999795089767,178.74562903259144,198.8557835593565,192.50552867248638,186.15527378561623,67470798200,0.18051809013763886,2.142656345516072,-1.962138255378433,7.554691398077362,21.49855808078686,NVDA
2025-11-19,186.49952697753906,187.8393762025218,182.8099296469334,184.76970592228736,247246400,43.951856475169855,47.23948428362185,49.63608943597658,193.3732681274414,186.34933959960938,179.77617752075196,152.15884044647217,188.31198007894585,190.04956560228635,188.76107355623847,185.41033827327772,178.9179378758125,199.16654402017824,192.71915652746543,186.2717690347526,67718044600,-0.12201381184291904,1.6897223140442736,-1.8117361258871927,23.465914637901875,18.04251152173348,NVDA
2025-11-20,180.6201629638672,195.97847686300787,179.83025642841662,195.92847930218133,343504800,35.147102868190956,42.75083699369385,46.45783814630809,193.29727630615236,186.41873168945312,180.0496337890625,152.4379956817627,186.60268738670615,189.19234718061188,188.29587866524582,185.23926058365592,178.95576509999148,199.8715451375693,192.9732554632766,186.07496578898386,67374539800,-0.8266588550910683,1.1864460802172054,-2.0131049353082737,5.334510864381168,12.118372300120129,NVDA
2025-11-21,178.86036682128906,184.5397359279593,172.91100782704066,181.22010834266524,346926200,32.78789211887228,41.48035222365101,45.54525801940434,192.92831802368164,186.43992950439454,180.26599884033203,152.6891082763672,184.88217170550234,188.25307623885524,187.75670655987687,185.01144294928568,178.95364513824254,200.1343736801979,192.83660408135432,185.5388344825107,67027613600,-1.5096931669573337,0.6472182307822977,-2.1569113977396315,19.168853046115505,15.989759516132843,NVDA
2025-11-24,182.52996826171875,183.4798609481747,176.4606271183833,179.47030653663683,256618300,42.45359013979503,45.14144255237665,47.78139778215779,192.4813674926758,186.53591888427735,180.49816329956056,152.95277084350585,184.35945982910602,187.7327936954792,187.45803579998213,184.92281885330115,179.0331189854309,200.04628927798626,192.60329735804524,185.16030543810425,67284231900,-1.7348977902148022,0.1707950265828777,-1.9056928167976799,32.077400116230024,18.860254675575558,NVDA
2025-11-25,177.80047607421875,178.14043506786686,169.53138015579162,174.89079203873564,320600300,34.72929972181092,41.534814822674065,45.27624394190754,191.32099456787108,186.5947122192383,180.69403091430664,153.17414199829102,182.90190788357552,186.82985572991004,186.90617524422422,184.66844946833393,179.0057269207373,199.54999422620645,191.86702899229084,184.18406375837523,66963631600,-2.268850671938253,-0.3171341131213484,-1.9517165588169045,27.212902334335094,26.15305183222687,NVDA
2025-11-26,180.24020385742188,182.8899220695924,178.22043661727494,181.6100638206842,183852000,41.33653795555882,44.01951550777687,46.78102754473835,189.98214111328124,186.7940902709961,180.89669876098634,153.41156044006348,182.3104180999858,186.23079646877474,186.5252625935498,184.51029783937278,179.03315974155248,198.3693303715878,190.99918757233416,183.62904477308052,67147483600,-2.4667118168285924,-0.7470496538627973,-1.719662162965795,35.241842201717716,31.510714884094273,NVDA
2025-11-28,176.98056030273438,179.2703020816569,176.48061521713345,178.99033405428943,121332800,35.56450904026343,41.48287445964769,45.05067978149267,188.68778305053712,186.80928833007812,181.03797500610352,153.64097801208496,181.12600525615215,185.3898659082256,185.97985103407464,184.24137864163572,178.98754642068985,196.70157561533614,189.55140917951516,182.40124274369413,67026150800,-2.8536491020388155,-1.168369543498001,-1.6852795585408145,24.514628178140597,28.989790904731127,NVDA
2025-12-01,179.90025329589844,180.2802164760195,173.66093259662904,174.7408159055669,188131000,43.97337080892073,44.564322682261874,46.89022444084248,187.55940704345704,186.87428161621094,181.19625015258788,153.86425094604493,180.85361593165135,184.89081021619586,185.632445449036,184.08633845071654,179.00782879569448,195.57550961568865,188.33630482551848,181.09710003534832,67214281800,-2.891374894677142,-1.5129706137338292,-1.3784042809433128,39.20609227884589,32.987520886234726,NVDA
2025-12-02,181.44007873535156,185.63961443898967,179.98023235974816,181.7400335835938,182632200,48.24760280848996,46.17415892603857,47.852764383571014,186.28854675292968,186.83128631591796,181.3617250061035,154.07742866516114,180.9839409991403,184.57710735430092,185.39288163682545,183.9918291751678,179.06187879435353,194.5259424903806,187.29816455912277,180.07038662786493,67396914000,-2.7651469205806904,-1.7634058751032016,-1.0017410454774889,45.02837763780166,36.24969936492938,NVDA
2025-12-03,179.57028198242188,182.4299686383783,179.09033894604931,181.06012391136443,165138000,43.420739804126576,44.48483879246008,46.7765457468247,185.33365173339843,186.85448394775392,181.5170004272461,154.27850837707518,180.66979455098064,184.12194141140282,185.06016165657383,183.83391677542687,179.07317664297727,193.09832175586544,185.986721648696,178.8751215415265,67231776000,-2.7838962895926045,-1.9675039580010822,-0.8163923315915222,37.958426733060186,40.73096554990257,NVDA
2025-12-04,183.37008666992188,184.51002440204854,179.95027347354184,181.61017209543593,167364900,54.51720174081011,48.60035784354569,49.20370110194686,184.74272689819335,186.9828744506836,181.64398498535155,154.49943687438966,181.26985946630091,184.0535909803591,184.96358594305084,183.81735141451597,179.1686635324649,192.1914576587567,185.15031442324127,178.10917118772582,67399140900,-2.4637423296778422,-2.0667516323364343,-0.3969906973414079,52.32599505092095,45.104266473927595,NVDA
2025-12-05,182.40013122558594,184.6500094505641,180.9002124089338,183.88004685245298,143971100,51.42764847655898,47.629700255803336,48.61209247359883,184.459765625,187.07746704101564,181.75457107543946,154.71111701965333,181.52103096836424,183.9032764571979,184.81710281633855,183.76673640776846,179.24047392564535,191.26570385058173,184.43976535975509,177.61382686892838,67255169800,-2.262207982515804,-2.1058429023723084,-0.15636508014349548,48.65846414923495,46.31429531107202,NVDA
2025-12-08,185.5399627685547,187.98982714518382,182.39012406320575,182.6301165694494,204378100,60.191148429961956,51.03863986179733,50.62135024189017,184.3302963256836,187.22485748291015,181.88025817871093,154.96688705444336,182.41412692396213,184.0520661218667,184.85840909932233,183.83006592065368,179.38046256659888,190.7416649309413,184.18425279071397,177.6268406504866,67459547900,-1.8280596617102844,-2.0502862542399036,0.22222659252961918,60.530585984491175,53.83834839488235,NVDA
2025-12-09,184.95999145507812,185.70995086836587,183.31008684903045,185.54995586495326,144719700,57.87656613651498,50.38621451189801,50.24199428148916,183.62688827514648,187.28745635986328,182.00604446411134,155.24050033569335,182.97987459754347,184.13460478852227,184.86421380536552,183.87042040402596,179.50445209745396,190.3866433937977,184.1629982588532,177.93935312390877,67314828200,-1.513347895069188,-1.9428985824057605,0.4295506873365724,58.33763709525331,55.842229076326475,NVDA
2025-12-10,183.77005004882812,185.46995496958337,182.03013874897007,184.9599880707457,162785400,52.8709512769165,49.00216771528346,49.44715609347175,183.15845108032227,187.23166717529296,182.1302296447754,155.52640796661376,183.15546914227338,184.10146344855005,184.80169016213483,183.8668357484832,179.59924316304006,189.599765037714,183.50514456092978,177.4105240841455,67152042800,-1.3444568180561305,-1.8232102295358348,0.4787534114797043,53.83830993120465,57.568844336983034,NVDA
2025-12-11,180.92019653320312,181.31019006496976,176.61043233199788,180.27023782951787,182136600,42.34551122380785,45.760200588987864,47.563140498991174,182.5155242919922,187.1056820678711,182.2694090270996,155.7748239517212,182.6587418958133,183.8122573653367,184.57989052619587,183.76159863365177,179.628597682377,188.9769893574007,182.8547395945588,176.73248983171686,66969906200,-1.4241520459384276,-1.7433985928163533,0.31924654687792575,61.69975396064733,57.95856699570175,NVDA
2025-12-12,175.01052856445312,182.81010931847595,174.61054106596097,181.10019518559332,204274900,28.317419396717256,39.86959003509475,43.934109319169316,181.92407684326173,186.8285073852539,182.31199813842773,156.04932334899902,180.95913893328884,183.01210020162,184.03306984266771,183.4490604168947,179.5259739242009,188.37373870304359,182.08767483617362,175.80161096930362,66765631300,-1.941788178727279,-1.7830765099985386,-0.15871166872874043,29.68369122174952,48.40725170453382,NVDA
2025-12-15,176.28045654296875,178.4103461991077,175.02053019793698,177.93037643785232,164775600,33.959015793277445,41.60906629311274,44.87895051494753,181.23064422607422,186.60212829589844,182.33769134521484,156.3063302230835,179.91943173543993,182.40013259628807,183.5900633683992,183.19303884996876,179.45385131572908,187.65985021544316,181.57375523989592,175.4876602643487,66930406900,-2.2239101171990114,-1.8712432314386334,-0.3526668857603781,36.56361984871057,42.6490216770358,NVDA
2025-12-16,177.71038818359375,178.48035080582065,174.8905333961456,176.25046044282257,148588100,40.30691254340223,43.58793599236335,45.951179771574374,180.78718795776368,186.44594360351562,182.38008346557618,156.62476898193358,179.428533168363,181.97379219513402,183.25408192926744,182.9972298975982,179.4151076905705,186.84819776842627,181.08777086813322,175.32734396784014,67078995000,-2.305533498035004,-1.9581012847579076,-0.3474322132770964,28.2607675926622,31.502692887707422,NVDA
2025-12-17,170.93075561523438,176.12047730871902,170.30078481189744,176.0904801521757,222775500,26.05698602872299,37.15808804731651,41.91020620640069,180.26672134399413,186.1641650390625,182.32218475341796,156.89966274261474,177.54013815655665,180.9698797787795,182.54989185417983,182.5662843875138,179.22656653334082,186.22778723654253,180.41306444189837,174.5983416472542,66856219500,-2.8840349443364914,-2.1432880166736243,-0.7407469276628671,3.5613618389701225,22.79524976011429,NVDA
2025-12-18,174.1305694580078,176.14045512074784,171.8107030234881,174.52054772862792,176096000,38.39271841957687,41.54124666083839,44.32602995092547,179.64827346801758,185.8649917602539,182.30868209838866,157.18400768280029,176.7824562235458,180.34812429507298,182.06878771725573,182.26500885431716,179.113322153889,185.81306633714107,180.03737647603418,174.2616866149273,67032315500,-3.049154518005764,-2.3244613169400523,-0.7246932010657119,21.650604786578334,17.824244739403543,NVDA
2025-12-19,180.98020935058594,181.4401759084778,176.3304518785618,176.6604358481607,324925900,56.87397492177968,49.638924641238695,49.066457125666055,179.66627578735353,185.63361877441406,182.3260820007324,157.5362398147583,177.71529025177693,180.4055865728469,182.0065832391603,182.21912315775532,179.1548085360378,185.5248573964048,179.74534479842518,173.96583220044553,67357241400,-2.5973634857973025,-2.3790417507115027,-0.21832173508579977,60.37310747225966,28.528358032602696,NVDA
2025-12-22,183.6800537109375,184.15002947616998,182.34012994783166,183.91003698180788,129064400,62.232766401541475,52.435640091551456,50.79296525151294,179.90726013183593,185.6444219970703,182.38447814941406,157.89137462615966,179.0407932427015,180.70326540358238,182.10221012326187,182.2712992489404,179.25536953992446,184.74273603387923,179.64600062191164,174.54926520994405,67486305800,-1.998424369300551,-2.302918274429312,0.3044939051287612,75.63591429629629,52.55320885171142,NVDA
2025-12-23,189.19976806640625,189.31975669034466,182.89009670029142,182.96010023623109,174873600,71.05626967341381,57.61767806215606,54.11724281269933,180.24075012207032,185.66243072509766,182.53956451416016,158.30264865875245,181.29834320352478,181.47567473656636,182.5077848628701,182.5187445638499,179.47635617384626,184.8935504235325,180.0443896835109,175.19522894348927,67661179400,-1.0660769149788223,-2.0555500025392144,0.9894730875603921,99.36911088199051,78.45937755018214,NVDA
2025-12-24,188.59979248046875,188.899779295176,186.57989753660073,187.92983057380172,65528500,68.95496211937882,56.89211911297307,53.704949278464575,180.7807159423828,185.8342221069336,182.62586151123048,158.70202571868896,182.92088748729012,182.12332180419386,182.85589958387573,182.7359248465863,179.6790992028823,185.01277195956933,180.38738988960563,175.76200781964195,67595650900,-0.37131753836303005,-1.7187035097039776,1.3473859713409475,96.21449458741883,90.40650658856852,NVDA
2025-12-26,190.51968383789062,192.67957056140054,187.98982202804387,189.9097162518428,139740300,72.12082078390897,58.68500406962396,54.85554694303324,181.29468994140626,186.04841064453126,182.74875457763673,159.07606044769287,184.60950889853467,182.88662744362085,183.29383011267657,183.0139162391329,179.92000108366025,185.55180157851063,181.11305314562878,176.6743047127469,67735391200,0.3303948739748819,-1.3088838329682058,1.6392787069430876,90.348507967829,95.31070447907943,NVDA
2025-12-29,188.20980834960938,188.749772392931,185.8999358866866,187.6998414610299,120006100,62.865251271456984,55.684287239035854,53.192678634279204,181.85615234375,186.17680603027344,182.83695083618164,159.43934562683106,185.40957544321793,183.37055298052888,183.574743154787,183.19948381450706,180.10421902290358,185.80656359829982,181.45446511523096,177.10236663216207,67615385100,0.692140800542262,-0.9086789062661124,1.6008197068083745,80.02678848699193,88.86326368074657,NVDA
2025-12-30,187.52984619140625,188.9797799436452,186.91987858592935,188.22982052336855,97687300,60.13893858515043,54.79605199584385,52.701026745483134,182.23763198852538,186.26340515136718,182.90484954833985,159.76878818511963,185.8807467205931,183.74867054515408,183.8007490425938,183.35413961368204,180.2692329599814,186.25908217923686,181.94173538696836,177.62438859469987,67517697800,0.9134303338020402,-0.5442570582524819,1.4576873920545221,76.98836555460284,82.45455400314125,NVDA
2025-12-31,186.4899139404297,190.54969193131708,186.47991997410415,189.55975523635485,120100500,55.70527364076697,53.3932805155726,51.933525453940895,182.4901237487793,186.3408044433594,182.94305221557616,160.10372856140137,186.0161172138901,183.99787449017913,183.9544156081844,183.46613155392302,180.40747031510247,186.6087581746459,182.41281671200494,178.2168752493639,67397597300,0.9934383032717733,-0.23671798594763088,1.2301562892194042,72.34140989482289,76.45218797880588,NVDA
2026-01-02,188.83978271484375,192.91954841717475,188.24980305842183,189.82971935613102,148240500,63.08485180020582,56.12643292913592,53.53218508321132,182.9535987854004,186.4947979736328,183.0111526489258,160.47091342926026,186.64359843632425,184.43804796514866,184.23357944285067,183.65804766681305,180.5948550350967,186.92590576980282,182.77708986528037,178.62827396075784,67545837800,1.232255294937545,0.05707667022940427,1.1751786247081406,81.96291462465646,77.09756335802739,NVDA
2026-01-05,188.1098175048828,193.61952916959007,186.13992286460274,191.74961996436147,183529700,59.396117537137926,55.046520784357796,52.96014480511024,183.19058532714843,186.65179016113282,183.0609552001953,160.8240009689331,186.96942489600394,184.77184519603355,184.4550787606811,183.8170394467441,180.76185420109195,187.5481059255203,183.2021482775379,178.8561906295555,67362308100,1.3470889862464617,0.31507913343281574,1.0320098528136459,76.3721769054445,76.89216714164128,NVDA
2026-01-06,187.22987365722656,192.15959956375178,186.80989821500853,190.50969495089785,176862600,54.7639811525018,53.705072992346246,52.25640979185744,183.43207244873048,186.75358764648436,183.11765563964843,161.16763999938965,187.02730239849785,184.99530232886926,184.6136384690551,183.9389263828328,180.90558796678383,187.87729383268197,183.49371949802162,179.1101451633613,67185445500,1.3515120102652531,0.5223657087993032,0.8291463014659499,72.59862960736298,76.97790704582131,NVDA
2026-01-07,189.09976196289062,191.35963411085106,186.54989697142676,188.55979791265688,153543200,62.26772821460683,56.15049590099158,53.625417427300164,183.61006240844728,186.81079223632813,183.18875579833986,161.5247774887085,187.4878489683629,185.36843502287118,184.86998838298857,184.12324193926344,181.08768072225288,188.23029002718144,183.7962423545309,179.36219468188037,67338988700,1.4887403752871933,0.7156406420968813,0.773099733190312,80.61745033364794,76.52941894881847,NVDA
2026-01-08,185.0299835205078,189.53974931649188,183.70006889406122,189.09977067708235,172457000,43.445381389543996,49.96434441360273,50.34089674630824,183.61356201171876,186.68201232910155,183.23485549926758,161.84302040100098,186.94165664661733,185.33766670447451,184.87913096227538,184.15562556716503,181.17528745110297,188.27901732520485,183.8335421601518,179.38806699509877,67166531700,1.2546350832449207,0.8234395303264892,0.4311955529184315,60.61436048167354,71.27681347422815,NVDA
2026-01-09,184.84999084472656,186.32990643372668,183.66005283935564,185.06998015284367,131327500,42.75940725726538,49.70353516771326,50.198734817259286,183.66755905151368,186.35885345458985,183.26355804443358,162.16396251678466,186.47684202397494,185.2933325354065,184.87746581270116,184.18042432707793,181.25694752651683,188.30552351044994,183.84719169896664,179.3888598874833,67035204200,1.0425630303489868,0.8672642303309888,0.17529880001799802,49.277002021303716,63.50293761220839,NVDA
2026-01-12,184.92999267578125,187.10986736077922,183.010098425574,183.2100845491025,137968500,43.23743431787001,49.828891496234256,50.26400028596551,183.86804885864257,185.9171078491211,183.3567498779297,162.51994647979737,186.13309772437634,185.26030163907694,184.8804673477343,184.2071946252459,181.33857075205603,188.39694688883927,183.90718875761348,179.41743062638773,67173172700,0.870910564826886,0.8679934972301683,0.002917067596717726,22.960998870876434,44.28412045795122,NVDA
2026-01-13,185.79994201660156,188.0998205983224,183.3900687774691,184.9899882929175,160128900,48.81525080680879,51.251701736279294,50.99411402668097,184.40751953125,185.57575225830078,183.46104080200195,162.8919274520874,186.0590631226486,185.30935985521555,184.93300875738385,184.26407846065146,181.4377123357126,188.69026426544033,184.20003022526782,179.7097961850953,67333301600,0.7958977764083386,0.8535743530658024,-0.05767657665746384,27.120216513188502,33.11940580178954,NVDA
2026-01-14,183.1300811767578,184.45001701406107,180.79021156477043,184.3100252062831,159586100,35.843720941102575,46.859610941678,48.70033571373584,184.75000076293946,185.18899841308593,183.54283248901368,163.25935707092285,185.40817824578397,185.11124361171937,184.8299843242052,184.22357855765526,181.47532053218026,188.7270871606312,184.45303230156463,180.17897744249805,67173715500,0.5150766612050006,0.7858748146936421,-0.27079815348864145,18.23845729026425,22.773224224776385,NVDA
2026-01-15,187.03988647460938,189.6897370464893,186.31992419508657,186.48991316970114,206188600,56.2659493734521,53.18643712969598,52.00551048330667,185.21647567749022,184.79265045166017,183.63362701416017,163.6527841949463,185.77078007441185,185.286574781073,184.95626444708546,184.32416098326078,181.59897755312312,189.25531264201007,184.98221031388482,180.70910798575957,67379904100,0.6010835985671292,0.7489165714683396,-0.14783297290121034,48.71400882219259,31.357560875215103,NVDA
2026-01-16,186.21990966796875,190.4296883714215,186.06992389502736,189.06976141755646,187967200,52.09275180851731,51.79369975646269,51.281093249010475,185.98093338012694,184.5436849975586,183.69802490234375,164.03326347351074,185.87058665075782,185.37142340715442,185.02847274542165,184.39186629342893,181.70166493345303,189.79417122532777,185.48440475116828,181.1746382770088,67191936900,0.5962067404314553,0.7183746052609628,-0.12216786482950748,42.322579192821024,36.42501510175928,NVDA
2026-01-20,178.06036376953125,182.37012791600927,177.60038196777572,181.89014292514364,223345300,27.625681736067847,40.44426192732123,44.79036289080008,186.17742309570312,184.20112060546876,183.6612306213379,164.37159538269043,184.1349815660408,184.70678162191595,184.6302950896565,184.16574120328974,181.6207471298103,190.07240957884684,185.81264055938203,181.55287153991716,66968591600,-0.0653124849397102,0.5616371872208282,-0.6269496721605384,2.8714499964357283,31.302679337149772,NVDA
2026-01-21,183.31008911132812,185.3699752173061,178.3903418724365,179.04031586008543,200381000,46.886066872448346,48.294603665743125,49.121908138789244,186.29391708374024,184.10613525390625,183.6786331176758,164.77926570892333,183.95167213166022,184.57980957549887,184.5548547480377,184.13518220000537,181.6582880627329,190.59524009220647,186.2092862514269,181.8233324106473,67168972600,-0.16407096775165542,0.4164955562263315,-0.5805665239779869,35.64301564633677,26.9456816118645,NVDA
2026-01-22,184.82998657226562,186.15991637882954,183.92003219020145,184.7399951080077,139636600,51.38121053234775,50.33573682745812,50.302090039990226,186.35141372680664,184.04014801025392,183.7255323791504,165.23197673797608,184.14685311846142,184.6025529388413,184.57057656656502,184.1599966418718,181.72877025183365,190.71507467125105,186.46577987053277,182.21648506981452,67308609200,-0.11833071133008843,0.3095303027150475,-0.42786101404513593,45.13102048073491,27.881828707835794,NVDA
2026-01-23,187.6598358154297,189.58973923983262,186.80989099781206,187.48984685190618,142748100,59.11255977552696,53.978492173766824,52.4490857271922,186.2744171142578,183.8127816772461,183.86062026977538,165.68219097137452,184.92751594000993,184.8804877458039,184.74710566650015,184.2849908980703,181.86057170880244,190.98172703726982,186.68624420256666,182.39076136786355,67451357300,0.1445971296096218,0.27654366809396236,-0.13194653848434057,62.79643804330997,47.85682472346054,NVDA
2026-01-26,186.4599151611328,189.1097657209082,185.97994539629804,187.1498802806874,124799600,54.687589036131826,52.22915735858277,51.46351704563055,186.16742324829102,183.6792041015625,184.0177032470703,166.13310398101805,185.26804910025947,185.02407205628833,184.84498049476488,184.36266676460826,181.96277934107644,190.82681411385659,186.6884665013174,182.55011888877823,67326557700,0.2532267290958714,0.2718802802943442,-0.018653551198472784,60.85171222254229,56.25972358219571,NVDA
2026-01-27,188.50979614257812,189.9897117301412,185.6899415183402,187.22986667366473,143711600,60.716010248717026,54.9171282641107,53.03954017030062,186.0669288635254,183.57382537841798,184.1968846130371,166.50413761138915,185.98843733188582,185.34095606413285,185.0543985317828,184.5107785281072,182.10826860333202,190.92284023192786,186.69021221685415,182.4575842017804,67470269300,0.49897288414661034,0.31729880106479746,0.18167408308181288,79.28784254668098,67.64533093751106,NVDA
2026-01-28,191.5096435546875,192.33960048487265,189.82972650403363,191.25965707901594,148552700,68.15590920148803,58.589350110745926,55.26206143465261,186.2319206237793,183.66722869873047,184.39566619873048,166.92396255493165,187.21537204806395,185.90174583600145,185.42326967594877,184.76073799334222,182.31718804669546,190.85855881063748,186.72973434568362,182.60090988072983,67618822000,0.9251268118999576,0.4388644032318295,0.4862624086681281,94.36905742850321,78.16953739924215,NVDA
2026-01-29,192.49957275390625,193.46952146246272,186.04992498376654,191.32963792417547,171764400,70.37747765385517,59.754350137031906,55.98079170513888,186.48040695190429,183.71423797607423,184.65073928833007,167.3319411087036,188.38963887158445,186.5015482830837,185.82762985183206,185.03712494907666,182.54346326241125,191.22155535807025,186.87512327538062,182.52869119269099,67790586400,1.3274340496853938,0.6165783325225425,0.7108557171628513,93.88783047195967,89.1815768157146,NVDA
2026-01-30,191.11965942382812,194.47947816452233,189.45974561417185,191.19965692455457,179489500,63.02289373687185,57.333035732799694,54.700139412444244,186.7118942260742,183.8050408935547,184.87911560058595,167.7341198348999,188.9963101054164,186.92137656860592,186.1300315416604,185.25435832317493,182.73404539933162,191.54709300980747,187.05971658461144,182.57234015941538,67611096900,1.5174260182041337,0.7967478696588608,0.7206781485452729,80.09479475955708,89.45056088667332,NVDA
2026-02-02,185.59996032714844,190.2897090701948,184.87000408758857,187.1898706566695,165794100,41.97011556907896,48.812598823983244,49.92406701940662,186.54990310668944,183.89023834228516,185.02779907226562,168.1012518310547,188.24156571024577,186.80124781938252,186.099741757974,185.26670125188826,182.79773239772754,191.56756835449417,187.01590940427937,182.4642504540646,67445302800,1.2086696437391709,0.8791322244749229,0.32953741926424795,47.393404635697316,73.79200995573801,NVDA
2026-02-03,180.33023071289062,186.25991753048794,176.22045266395375,186.22992037566058,204019600,30.35360817367132,42.34275688407911,45.922025518337314,186.16092376708986,183.76685241699218,185.0580960083008,168.4805760574341,186.48349126638908,186.21297353697415,185.77005541254064,185.09039873263833,182.74289902695338,191.3915465329106,186.58418665375385,181.7768267745971,67241283200,0.5326151971521824,0.8098288190103748,-0.2772136218581924,22.508200390042155,49.99879992843216,NVDA
2026-02-04,174.18057250976562,179.57028010697434,171.90069716024271,179.45029148582987,207014100,21.87496065587146,36.29665247089096,41.83095289206164,185.5084587097168,183.63806060791015,185.02839614868165,168.84414848327637,183.74950932047275,185.119118898137,185.10779924666778,184.70076208182144,182.5526251043492,190.73047050375408,185.9140641178476,181.09765773194115,67034269100,-0.4936978036670041,0.549123494474899,-1.0428212981419032,10.097424431774149,26.666343152504524,NVDA
2026-02-05,171.87069702148438,176.81043194569037,171.020736948564,174.92051964769362,206312900,19.42881953034302,34.314675157041194,40.41703763904579,184.6470054626465,183.49826721191405,184.9690983581543,169.21906608581543,181.1097732540309,183.9147169093504,184.35139340522872,184.2425454725237,182.31524892472999,190.01336693906998,185.17600847466906,180.33865001026817,66827956200,-1.4764265719931586,0.14401348118128748,-1.620440053174446,3.623212622943995,12.07627914825342,NVDA
2026-02-06,185.39996337890625,186.98987361565233,174.59055120100808,176.6804343618602,231346200,54.88637891781411,51.14266496658673,50.63444049821473,184.6655044555664,183.5556671142578,185.04579299926758,169.65173236846923,182.0631488373365,184.04973931567366,184.41131168943886,184.28388182632307,182.3837981348228,190.05685663710264,184.85808935007222,179.6593220630418,67059302400,-1.1502876745399249,-0.11484674996295498,-1.0354409245769698,61.29581420404798,25.00548375292203,NVDA
2026-02-09,190.0297088623047,193.64952333361757,183.9400420976916,184.25002288009932,196387400,61.7912565105978,55.35749439033013,53.48790424346956,184.92449035644532,183.80025177001954,185.1974819946289,170.08845191955567,183.83349550955165,184.59337291082193,184.73236295645975,184.48908993475098,182.55370726210015,190.38953719270643,185.00649367646196,179.62345016021746,67255689800,-0.5123326288619978,-0.19434392574276355,-0.3179887031192343,81.03150863358945,48.65017848686046,NVDA
2026-02-10,188.52978515625,192.46957427391544,188.10980972728564,191.36964298604585,136764800,58.32096244703433,53.73999333404889,52.460832732041204,185.10447998046874,183.96604339599608,185.3800668334961,170.49907623291017,184.87711543104018,184.9512285694972,184.94935851073348,184.63340047837596,182.68650899308125,190.6965046831258,185.23298921677375,179.7694737504217,67118925000,-0.12632378468151728,-0.1807398975305143,0.05441611284899703,74.6376288757347,72.32165057112404,NVDA
2026-02-11,190.0397186279297,193.24953637655122,188.75978911487715,192.43958265041238,144192700,60.96896961624252,55.16036989292147,53.402508590881574,185.31646881103515,184.2272265625,185.51825744628906,170.89435554504394,186.02436058590453,185.41381857480923,185.24023623171612,184.82648326943146,182.84991365163344,190.98490183608814,185.5028159732376,180.02073011038703,67263117700,0.297994917584532,-0.08499293450750506,0.38298785209203706,81.07417829575441,78.91443860169284,NVDA
2026-02-12,186.9298858642578,193.5995230748733,186.49990120030046,193.01955263160718,189932500,52.694712988036635,51.6433402005956,51.217985029966236,185.50645904541017,184.3678192138672,185.62105041503906,171.28548305511475,186.2255884255386,185.55164287385,185.33678763928995,184.90160479067526,182.94057970080286,191.2533000727262,185.65741087398425,180.06152167524226,67073185200,0.3789645645076405,0.007798565295524057,0.37116599921211646,67.81757285796415,74.50979334315106,NVDA
2026-02-13,182.80010986328125,187.4898586352177,181.58017462912434,187.4698554447334,161888000,43.324944619291934,47.327762113706264,48.465515454506885,185.29447021484376,184.39501983642577,185.61315307617187,171.65451202392578,185.4643709672592,185.30150350925283,185.19183462351802,184.8265514004112,182.93745814885793,191.4159900575269,185.71296378465144,180.009937511776,66911297200,0.10864281698195555,0.027967415632810355,0.08067540134914519,50.213149999302026,66.36830038434017,NVDA
2026-02-17,184.95999145507812,187.13986615921206,179.17029624003743,181.74016448672575,162276900,49.01467511060931,49.69542709970224,49.93657153096134,185.23147430419922,184.5028140258789,185.6786489868164,172.03484031677246,185.352286631219,185.2704569588733,185.1785864424643,184.8313171166493,182.98240333344057,191.4480516026294,185.52598927890767,179.60392695518595,67073574100,0.06791242590739444,0.03595641768772717,0.031956008219667265,59.420300425291494,59.150341094185876,NVDA
2026-02-18,187.96981811523438,190.3596881055438,186.7498829478333,188.73978069812654,164749100,56.343602587808746,52.87443273004211,51.93539025497058,185.72694702148436,184.59480865478517,185.78884155273437,172.41677089691163,185.9339602943335,185.5158534276334,185.338085395194,184.94340643802735,183.09323477303596,191.4497974641872,185.56344748897422,179.67709751376128,67238323200,0.275327352503524,0.08383060465088654,0.19149674785263748,72.2505995127325,60.628016645775325,NVDA
2026-02-19,187.88983154296875,188.41980165789556,185.64996245587088,187.04988063530703,126554500,56.08649765942054,52.778976324173705,51.87784420768207,185.9559341430664,184.7046026611328,185.8910348510742,172.7838549041748,186.3685983495858,185.7316696199366,185.48389946078115,185.04863590606098,183.1998258123678,191.7343847937871,185.94326847315548,180.15215215252388,67111768700,0.42831359575276906,0.15272720287126307,0.275586392881506,71.90963248671318,67.86017747491238,NVDA
2026-02-20,189.8097381591797,190.31970507557438,185.92994318264132,186.5599139825128,178422300,61.18777146747967,54.88437357598202,53.17967545965583,186.2049217224121,184.78999816894532,186.00742782592772,173.1639376449585,187.1332960850511,186.10240312350413,185.73109024354676,185.2186752722438,183.34671275340807,191.91246996617625,186.2446808575416,180.57689174890697,67290191000,0.6964484896685406,0.2614714602307186,0.43497702943782196,83.03141357605426,75.73054852516664,NVDA
2026-02-23,191.53964233398438,193.93950641757905,189.56974766836524,191.3896412925324,171584800,65.51875634937593,56.755306023899,54.34316508857643,186.39891204833984,184.92159118652344,186.10452377319336,173.55406955718993,188.1124841403696,186.59669759718415,186.06300750585746,185.4444240958774,183.52877785519863,192.33355861634112,186.56434690958338,180.79513520282563,67461775800,1.0365870046619818,0.41649456911697125,0.6200924355450106,89.52882663775135,81.48995756683958,NVDA
2026-02-24,192.83956909179688,193.75951747058733,187.38985183856119,191.47964208446245,175123600,68.67115118565846,58.15944492880536,55.217422207801334,186.71789474487304,185.1029815673828,186.16732437133788,173.93310527801515,189.162947462909,187.16423136942169,186.45023959648256,185.70853641716022,183.735684327123,192.6621129737679,186.72195758177182,180.7818021897757,67636899400,1.3949621978907487,0.6121880948717268,0.782774103019022,95.20071386350286,89.25365135910279,NVDA
2026-02-25,195.54940795898438,197.61930319203404,193.77949953248776,194.43946745531196,250637100,74.50241362994294,61.00212176700976,57.01139744109266,187.06987533569335,185.39556579589845,186.25062393188477,174.32414054870605,190.58216090648128,187.92652015029103,186.97019207433982,186.0599961150825,183.99821151894216,193.09907383741833,187.12510971518716,181.151145592956,67887536500,1.876012960362516,0.8649530679698847,1.0110598923926313,92.21801951991368,92.31585334038927,NVDA
2026-02-26,184.87998962402344,194.27947461393586,184.31002841741252,194.25948668244985,360807900,39.64115884220507,47.35898094700957,48.94119618739289,186.73839263916017,185.59295501708985,186.21073120117188,174.66542789459228,189.31501173260176,187.64956282972125,186.85075193432175,186.0178530261161,184.01780658794397,193.35763052342594,187.1136818304937,180.86973313756147,67526728600,1.3804038277681627,0.9680432199295403,0.4123606078386224,44.68083388550553,77.366522422974,NVDA
2026-02-27,177.180419921875,182.5801217841234,176.3704661683341,181.2401979138715,311636500,28.210141303116487,40.34630758510177,44.21881887936096,185.9724349975586,185.61095428466797,186.1065412902832,174.93647483825683,186.61843577466246,186.69782256537158,186.2981615336105,185.70223041525034,183.86586466203133,192.93781119383212,186.5176824230451,180.0975536522581,67215092100,0.3621642880682714,0.8468674335572866,-0.48470314548901516,3.811755686381857,46.90353636393368,NVDA
2026-03-02,182.47012329101562,183.45008125730604,174.63055110847353,175.00052620838028,209095300,41.99879015432525,46.23636383792355,47.83410586845716,185.53995819091796,185.7061489868164,186.076046295166,175.1993285369873,185.6965885560743,186.31348626770284,186.07941649117652,185.58679801795623,183.83484818711986,192.50497845521417,186.01818617632543,179.5313938974367,67424187400,-0.017758322284493033,0.6739422823889307,-0.6917006046734238,34.10177357190369,27.531454381263682,NVDA
2026-03-03,180.04025268554688,180.8901975001603,176.91041730394699,178.4803396065267,178099400,37.97789643691854,44.08313070634882,46.39020187178758,185.2619728088379,185.88833892822265,186.02625198364257,175.4229892730713,184.43962502929043,185.74319230568864,185.73432141656912,185.38870711322733,183.75052384264046,191.86469476036845,185.4274240221529,178.9901532839374,67246088000,-0.5090519448229429,0.437343436946556,-0.9463953817694989,23.53194970048801,20.481826319591175,NVDA
2026-03-04,183.03009033203125,184.69000418349444,180.0502558302461,180.4302401537762,177731200,45.659550497206595,47.33320588057818,48.39407330065514,185.39696578979493,186.06632934570314,185.9656605529785,175.66414855957032,184.12639509656614,185.49654667171978,185.57979392602408,185.30447079961317,183.73451420907136,191.62137423612663,185.2212442897853,178.82111434344395,67423819200,-0.6496618716526257,0.21994237522671964,-0.8696042468793453,36.537604098851105,31.390442457080923,NVDA
2026-03-05,183.330078125,184.05004039552568,177.87038204113773,181.1601973472636,198779700,46.45798661513968,47.66191296461211,48.59562519986229,185.85444107055665,186.1133267211914,185.87347274780274,175.9039584350586,183.94943576955146,185.29959498565435,185.45123873739414,185.23395677551986,183.72552674053645,191.4763024919662,185.25997285572706,179.0436432194879,67622598900,-0.7284921399957227,0.03025547218223118,-0.758747612177954,37.84253701508049,32.637363604806524,NVDA
2026-03-06,177.8103790283203,182.7500987288974,176.81043317462274,179.83025866705609,189021900,35.07793893282694,42.41624386655586,45.1998329067031,186.15142517089845,185.99593322753907,185.8201776123047,176.1153200531006,182.58520093816674,184.61875717135126,185.0146181825899,184.96882899883417,183.5940790135983,191.57994707891044,185.4459944613597,179.312041843809,67433577000,-1.2222697181763635,-0.2202495658894878,-1.0020201522868757,13.832103231565638,29.40408144849906,NVDA
2026-03-09,182.64010620117188,182.90010189125664,175.55049367782217,176.82042919903367,177213600,48.35982727643262,47.82710329084762,48.492349948814386,186.01343231201173,185.86473999023437,185.76358535766602,176.3567788696289,182.59740210772344,184.43887981042585,184.87893178365172,184.8856603274891,183.5728796177666,191.9937339916634,185.78549979238372,179.57726559310404,67610790600,-1.2099261121567793,-0.4181848751429461,-0.7917412370138331,34.8411913077529,28.838610518132995,NVDA
2026-03-10,184.760009765625,186.42991760168223,182.00014929336922,182.39012758732315,179118500,53.38308862934784,50.04589059162445,49.874339993756564,185.74994735717775,185.7879443359375,185.81108322143555,176.62173416137696,183.0779815872571,184.46807344271667,184.87213623976447,184.88117280742253,183.599260287719,191.7127978987446,185.8840662759569,180.05533465316918,67789909100,-1.0173577477445122,-0.5380194496632593,-0.47933829808125283,44.06267299909312,30.911989179470538,NVDA
2026-03-11,186.02999877929688,187.6199951171875,184.4499969482422,185.91000366210938,145280400,56.42994053716598,51.379888696282315,50.70274915504675,185.62495803833008,185.69815063476562,185.87328063964844,176.887890625,183.7339854077104,184.61006665513304,184.93829981345203,184.92220230641806,183.65327669864294,191.25029420589016,185.73296653867297,180.21563887145575,67935189500,-0.7535816121685457,-0.5811318821643165,-0.17244973000422914,49.58706601118731,42.8303101060111,NVDA
2026-03-12,183.13999938964844,184.94000244140625,181.75,184.0500030517578,155762700,47.883708810126336,48.223945334203634,48.78465054916377,185.27997207641602,185.5967544555664,185.8867802429199,177.14729530334472,183.60198851480774,184.4764241764526,184.83553978923467,184.85855220224772,183.64187053622084,190.88857271950815,185.42694800968255,179.96532329985695,67779426800,-0.7688728348981613,-0.6186800727110855,-0.15019276218707578,37.015703376348576,43.55514746220965,NVDA
2026-03-13,180.25,186.08999633789062,179.94000244140625,184.9199981689453,160988400,40.51972525917175,45.231916889476985,46.92863134563066,184.94597778320312,185.4511575317383,185.85728134155272,177.37120498657225,182.8571021781838,184.0922037967751,184.57350894413557,184.69396105216745,183.56649563541592,190.5585996173553,185.0179155439673,179.47723147057928,67618438400,-1.0026323158702724,-0.6954705213429229,-0.3071617945273495,24.444340741509837,37.01570337634856,NVDA
2026-03-16,183.22000122070312,188.8800048828125,181.41000366210938,182.97000122070312,217307400,50.00209633898462,48.751018286219086,49.012761281596866,184.96697235107422,185.38575927734374,185.86328186035155,177.61341377258302,182.93774640985475,184.01291265349582,184.4961656456537,184.64131962961517,183.5587957595334,190.36164465965027,184.80332347454177,179.2450022894333,67835745800,-0.9374280247709805,-0.7438620220285344,-0.19356600274244617,37.36370761235013,32.94125057673617,NVDA
2026-03-17,181.92999267578125,185.39999389648438,181.67999267578125,185.05999755859375,182497800,46.16604951812537,47.32853254661874,48.15406696051529,184.8154724121094,185.2475634765625,185.87118072509764,177.82727767944337,182.7138011356162,183.8235562918854,184.3495271902324,184.5444865241211,183.52260013545,190.21197462416222,184.75792404788186,179.30387347160143,67653248000,-0.9785657658149489,-0.7908027707858173,-0.18776299502913163,37.149320497270516,32.98578961704348,NVDA
2026-03-18,180.39999389648438,183.3800048828125,180.3300018310547,182.47999572753906,156683100,41.62147813251318,45.62802304572215,47.13022578136516,184.43698120117188,185.09336700439454,185.87257858276368,178.05378677368165,182.19962174914247,183.51232334684894,184.1238395734468,184.39646893027694,183.4532088856952,189.86405630914277,184.644270821787,179.4244853344312,67496564900,-1.1216956277640975,-0.8569813421814734,-0.2647142855826241,40.488869814790434,38.33396597480368,NVDA
2026-03-19,178.55999755859375,179.97999572753906,175.7899932861328,178.00999450683594,170968500,36.44415551606841,43.59919583805196,45.90314517140738,183.97048950195312,184.91996948242186,185.8367785644531,178.25984855651856,181.39081637346496,183.06211191155302,183.8059057440266,184.1880235241454,183.34447085620405,189.40359899572596,184.15618506628942,178.9087711368529,67325596400,-1.3678318869831685,-0.9591514511418124,-0.40868043584135605,27.576119845355333,35.071436719138745,NVDA
2026-03-20,172.6999969482422,178.25999450683594,171.72000122070312,178.0,241323500,24.7013775178513,37.83000168430096,42.24132538181976,183.11500244140626,184.5919741821289,185.7013832092285,178.41741493225098,179.4595231678599,182.12010146034294,183.1712823842675,183.7777368607203,183.10792699158267,188.95964438098582,183.53269930468701,178.10575422838818,67084272900,-2.01255029389813,-1.169831219693076,-0.8427190742050539,5.710929594397287,24.59197308484767,NVDA
2026-03-23,175.63999938964844,178.3699951171875,174.75999450683594,177.25999450683594,182836300,36.93517837618435,41.97822741843588,44.56098988246378,182.32002029418945,184.40417449951173,185.54309341430664,178.58618209838866,178.61074010603514,181.53100127209797,182.74092335600355,183.4871033796106,182.941973044873,188.3306176944546,182.94080410780248,177.55099052115042,67267109200,-2.2602063975068063,-1.3879062552558221,-0.8723001422509842,22.843807298252354,18.710285579334975,NVDA
2026-03-24,175.1999969482422,176.22000122070312,173.97999572753906,174.8300018310547,147667800,35.88801966258532,41.53159299371927,44.282727263835255,181.43804168701172,184.21117462158202,185.28501403808593,178.7623969268799,177.85279718208113,180.9554554244747,182.31001327556004,183.191135292776,182.76992913161456,187.4411230549055,182.15272628997005,176.8643295250346,67119441400,-2.463581529306623,-1.6030413100659824,-0.8605402192406406,20.279691054047756,16.278142648899117,NVDA
2026-03-25,178.67999267578125,181.22000122070312,176.85000610351562,177.10000610351562,162602100,49.481425130027176,46.38988017858942,47.018338575020266,180.59457092285157,184.08617462158202,185.00164123535157,178.94736389160155,178.03661840290337,180.7485951745935,182.10258352700123,183.03002305645478,182.67904165481826,186.7548063891045,181.56163202963756,176.36845767017064,67282043500,-2.3172395200662663,-1.7458809520660392,-0.5713585680002271,40.55938210809551,27.894293486798528,NVDA
2026-03-26,171.24000549316406,176.50999450683594,171.13999938964844,176.07000732421875,186152200,32.04846763950677,38.94019091204205,42.36880500845865,179.9125717163086,183.79497589111327,184.68536407470702,179.0905818939209,176.52625997851686,179.88417793082718,181.48186478221055,182.60895100062297,182.42484085122595,185.7473835808357,180.4813429614811,175.2153023421265,67095891300,-2.7696800627782636,-1.9506407742084841,-0.8190392885697795,0.5637320887761922,20.46760175030647,NVDA
2026-03-27,167.52000427246094,170.97000122070312,167.00999450683594,170.0,196212700,26.455981769433123,35.840985060724975,40.28634793509632,179.4295509338379,183.48277435302734,184.33588638305665,179.2085514831543,174.52486982161554,178.76016214370296,180.68404418165343,182.07006004604574,182.09362226058673,184.5410691188779,179.5611922844117,174.5813154499455,66899678600,-3.3893452000271793,-2.238381659372223,-1.1509635406549563,2.332005137890688,14.485039778254114,NVDA
2026-03-30,165.1699981689453,169.4499969482422,164.27000427246094,168.77999877929688,185627000,23.365162657353622,34.000033815159455,39.019731320721895,178.56454467773438,183.04537658691407,183.91901351928712,179.32037017822265,172.44600945435548,177.52469269145226,179.79752726664154,181.4664864075779,181.7175417252169,183.9009104315016,178.9700651656072,174.0392198997128,66714051600,-4.023677686755917,-2.595440864848962,-1.428236821906955,3.657025088027896,2.1842541048982445,NVDA
2026-03-31,174.39999389648438,174.6199951171875,166.9600067138672,166.97000122070312,226181300,50.578402188446006,45.779888859337284,45.992126926140706,178.28253173828125,182.80897827148436,183.6763316345215,179.46749061584472,172.88022821927302,177.240629164637,179.48909678834684,181.21411167503885,181.55492955124507,183.45568209553662,178.58005310323804,173.70442411093947,66940232900,-3.738511996534527,-2.824055091186075,-0.9144569053484517,41.16208603327917,15.717038753065902,NVDA
2026-04-01,175.75,177.3699951171875,174.75,176.0,168132000,53.47793775602287,47.262524664327614,46.92015627235398,177.91852722167968,182.76277099609376,183.48194580078126,179.63650863647462,173.51795528165678,177.10511742239726,179.27543411472703,181.01896482950175,181.42593111677297,183.23266260967085,178.4217852878021,173.6109079659333,67108364900,-3.3647946640687962,-2.932203005762619,-0.4325916583061771,46.64768566771306,30.488932263006692,NVDA
2026-04-02,177.38999938964844,177.49000549316406,171.3699951171875,172.17999267578125,143143200,57.14332086617579,49.08399069153696,48.05378707105856,177.62152328491212,182.64436920166017,183.3752522277832,179.80012886047362,174.37840952787712,177.13101578305645,179.1676949875797,180.88935892093556,181.33624374505908,182.96155841478853,178.08019242517076,173.19882643555303,67251508100,-2.902824783742602,-2.9263273613586156,0.023502577616013376,53.31164076310064,47.04047082136427,NVDA
2026-04-06,177.63999938964844,177.7899932861328,175.75999450683594,177.16000366210938,107564300,57.752215192023115,49.371056593713995,48.22999347899238,177.6130043029785,182.50056945800782,183.27035873413087,179.96784866333007,175.10320727493743,177.17728702001935,179.08039809626933,180.77331036624673,181.2541049816055,182.54077282583108,177.85700967312243,173.17324652041378,67359072400,-2.487858925552615,-2.8386336741974154,0.3507747486448003,63.27497246845155,54.411432966421735,NVDA
2026-04-07,178.10000610351562,178.22999572753906,173.66000366210938,175.72999572753906,132534900,59.037258699844124,49.930440373747395,48.56561567067675,177.3859992980957,182.30937286376954,183.0610772705078,180.13106964111327,175.769162570177,177.26117057306448,179.0243756966834,180.67783521400634,181.18401389542572,182.3583930495579,177.7398524439371,173.1213118383163,67491607300,-2.0976958637499763,-2.690446112107928,0.5927502483579516,72.37049392642724,62.985702385993136,NVDA
2026-04-08,182.0800018310547,185.25999450683594,180.3000030517578,184.5,147732700,68.86859053051715,54.60384314915649,51.414672888021244,177.2519989013672,182.22177459716798,182.95048934936523,180.3223391723633,177.1715712948165,177.69924614197265,179.19898290436174,180.72791259318663,181.2039247384397,182.34855888042023,177.84380954900692,173.33906021759353,67639340000,-1.4506146505823665,-2.442479819802816,0.9918651692204494,84.84995638266938,73.49847425918271,NVDA
2026-04-09,183.91000366210938,184.0800018310547,180.6199951171875,181.83999633789062,116428500,72.50910221750476,56.60928400675481,52.67479943900954,177.1459991455078,182.1297787475586,182.85180206298827,180.52115898132325,178.66900070977047,178.26386046198508,179.46818409051875,180.84155870279102,181.26405982563233,182.22968013702877,177.77110992916045,173.31253972129215,67755768500,-0.781127916984218,-2.1102094392390964,1.3290815222548784,93.56840651352137,83.59628560753931,NVDA
2026-04-10,188.6300048828125,190.0,184.3000030517578,184.30999755859375,160459500,79.81488439615312,61.3516687779575,55.7682214787114,177.420499420166,182.07218597412108,182.8697073364258,180.72493202209472,180.8825571926687,179.20623722751483,179.99171670722123,181.11971749493463,181.42774749356965,182.42682320731026,177.8477768670945,173.26873052687873,67916228000,0.12882478269415287,-1.6624025948524468,1.7912273775465997,94.67549419092526,91.03128569570532,NVDA
2026-04-13,189.30999755859375,189.66000366210938,185.74000549316406,186.02999877929688,133648200,80.70151825088286,61.99609762378634,56.199436311456715,177.8734992980957,182.00839447021485,182.86131622314454,180.90006019592286,182.75532171842983,180.12476089397654,180.52418989872822,181.41222749720816,181.60290860612574,182.69777546231708,178.08396742078992,173.47015937926275,68049876200,0.8945270282857791,-1.1510166702248017,2.045543698510581,97.31829554612894,95.18739875019185,NVDA
2026-04-14,196.50999450683594,196.50999450683594,190.77000427246094,190.83999633789062,161307000,87.61419890209547,68.06751046517626,60.465867406159106,178.53799896240236,182.116201171875,182.96062103271484,181.10763900756837,185.81191567140897,181.61432758605466,181.43766444776296,181.95143346183775,181.9341771816971,183.27364821661087,178.67936415899368,174.0850801013765,68211183200,2.0586008857653724,-0.5090931590267669,2.5676940447921393,100.0,97.33126324568472,NVDA
2026-04-15,198.8699951171875,200.39999389648438,195.74000549316406,196.5399932861328,185338400,89.14375075685038,69.77215282085179,61.74284325806566,179.38499908447267,182.38160186767578,183.13592010498047,181.3133699798584,188.7137111038042,183.18302463433946,182.43379762887292,182.5556678066717,182.31052869137466,183.79856799897692,179.33809407552084,174.87762015206474,68396521600,3.1354268810749772,0.21981084899358194,2.9156160320813953,95.76529416360653,97.69452990324514,NVDA
2026-04-16,198.35000610351562,199.85000610351562,195.80999755859375,197.42999267578125,134012900,86.32510487616933,68.89941704321234,61.286843166571984,180.28249969482422,182.74199737548827,183.25442489624024,181.51530120849608,190.85510999262897,184.5618411315373,183.34329525599537,183.11975131727326,182.66696152275554,184.52809264167908,180.05238027421254,175.57666790674605,68262508700,3.9018820058699077,0.9562250803688471,2.9456569255010607,94.3260769950355,96.69712371954733,NVDA
2026-04-17,201.67999267578125,201.6999969482422,199.27000427246094,199.89999389648438,160324400,88.99834116133084,71.3692437062186,63.11086585515182,181.4384994506836,183.2919857788086,183.46502319335937,181.75732849121093,193.26063947777394,186.11803672646855,184.39110653712598,183.78261708007713,183.0894733261561,185.42777458069818,180.98158651684957,176.535398453001,68422833100,4.723555097945592,1.7096910838841963,3.013864014061396,99.94655549993233,96.67930888619144,NVDA
2026-04-20,202.05999755859375,202.1699981689453,197.83999633789062,199.97999572753906,119381400,89.28517241492533,71.64596601901069,63.317065337839985,182.90649948120117,183.8957717895508,183.6970195007324,181.98150917053223,195.2160523846228,187.56730589302538,185.40075745263843,184.43538066859557,183.51104053132138,186.50967940073164,182.05682469928075,177.60396999782986,68542214500,5.343800159620173,2.436512899031392,2.907287260588781,99.68758694391646,97.9867398129614,NVDA
2026-04-21,199.8800048828125,202.75,199.0,202.1300048828125,107945300,75.69877662518907,67.60890072145683,61.26325566549896,184.11849975585938,184.1853726196289,183.87051986694337,182.18434158325195,196.2524862731094,188.68664216482418,186.22814302007697,184.9869743905319,183.87479529468783,187.62999737451946,183.30999949621776,178.99000161791605,68434269200,5.594946588110645,3.068199636847243,2.526746951263402,90.85406414720012,96.8294021970163,NVDA
2026-04-22,202.5,202.5,199.0,200.99000549316406,107501000,80.07211286324629,69.81060304123952,62.78018124152479,185.48349990844727,184.43477844238282,184.11751510620118,182.4057730102539,197.64082265686287,189.94240196802198,187.1579634189297,185.61243959087005,184.28868873258364,188.81888640873018,184.5041266547309,180.18936690073164,68541770200,5.936956117351912,3.641950932948177,2.2950051844037347,99.20331433684088,96.58165514265245,NVDA
2026-04-23,199.63999938964844,203.8300018310547,197.22000122070312,202.4600067138672,113561800,64.79694043840871,64.64503138193737,60.09454607715323,186.53150024414063,184.65698272705077,184.31151306152344,182.6041059112549,198.08508415303743,190.82400173362439,187.8712226172565,186.11342386939788,184.62982896940727,190.22206091502355,185.69920615544396,181.17635139586432,68428208400,5.909106484822274,4.095382043322997,1.8137244414992777,86.11202288464466,92.0564671228952,NVDA
2026-04-24,208.27000427246094,210.9499969482422,199.80999755859375,199.9600067138672,214134400,79.17922516093682,71.49829503902274,64.83947654280425,188.38300018310548,185.0215884399414,184.6244075012207,182.8311912536621,200.34839973513155,192.4100019644277,189.03686728326818,186.90473031236442,185.15516619836401,191.85047379751055,187.00523788209946,182.16000196668838,68642342800,6.5083801652604905,4.577981667710496,1.9303984975499944,92.81310496567488,92.70948072905345,NVDA
2026-04-27,216.61000061035156,216.8300018310547,207.3800048828125,209.64999389648438,187172400,85.87260660134568,76.28291819288201,68.6103661663569,190.8375,185.6151907348633,184.99150497436523,183.09387756347655,203.9620888185138,194.61000184132985,190.61247490195865,187.96563282300684,185.8541625186304,193.98015655033174,188.94063483344183,183.90111311655195,68829515200,7.569025860190408,5.176190506206479,2.392835353983929,99.39775190787083,92.7742932527301,NVDA
2026-04-28,213.1699981689453,214.72999572753906,208.1999969482422,209.49000549316406,180275400,74.08435659281449,70.98935953680198,65.57757913256746,193.2375,186.22258850097657,185.30880416870116,183.33526458740235,206.00829089638745,196.29727423474944,191.90147623150074,188.86578872821892,186.4611810886374,196.1755528525701,191.01365056113593,185.85174826970177,68649239800,8.039343222884412,5.748821049542065,2.290522173342347,89.8922867067359,94.03438119342718,NVDA
2026-04-29,209.25,212.72000122070312,207.5800018310547,212.6999969482422,123711800,62.37544087736452,65.41837468239675,62.296992385326156,194.9800003051758,186.708388671875,185.60560134887695,183.5613008880615,206.72867069719024,197.47479475886314,192.89282044684356,189.59379627363967,186.96759928666768,198.24761672247024,193.08761887323288,187.92762102399553,68525528000,8.003502633479371,6.199757366329527,1.8037452671498446,76.6984257131948,88.66282144260049,NVDA
2026-04-30,199.57000732421875,210.3000030517578,198.6999969482422,209.92999267578125,225239200,42.48026464176469,54.12313368325545,55.17163982401476,196.1710006713867,186.9403924560547,185.76760055541993,183.70579277038576,205.13785661430768,197.6652686284409,193.27437398269356,189.95008952544606,187.24765279861325,199.90491933671257,194.5573015969897,189.20968385726687,68300288800,7.112021244470327,6.382210141957687,0.7298111025126399,44.48376796429374,70.3581601280748,NVDA
2026-05-01,198.4499969482422,203.0,197.1199951171875,201.27999877929688,128257500,40.67878086907164,52.98323584282174,54.418735319915776,197.2240005493164,187.15159576416016,185.9280992126465,183.84133514404297,203.65166557740426,197.73660756660465,193.5701238664392,190.25365764768878,187.4965937797161,201.18238007076204,195.67952377077134,190.17666747078061,68172031300,6.2431729325538186,6.354402700076913,-0.11122976752309466,29.470427456922902,50.21754037813713,NVDA
